arm,step,tokens_seen,word,klass,pair_id,surprisal_bits,n
C,31,1015808,acquire,Latinate,1,30.7974,18
C,31,1015808,additional,Latinate,48,17.7031,30
C,31,1015808,allow,Latinate,14,13.9762,30
C,31,1015808,ancient,Latinate,49,15.2872,30
C,31,1015808,answer,Germanic,17,13.4203,30
C,31,1015808,ask,Germanic,15,11.6707,30
C,31,1015808,assist,Latinate,8,16.7602,30
C,31,1015808,assistance,Latinate,37,17.4998,30
C,31,1015808,attempt,Latinate,7,14.8050,30
C,31,1015808,baby,Germanic,31,11.9395,30
C,31,1015808,before,Germanic,64,10.2947,30
C,31,1015808,beverage,Latinate,32,34.3311,11
C,31,1015808,build,Germanic,9,14.8608,30
C,31,1015808,but,Germanic,60,8.8920,30
C,31,1015808,buy,Germanic,11,13.6699,30
C,31,1015808,choose,Germanic,21,14.5136,30
C,31,1015808,commence,Latinate,25,28.6443,14
C,31,1015808,comprehend,Latinate,0,46.1024,19
C,31,1015808,conceal,Latinate,19,27.2338,30
C,31,1015808,conclude,Latinate,24,34.6026,15
C,31,1015808,construct,Latinate,9,29.3045,18
C,31,1015808,currently,Latinate,66,14.2347,30
C,31,1015808,demonstrate,Latinate,10,29.9546,30
C,31,1015808,depart,Latinate,12,16.0881,30
C,31,1015808,desire,Latinate,4,14.4629,30
C,31,1015808,difficult,Latinate,43,14.1966,30
C,31,1015808,discover,Latinate,20,14.8830,30
C,31,1015808,do,Germanic,30,9.9031,30
C,31,1015808,drink,Germanic,32,12.8166,30
C,31,1015808,earlier,Germanic,50,14.0787,30
C,31,1015808,end,Germanic,24,11.9385,30
C,31,1015808,enormous,Latinate,38,15.9192,30
C,31,1015808,enough,Germanic,44,12.7050,30
C,31,1015808,entire,Latinate,45,14.7767,30
C,31,1015808,error,Latinate,34,18.1482,30
C,31,1015808,fast,Germanic,42,13.3160,30
C,31,1015808,final,Latinate,59,14.4984,30
C,31,1015808,find,Germanic,20,11.8887,30
C,31,1015808,first,Germanic,52,11.2810,30
C,31,1015808,fortunate,Latinate,54,17.6851,30
C,31,1015808,frequently,Latinate,63,19.5501,30
C,31,1015808,get,Germanic,1,9.7943,30
C,31,1015808,gigantic,Latinate,39,31.1731,30
C,31,1015808,give,Germanic,5,11.9231,30
C,31,1015808,hard,Germanic,43,11.8677,30
C,31,1015808,have,Germanic,23,7.9389,30
C,31,1015808,help,Germanic,8,10.6740,30
C,31,1015808,hide,Germanic,19,14.7945,30
C,31,1015808,home,Germanic,33,10.9311,30
C,31,1015808,however,Latinate,60,14.0021,30
C,31,1015808,huge,Germanic,38,14.0204,30
C,31,1015808,ill,Latinate,57,14.5047,30
C,31,1015808,illness,Latinate,35,16.0261,30
C,31,1015808,immense,Latinate,40,16.8046,30
C,31,1015808,infant,Latinate,31,25.2593,30
C,31,1015808,initial,Latinate,52,16.5678,30
C,31,1015808,inquire,Latinate,16,29.4430,30
C,31,1015808,keep,Germanic,28,11.8445,30
C,31,1015808,last,Germanic,59,11.2433,30
C,31,1015808,leave,Germanic,12,11.4855,30
C,31,1015808,let,Germanic,13,11.3197,30
C,31,1015808,lucky,Germanic,54,14.9781,30
C,31,1015808,maintain,Latinate,29,17.8211,30
C,31,1015808,many,Germanic,46,10.8137,30
C,31,1015808,massive,Latinate,41,17.2005,30
C,31,1015808,maybe,Germanic,62,12.9400,30
C,31,1015808,mend,Germanic,22,22.8432,30
C,31,1015808,mistake,Germanic,34,14.3443,30
C,31,1015808,more,Germanic,48,9.3139,30
C,31,1015808,multiple,Latinate,47,16.6858,30
C,31,1015808,need,Germanic,3,10.7963,30
C,31,1015808,next,Germanic,53,11.7597,30
C,31,1015808,now,Germanic,66,10.1342,30
C,31,1015808,numerous,Latinate,46,16.9298,30
C,31,1015808,observe,Latinate,26,31.1891,30
C,31,1015808,obtain,Latinate,2,17.2850,30
C,31,1015808,occasionally,Latinate,65,15.9555,30
C,31,1015808,odd,Germanic,55,16.6945,30
C,31,1015808,often,Germanic,63,12.6412,30
C,31,1015808,old,Germanic,49,10.8684,30
C,31,1015808,peculiar,Latinate,56,17.1487,30
C,31,1015808,perform,Latinate,30,15.3695,30
C,31,1015808,perhaps,Latinate,62,13.4734,30
C,31,1015808,permit,Latinate,13,18.3405,30
C,31,1015808,possess,Latinate,23,16.3988,30
C,31,1015808,previous,Latinate,50,16.5912,30
C,31,1015808,previously,Latinate,64,15.7223,30
C,31,1015808,prior,Latinate,51,17.8555,30
C,31,1015808,provide,Latinate,5,16.2114,30
C,31,1015808,purchase,Latinate,11,18.7791,30
C,31,1015808,rapid,Latinate,42,17.5337,30
C,31,1015808,receive,Latinate,6,16.6760,30
C,31,1015808,remain,Latinate,27,13.9165,30
C,31,1015808,remainder,Latinate,36,30.2586,30
C,31,1015808,repair,Latinate,22,17.6960,30
C,31,1015808,reply,Latinate,17,16.1470,30
C,31,1015808,request,Latinate,15,14.5654,30
C,31,1015808,require,Latinate,3,14.8011,30
C,31,1015808,residence,Latinate,33,17.2357,30
C,31,1015808,respond,Latinate,18,15.4628,30
C,31,1015808,rest,Germanic,36,11.7424,30
C,31,1015808,retain,Latinate,28,17.7125,30
C,31,1015808,safe,Germanic,58,12.7191,30
C,31,1015808,secure,Latinate,58,14.9144,30
C,31,1015808,see,Germanic,26,10.5345,30
C,31,1015808,select,Latinate,21,18.3751,30
C,31,1015808,shall,Latinate,67,12.0010,30
C,31,1015808,show,Germanic,10,12.1473,30
C,31,1015808,sick,Germanic,57,14.6797,30
C,31,1015808,sickness,Germanic,35,17.1825,30
C,31,1015808,so,Germanic,61,8.6612,30
C,31,1015808,sometimes,Germanic,65,13.3217,30
C,31,1015808,start,Germanic,25,13.0422,30
C,31,1015808,stay,Germanic,27,11.7392,30
C,31,1015808,strange,Latinate,55,15.2909,30
C,31,1015808,subsequent,Latinate,53,30.3848,30
C,31,1015808,sufficient,Latinate,44,18.7887,30
C,31,1015808,therefore,Latinate,61,13.8433,30
C,31,1015808,try,Germanic,7,12.4309,30
C,31,1015808,understand,Germanic,0,12.3202,30
C,31,1015808,want,Germanic,4,10.1724,30
C,31,1015808,whole,Germanic,45,11.9400,30
C,31,1015808,will,Germanic,67,10.1287,30
C,61,1998848,acquire,Latinate,1,33.1409,18
C,61,1998848,additional,Latinate,48,17.7878,30
C,61,1998848,allow,Latinate,14,13.2553,30
C,61,1998848,ancient,Latinate,49,14.2867,30
C,61,1998848,answer,Germanic,17,13.4383,30
C,61,1998848,ask,Germanic,15,12.2900,30
C,61,1998848,assist,Latinate,8,16.1609,30
C,61,1998848,assistance,Latinate,37,17.4972,30
C,61,1998848,attempt,Latinate,7,14.2166,30
C,61,1998848,baby,Germanic,31,12.1746,30
C,61,1998848,before,Germanic,64,10.6100,30
C,61,1998848,beverage,Latinate,32,35.8459,11
C,61,1998848,build,Germanic,9,14.3689,30
C,61,1998848,but,Germanic,60,7.2506,30
C,61,1998848,buy,Germanic,11,13.4391,30
C,61,1998848,choose,Germanic,21,14.0630,30
C,61,1998848,commence,Latinate,25,27.3530,14
C,61,1998848,comprehend,Latinate,0,48.5515,19
C,61,1998848,conceal,Latinate,19,27.8905,30
C,61,1998848,conclude,Latinate,24,33.7195,15
C,61,1998848,construct,Latinate,9,31.7890,18
C,61,1998848,currently,Latinate,66,14.8092,30
C,61,1998848,demonstrate,Latinate,10,28.7007,30
C,61,1998848,depart,Latinate,12,16.4990,30
C,61,1998848,desire,Latinate,4,14.6397,30
C,61,1998848,difficult,Latinate,43,14.2002,30
C,61,1998848,discover,Latinate,20,16.5406,30
C,61,1998848,do,Germanic,30,8.4375,30
C,61,1998848,drink,Germanic,32,13.9352,30
C,61,1998848,earlier,Germanic,50,15.1307,30
C,61,1998848,end,Germanic,24,10.4496,30
C,61,1998848,enormous,Latinate,38,15.8985,30
C,61,1998848,enough,Germanic,44,11.5715,30
C,61,1998848,entire,Latinate,45,13.1805,30
C,61,1998848,error,Latinate,34,17.9021,30
C,61,1998848,fast,Germanic,42,13.8070,30
C,61,1998848,final,Latinate,59,12.0335,30
C,61,1998848,find,Germanic,20,11.5566,30
C,61,1998848,first,Germanic,52,11.0092,30
C,61,1998848,fortunate,Latinate,54,19.0572,30
C,61,1998848,frequently,Latinate,63,18.2680,30
C,61,1998848,get,Germanic,1,9.3836,30
C,61,1998848,gigantic,Latinate,39,30.5331,30
C,61,1998848,give,Germanic,5,10.9962,30
C,61,1998848,hard,Germanic,43,12.9033,30
C,61,1998848,have,Germanic,23,7.6543,30
C,61,1998848,help,Germanic,8,11.2004,30
C,61,1998848,hide,Germanic,19,14.6829,30
C,61,1998848,home,Germanic,33,11.6224,30
C,61,1998848,however,Latinate,60,13.2082,30
C,61,1998848,huge,Germanic,38,13.3665,30
C,61,1998848,ill,Latinate,57,15.1876,30
C,61,1998848,illness,Latinate,35,14.2799,30
C,61,1998848,immense,Latinate,40,16.3997,30
C,61,1998848,infant,Latinate,31,25.5866,30
C,61,1998848,initial,Latinate,52,15.8588,30
C,61,1998848,inquire,Latinate,16,28.9749,30
C,61,1998848,keep,Germanic,28,11.4675,30
C,61,1998848,last,Germanic,59,10.4944,30
C,61,1998848,leave,Germanic,12,11.6222,30
C,61,1998848,let,Germanic,13,11.2098,30
C,61,1998848,lucky,Germanic,54,14.5951,30
C,61,1998848,maintain,Latinate,29,18.3366,30
C,61,1998848,many,Germanic,46,10.5055,30
C,61,1998848,massive,Latinate,41,15.7006,30
C,61,1998848,maybe,Germanic,62,14.0118,30
C,61,1998848,mend,Germanic,22,21.6109,30
C,61,1998848,mistake,Germanic,34,15.0553,30
C,61,1998848,more,Germanic,48,9.6041,30
C,61,1998848,multiple,Latinate,47,16.8427,30
C,61,1998848,need,Germanic,3,10.9510,30
C,61,1998848,next,Germanic,53,11.1354,30
C,61,1998848,now,Germanic,66,10.0923,30
C,61,1998848,numerous,Latinate,46,16.8378,30
C,61,1998848,observe,Latinate,26,33.1115,30
C,61,1998848,obtain,Latinate,2,19.3624,30
C,61,1998848,occasionally,Latinate,65,17.3916,30
C,61,1998848,odd,Germanic,55,16.3578,30
C,61,1998848,often,Germanic,63,13.2736,30
C,61,1998848,old,Germanic,49,9.9502,30
C,61,1998848,peculiar,Latinate,56,17.2617,30
C,61,1998848,perform,Latinate,30,15.3469,30
C,61,1998848,perhaps,Latinate,62,12.8247,30
C,61,1998848,permit,Latinate,13,18.5675,30
C,61,1998848,possess,Latinate,23,15.8825,30
C,61,1998848,previous,Latinate,50,13.5562,30
C,61,1998848,previously,Latinate,64,17.7888,30
C,61,1998848,prior,Latinate,51,16.6541,30
C,61,1998848,provide,Latinate,5,15.4923,30
C,61,1998848,purchase,Latinate,11,18.3890,30
C,61,1998848,rapid,Latinate,42,17.6347,30
C,61,1998848,receive,Latinate,6,16.2722,30
C,61,1998848,remain,Latinate,27,15.9888,30
C,61,1998848,remainder,Latinate,36,29.8037,30
C,61,1998848,repair,Latinate,22,15.9205,30
C,61,1998848,reply,Latinate,17,16.8495,30
C,61,1998848,request,Latinate,15,15.9728,30
C,61,1998848,require,Latinate,3,15.7130,30
C,61,1998848,residence,Latinate,33,17.0190,30
C,61,1998848,respond,Latinate,18,15.8982,30
C,61,1998848,rest,Germanic,36,9.1886,30
C,61,1998848,retain,Latinate,28,18.9420,30
C,61,1998848,safe,Germanic,58,13.6995,30
C,61,1998848,secure,Latinate,58,15.3059,30
C,61,1998848,see,Germanic,26,9.0177,30
C,61,1998848,select,Latinate,21,18.5638,30
C,61,1998848,shall,Latinate,67,11.7162,30
C,61,1998848,show,Germanic,10,12.4146,30
C,61,1998848,sick,Germanic,57,13.5306,30
C,61,1998848,sickness,Germanic,35,18.8020,30
C,61,1998848,so,Germanic,61,9.1937,30
C,61,1998848,sometimes,Germanic,65,13.9307,30
C,61,1998848,start,Germanic,25,13.1250,30
C,61,1998848,stay,Germanic,27,11.3842,30
C,61,1998848,strange,Latinate,55,13.9182,30
C,61,1998848,subsequent,Latinate,53,30.1465,30
C,61,1998848,sufficient,Latinate,44,17.4972,30
C,61,1998848,therefore,Latinate,61,15.1047,30
C,61,1998848,try,Germanic,7,12.1251,30
C,61,1998848,understand,Germanic,0,12.6340,30
C,61,1998848,want,Germanic,4,9.9688,30
C,61,1998848,whole,Germanic,45,9.5545,30
C,61,1998848,will,Germanic,67,9.0260,30
C,92,3014656,acquire,Latinate,1,31.1401,18
C,92,3014656,additional,Latinate,48,17.2437,30
C,92,3014656,allow,Latinate,14,13.3171,30
C,92,3014656,ancient,Latinate,49,13.7650,30
C,92,3014656,answer,Germanic,17,12.5299,30
C,92,3014656,ask,Germanic,15,11.0650,30
C,92,3014656,assist,Latinate,8,17.7177,30
C,92,3014656,assistance,Latinate,37,17.5851,30
C,92,3014656,attempt,Latinate,7,14.8029,30
C,92,3014656,baby,Germanic,31,11.4395,30
C,92,3014656,before,Germanic,64,10.6310,30
C,92,3014656,beverage,Latinate,32,36.7407,11
C,92,3014656,build,Germanic,9,13.5833,30
C,92,3014656,but,Germanic,60,7.1172,30
C,92,3014656,buy,Germanic,11,13.0581,30
C,92,3014656,choose,Germanic,21,14.5580,30
C,92,3014656,commence,Latinate,25,25.8974,14
C,92,3014656,comprehend,Latinate,0,43.9800,19
C,92,3014656,conceal,Latinate,19,26.0026,30
C,92,3014656,conclude,Latinate,24,30.6172,15
C,92,3014656,construct,Latinate,9,29.5404,18
C,92,3014656,currently,Latinate,66,14.6937,30
C,92,3014656,demonstrate,Latinate,10,26.8654,30
C,92,3014656,depart,Latinate,12,18.0850,30
C,92,3014656,desire,Latinate,4,15.0618,30
C,92,3014656,difficult,Latinate,43,13.9353,30
C,92,3014656,discover,Latinate,20,15.5184,30
C,92,3014656,do,Germanic,30,8.3247,30
C,92,3014656,drink,Germanic,32,13.7832,30
C,92,3014656,earlier,Germanic,50,14.7320,30
C,92,3014656,end,Germanic,24,9.4726,30
C,92,3014656,enormous,Latinate,38,15.2600,30
C,92,3014656,enough,Germanic,44,10.6777,30
C,92,3014656,entire,Latinate,45,13.1397,30
C,92,3014656,error,Latinate,34,17.7756,30
C,92,3014656,fast,Germanic,42,13.4084,30
C,92,3014656,final,Latinate,59,11.4237,30
C,92,3014656,find,Germanic,20,10.2441,30
C,92,3014656,first,Germanic,52,9.8679,30
C,92,3014656,fortunate,Latinate,54,16.5573,30
C,92,3014656,frequently,Latinate,63,16.0482,30
C,92,3014656,get,Germanic,1,7.7297,30
C,92,3014656,gigantic,Latinate,39,31.7790,30
C,92,3014656,give,Germanic,5,9.6857,30
C,92,3014656,hard,Germanic,43,11.1875,30
C,92,3014656,have,Germanic,23,6.7582,30
C,92,3014656,help,Germanic,8,10.6255,30
C,92,3014656,hide,Germanic,19,14.6952,30
C,92,3014656,home,Germanic,33,11.4801,30
C,92,3014656,however,Latinate,60,11.0098,30
C,92,3014656,huge,Germanic,38,13.0764,30
C,92,3014656,ill,Latinate,57,13.9632,30
C,92,3014656,illness,Latinate,35,15.3711,30
C,92,3014656,immense,Latinate,40,15.2813,30
C,92,3014656,infant,Latinate,31,23.7223,30
C,92,3014656,initial,Latinate,52,15.1556,30
C,92,3014656,inquire,Latinate,16,27.2713,30
C,92,3014656,keep,Germanic,28,10.0129,30
C,92,3014656,last,Germanic,59,10.8209,30
C,92,3014656,leave,Germanic,12,11.1420,30
C,92,3014656,let,Germanic,13,11.0941,30
C,92,3014656,lucky,Germanic,54,14.3059,30
C,92,3014656,maintain,Latinate,29,18.4931,30
C,92,3014656,many,Germanic,46,9.7281,30
C,92,3014656,massive,Latinate,41,15.7913,30
C,92,3014656,maybe,Germanic,62,12.8266,30
C,92,3014656,mend,Germanic,22,22.5291,30
C,92,3014656,mistake,Germanic,34,12.7743,30
C,92,3014656,more,Germanic,48,9.0793,30
C,92,3014656,multiple,Latinate,47,16.3731,30
C,92,3014656,need,Germanic,3,10.9760,30
C,92,3014656,next,Germanic,53,11.4485,30
C,92,3014656,now,Germanic,66,9.4149,30
C,92,3014656,numerous,Latinate,46,16.5127,30
C,92,3014656,observe,Latinate,26,28.8806,30
C,92,3014656,obtain,Latinate,2,19.0707,30
C,92,3014656,occasionally,Latinate,65,17.8044,30
C,92,3014656,odd,Germanic,55,17.0607,30
C,92,3014656,often,Germanic,63,11.2983,30
C,92,3014656,old,Germanic,49,9.9334,30
C,92,3014656,peculiar,Latinate,56,15.9510,30
C,92,3014656,perform,Latinate,30,15.3882,30
C,92,3014656,perhaps,Latinate,62,12.1847,30
C,92,3014656,permit,Latinate,13,20.1440,30
C,92,3014656,possess,Latinate,23,15.9612,30
C,92,3014656,previous,Latinate,50,13.3164,30
C,92,3014656,previously,Latinate,64,16.2538,30
C,92,3014656,prior,Latinate,51,17.2601,30
C,92,3014656,provide,Latinate,5,15.8369,30
C,92,3014656,purchase,Latinate,11,16.6209,30
C,92,3014656,rapid,Latinate,42,16.0646,30
C,92,3014656,receive,Latinate,6,14.5044,30
C,92,3014656,remain,Latinate,27,13.6471,30
C,92,3014656,remainder,Latinate,36,28.6732,30
C,92,3014656,repair,Latinate,22,18.5428,30
C,92,3014656,reply,Latinate,17,15.4893,30
C,92,3014656,request,Latinate,15,14.8753,30
C,92,3014656,require,Latinate,3,15.8176,30
C,92,3014656,residence,Latinate,33,17.9671,30
C,92,3014656,respond,Latinate,18,15.5920,30
C,92,3014656,rest,Germanic,36,9.4744,30
C,92,3014656,retain,Latinate,28,18.3592,30
C,92,3014656,safe,Germanic,58,13.5791,30
C,92,3014656,secure,Latinate,58,16.1473,30
C,92,3014656,see,Germanic,26,8.4204,30
C,92,3014656,select,Latinate,21,17.3130,30
C,92,3014656,shall,Latinate,67,10.7563,30
C,92,3014656,show,Germanic,10,11.9033,30
C,92,3014656,sick,Germanic,57,12.5765,30
C,92,3014656,sickness,Germanic,35,17.3435,30
C,92,3014656,so,Germanic,61,8.9991,30
C,92,3014656,sometimes,Germanic,65,12.4266,30
C,92,3014656,start,Germanic,25,11.3097,30
C,92,3014656,stay,Germanic,27,11.2803,30
C,92,3014656,strange,Latinate,55,13.3719,30
C,92,3014656,subsequent,Latinate,53,26.9486,30
C,92,3014656,sufficient,Latinate,44,17.9050,30
C,92,3014656,therefore,Latinate,61,13.6251,30
C,92,3014656,try,Germanic,7,10.5812,30
C,92,3014656,understand,Germanic,0,10.9837,30
C,92,3014656,want,Germanic,4,9.1387,30
C,92,3014656,whole,Germanic,45,8.9601,30
C,92,3014656,will,Germanic,67,9.9558,30
C,122,3997696,acquire,Latinate,1,29.5437,18
C,122,3997696,additional,Latinate,48,16.3356,30
C,122,3997696,allow,Latinate,14,12.6138,30
C,122,3997696,ancient,Latinate,49,14.7271,30
C,122,3997696,answer,Germanic,17,12.2205,30
C,122,3997696,ask,Germanic,15,10.4086,30
C,122,3997696,assist,Latinate,8,18.4340,30
C,122,3997696,assistance,Latinate,37,18.0968,30
C,122,3997696,attempt,Latinate,7,14.6987,30
C,122,3997696,baby,Germanic,31,11.7020,30
C,122,3997696,before,Germanic,64,10.8378,30
C,122,3997696,beverage,Latinate,32,39.7784,11
C,122,3997696,build,Germanic,9,13.3974,30
C,122,3997696,but,Germanic,60,6.2113,30
C,122,3997696,buy,Germanic,11,12.3333,30
C,122,3997696,choose,Germanic,21,14.9558,30
C,122,3997696,commence,Latinate,25,26.0582,14
C,122,3997696,comprehend,Latinate,0,43.5022,19
C,122,3997696,conceal,Latinate,19,24.0506,30
C,122,3997696,conclude,Latinate,24,29.9586,15
C,122,3997696,construct,Latinate,9,29.0732,18
C,122,3997696,currently,Latinate,66,14.4343,30
C,122,3997696,demonstrate,Latinate,10,27.4163,30
C,122,3997696,depart,Latinate,12,17.4121,30
C,122,3997696,desire,Latinate,4,12.6104,30
C,122,3997696,difficult,Latinate,43,13.7644,30
C,122,3997696,discover,Latinate,20,15.4165,30
C,122,3997696,do,Germanic,30,7.8719,30
C,122,3997696,drink,Germanic,32,14.0942,30
C,122,3997696,earlier,Germanic,50,14.8228,30
C,122,3997696,end,Germanic,24,10.2085,30
C,122,3997696,enormous,Latinate,38,16.2212,30
C,122,3997696,enough,Germanic,44,10.6759,30
C,122,3997696,entire,Latinate,45,12.4014,30
C,122,3997696,error,Latinate,34,17.4356,30
C,122,3997696,fast,Germanic,42,13.3707,30
C,122,3997696,final,Latinate,59,10.1521,30
C,122,3997696,find,Germanic,20,10.4506,30
C,122,3997696,first,Germanic,52,10.0722,30
C,122,3997696,fortunate,Latinate,54,15.9661,30
C,122,3997696,frequently,Latinate,63,18.1610,30
C,122,3997696,get,Germanic,1,7.7444,30
C,122,3997696,gigantic,Latinate,39,33.4893,30
C,122,3997696,give,Germanic,5,9.5374,30
C,122,3997696,hard,Germanic,43,11.2214,30
C,122,3997696,have,Germanic,23,5.8434,30
C,122,3997696,help,Germanic,8,10.1210,30
C,122,3997696,hide,Germanic,19,14.1518,30
C,122,3997696,home,Germanic,33,11.5756,30
C,122,3997696,however,Latinate,60,11.9001,30
C,122,3997696,huge,Germanic,38,13.2683,30
C,122,3997696,ill,Latinate,57,12.7227,30
C,122,3997696,illness,Latinate,35,15.4484,30
C,122,3997696,immense,Latinate,40,16.2364,30
C,122,3997696,infant,Latinate,31,21.4067,30
C,122,3997696,initial,Latinate,52,15.0030,30
C,122,3997696,inquire,Latinate,16,24.4918,30
C,122,3997696,keep,Germanic,28,10.1276,30
C,122,3997696,last,Germanic,59,10.5473,30
C,122,3997696,leave,Germanic,12,11.5043,30
C,122,3997696,let,Germanic,13,10.9648,30
C,122,3997696,lucky,Germanic,54,14.1186,30
C,122,3997696,maintain,Latinate,29,17.6236,30
C,122,3997696,many,Germanic,46,9.6909,30
C,122,3997696,massive,Latinate,41,16.0993,30
C,122,3997696,maybe,Germanic,62,13.3696,30
C,122,3997696,mend,Germanic,22,24.8313,30
C,122,3997696,mistake,Germanic,34,12.7507,30
C,122,3997696,more,Germanic,48,9.2590,30
C,122,3997696,multiple,Latinate,47,15.2567,30
C,122,3997696,need,Germanic,3,10.8375,30
C,122,3997696,next,Germanic,53,10.9134,30
C,122,3997696,now,Germanic,66,9.6101,30
C,122,3997696,numerous,Latinate,46,16.0315,30
C,122,3997696,observe,Latinate,26,29.0477,30
C,122,3997696,obtain,Latinate,2,16.9838,30
C,122,3997696,occasionally,Latinate,65,18.2400,30
C,122,3997696,odd,Germanic,55,15.8937,30
C,122,3997696,often,Germanic,63,11.4354,30
C,122,3997696,old,Germanic,49,9.0549,30
C,122,3997696,peculiar,Latinate,56,17.7441,30
C,122,3997696,perform,Latinate,30,16.1728,30
C,122,3997696,perhaps,Latinate,62,12.1091,30
C,122,3997696,permit,Latinate,13,18.1847,30
C,122,3997696,possess,Latinate,23,17.4165,30
C,122,3997696,previous,Latinate,50,13.6443,30
C,122,3997696,previously,Latinate,64,16.0551,30
C,122,3997696,prior,Latinate,51,17.7721,30
C,122,3997696,provide,Latinate,5,14.9868,30
C,122,3997696,purchase,Latinate,11,17.4375,30
C,122,3997696,rapid,Latinate,42,16.3280,30
C,122,3997696,receive,Latinate,6,14.4376,30
C,122,3997696,remain,Latinate,27,14.3697,30
C,122,3997696,remainder,Latinate,36,31.0129,30
C,122,3997696,repair,Latinate,22,16.8415,30
C,122,3997696,reply,Latinate,17,15.6349,30
C,122,3997696,request,Latinate,15,16.0396,30
C,122,3997696,require,Latinate,3,16.2924,30
C,122,3997696,residence,Latinate,33,16.1473,30
C,122,3997696,respond,Latinate,18,16.6424,30
C,122,3997696,rest,Germanic,36,10.1537,30
C,122,3997696,retain,Latinate,28,19.2863,30
C,122,3997696,safe,Germanic,58,13.0360,30
C,122,3997696,secure,Latinate,58,15.1947,30
C,122,3997696,see,Germanic,26,8.0960,30
C,122,3997696,select,Latinate,21,16.2690,30
C,122,3997696,shall,Latinate,67,10.4398,30
C,122,3997696,show,Germanic,10,11.2668,30
C,122,3997696,sick,Germanic,57,13.2047,30
C,122,3997696,sickness,Germanic,35,17.9099,30
C,122,3997696,so,Germanic,61,8.3066,30
C,122,3997696,sometimes,Germanic,65,12.6752,30
C,122,3997696,start,Germanic,25,11.5749,30
C,122,3997696,stay,Germanic,27,11.0823,30
C,122,3997696,strange,Latinate,55,13.7716,30
C,122,3997696,subsequent,Latinate,53,27.7498,30
C,122,3997696,sufficient,Latinate,44,17.0559,30
C,122,3997696,therefore,Latinate,61,13.5928,30
C,122,3997696,try,Germanic,7,10.6201,30
C,122,3997696,understand,Germanic,0,10.2317,30
C,122,3997696,want,Germanic,4,8.7653,30
C,122,3997696,whole,Germanic,45,9.5459,30
C,122,3997696,will,Germanic,67,9.1675,30
C,153,5013504,acquire,Latinate,1,27.9455,18
C,153,5013504,additional,Latinate,48,17.1592,30
C,153,5013504,allow,Latinate,14,13.3065,30
C,153,5013504,ancient,Latinate,49,14.3789,30
C,153,5013504,answer,Germanic,17,11.5961,30
C,153,5013504,ask,Germanic,15,9.7196,30
C,153,5013504,assist,Latinate,8,16.9674,30
C,153,5013504,assistance,Latinate,37,16.9980,30
C,153,5013504,attempt,Latinate,7,13.7606,30
C,153,5013504,baby,Germanic,31,10.8248,30
C,153,5013504,before,Germanic,64,10.5326,30
C,153,5013504,beverage,Latinate,32,39.5792,11
C,153,5013504,build,Germanic,9,11.7003,30
C,153,5013504,but,Germanic,60,5.7106,30
C,153,5013504,buy,Germanic,11,12.0240,30
C,153,5013504,choose,Germanic,21,14.0670,30
C,153,5013504,commence,Latinate,25,27.0207,14
C,153,5013504,comprehend,Latinate,0,44.2556,19
C,153,5013504,conceal,Latinate,19,22.8295,30
C,153,5013504,conclude,Latinate,24,30.9969,15
C,153,5013504,construct,Latinate,9,28.7034,18
C,153,5013504,currently,Latinate,66,14.3298,30
C,153,5013504,demonstrate,Latinate,10,26.3165,30
C,153,5013504,depart,Latinate,12,16.1575,30
C,153,5013504,desire,Latinate,4,14.6033,30
C,153,5013504,difficult,Latinate,43,13.0764,30
C,153,5013504,discover,Latinate,20,16.1208,30
C,153,5013504,do,Germanic,30,6.7417,30
C,153,5013504,drink,Germanic,32,13.2795,30
C,153,5013504,earlier,Germanic,50,14.5706,30
C,153,5013504,end,Germanic,24,9.6201,30
C,153,5013504,enormous,Latinate,38,14.5223,30
C,153,5013504,enough,Germanic,44,11.0856,30
C,153,5013504,entire,Latinate,45,12.6628,30
C,153,5013504,error,Latinate,34,16.8466,30
C,153,5013504,fast,Germanic,42,12.7373,30
C,153,5013504,final,Latinate,59,12.0189,30
C,153,5013504,find,Germanic,20,9.9258,30
C,153,5013504,first,Germanic,52,10.0835,30
C,153,5013504,fortunate,Latinate,54,16.4724,30
C,153,5013504,frequently,Latinate,63,16.8401,30
C,153,5013504,get,Germanic,1,7.0314,30
C,153,5013504,gigantic,Latinate,39,33.5722,30
C,153,5013504,give,Germanic,5,8.7567,30
C,153,5013504,hard,Germanic,43,10.5458,30
C,153,5013504,have,Germanic,23,5.3340,30
C,153,5013504,help,Germanic,8,9.5733,30
C,153,5013504,hide,Germanic,19,13.5007,30
C,153,5013504,home,Germanic,33,11.6553,30
C,153,5013504,however,Latinate,60,11.8987,30
C,153,5013504,huge,Germanic,38,12.8573,30
C,153,5013504,ill,Latinate,57,14.1483,30
C,153,5013504,illness,Latinate,35,14.3484,30
C,153,5013504,immense,Latinate,40,15.5001,30
C,153,5013504,infant,Latinate,31,21.3877,30
C,153,5013504,initial,Latinate,52,15.6471,30
C,153,5013504,inquire,Latinate,16,23.7981,30
C,153,5013504,keep,Germanic,28,9.4882,30
C,153,5013504,last,Germanic,59,10.4097,30
C,153,5013504,leave,Germanic,12,10.9766,30
C,153,5013504,let,Germanic,13,10.6876,30
C,153,5013504,lucky,Germanic,54,14.1334,30
C,153,5013504,maintain,Latinate,29,16.4645,30
C,153,5013504,many,Germanic,46,10.2081,30
C,153,5013504,massive,Latinate,41,15.6994,30
C,153,5013504,maybe,Germanic,62,13.1200,30
C,153,5013504,mend,Germanic,22,26.9282,30
C,153,5013504,mistake,Germanic,34,12.2712,30
C,153,5013504,more,Germanic,48,9.1363,30
C,153,5013504,multiple,Latinate,47,16.2471,30
C,153,5013504,need,Germanic,3,10.2604,30
C,153,5013504,next,Germanic,53,10.3176,30
C,153,5013504,now,Germanic,66,8.9561,30
C,153,5013504,numerous,Latinate,46,16.6171,30
C,153,5013504,observe,Latinate,26,29.8547,30
C,153,5013504,obtain,Latinate,2,14.4545,30
C,153,5013504,occasionally,Latinate,65,17.6845,30
C,153,5013504,odd,Germanic,55,15.8621,30
C,153,5013504,often,Germanic,63,12.1976,30
C,153,5013504,old,Germanic,49,8.5477,30
C,153,5013504,peculiar,Latinate,56,15.5610,30
C,153,5013504,perform,Latinate,30,14.1315,30
C,153,5013504,perhaps,Latinate,62,12.7995,30
C,153,5013504,permit,Latinate,13,16.9212,30
C,153,5013504,possess,Latinate,23,16.2121,30
C,153,5013504,previous,Latinate,50,12.4708,30
C,153,5013504,previously,Latinate,64,15.8727,30
C,153,5013504,prior,Latinate,51,16.2281,30
C,153,5013504,provide,Latinate,5,13.4369,30
C,153,5013504,purchase,Latinate,11,18.3796,30
C,153,5013504,rapid,Latinate,42,15.8832,30
C,153,5013504,receive,Latinate,6,13.8678,30
C,153,5013504,remain,Latinate,27,14.6942,30
C,153,5013504,remainder,Latinate,36,30.2464,30
C,153,5013504,repair,Latinate,22,15.8685,30
C,153,5013504,reply,Latinate,17,15.1160,30
C,153,5013504,request,Latinate,15,14.4956,30
C,153,5013504,require,Latinate,3,15.0860,30
C,153,5013504,residence,Latinate,33,16.7748,30
C,153,5013504,respond,Latinate,18,16.0798,30
C,153,5013504,rest,Germanic,36,9.7303,30
C,153,5013504,retain,Latinate,28,18.8418,30
C,153,5013504,safe,Germanic,58,13.4946,30
C,153,5013504,secure,Latinate,58,15.7871,30
C,153,5013504,see,Germanic,26,6.7422,30
C,153,5013504,select,Latinate,21,17.2629,30
C,153,5013504,shall,Latinate,67,10.5982,30
C,153,5013504,show,Germanic,10,10.5622,30
C,153,5013504,sick,Germanic,57,12.6024,30
C,153,5013504,sickness,Germanic,35,16.2583,30
C,153,5013504,so,Germanic,61,7.3963,30
C,153,5013504,sometimes,Germanic,65,12.4865,30
C,153,5013504,start,Germanic,25,11.4174,30
C,153,5013504,stay,Germanic,27,10.7478,30
C,153,5013504,strange,Latinate,55,13.0707,30
C,153,5013504,subsequent,Latinate,53,27.2060,30
C,153,5013504,sufficient,Latinate,44,17.1820,30
C,153,5013504,therefore,Latinate,61,12.5479,30
C,153,5013504,try,Germanic,7,10.0091,30
C,153,5013504,understand,Germanic,0,10.4179,30
C,153,5013504,want,Germanic,4,7.8110,30
C,153,5013504,whole,Germanic,45,9.2756,30
C,153,5013504,will,Germanic,67,8.6148,30
C,183,5996544,acquire,Latinate,1,28.6443,18
C,183,5996544,additional,Latinate,48,16.1786,30
C,183,5996544,allow,Latinate,14,11.7946,30
C,183,5996544,ancient,Latinate,49,13.9834,30
C,183,5996544,answer,Germanic,17,12.0268,30
C,183,5996544,ask,Germanic,15,9.8647,30
C,183,5996544,assist,Latinate,8,16.4632,30
C,183,5996544,assistance,Latinate,37,17.3959,30
C,183,5996544,attempt,Latinate,7,14.9522,30
C,183,5996544,baby,Germanic,31,10.7960,30
C,183,5996544,before,Germanic,64,10.5200,30
C,183,5996544,beverage,Latinate,32,40.1382,11
C,183,5996544,build,Germanic,9,10.9794,30
C,183,5996544,but,Germanic,60,6.3392,30
C,183,5996544,buy,Germanic,11,11.1413,30
C,183,5996544,choose,Germanic,21,14.5028,30
C,183,5996544,commence,Latinate,25,26.1910,14
C,183,5996544,comprehend,Latinate,0,41.7203,19
C,183,5996544,conceal,Latinate,19,23.9598,30
C,183,5996544,conclude,Latinate,24,29.2931,15
C,183,5996544,construct,Latinate,9,29.3641,18
C,183,5996544,currently,Latinate,66,14.1812,30
C,183,5996544,demonstrate,Latinate,10,26.0864,30
C,183,5996544,depart,Latinate,12,17.4943,30
C,183,5996544,desire,Latinate,4,13.3612,30
C,183,5996544,difficult,Latinate,43,12.8824,30
C,183,5996544,discover,Latinate,20,15.7086,30
C,183,5996544,do,Germanic,30,6.6058,30
C,183,5996544,drink,Germanic,32,12.7621,30
C,183,5996544,earlier,Germanic,50,14.6279,30
C,183,5996544,end,Germanic,24,9.4444,30
C,183,5996544,enormous,Latinate,38,14.5898,30
C,183,5996544,enough,Germanic,44,11.0238,30
C,183,5996544,entire,Latinate,45,13.9536,30
C,183,5996544,error,Latinate,34,17.8351,30
C,183,5996544,fast,Germanic,42,13.8668,30
C,183,5996544,final,Latinate,59,11.7670,30
C,183,5996544,find,Germanic,20,9.8622,30
C,183,5996544,first,Germanic,52,9.6766,30
C,183,5996544,fortunate,Latinate,54,15.9772,30
C,183,5996544,frequently,Latinate,63,15.6323,30
C,183,5996544,get,Germanic,1,7.0175,30
C,183,5996544,gigantic,Latinate,39,31.4927,30
C,183,5996544,give,Germanic,5,8.3635,30
C,183,5996544,hard,Germanic,43,10.6569,30
C,183,5996544,have,Germanic,23,5.0314,30
C,183,5996544,help,Germanic,8,9.2897,30
C,183,5996544,hide,Germanic,19,13.8809,30
C,183,5996544,home,Germanic,33,11.0646,30
C,183,5996544,however,Latinate,60,11.8196,30
C,183,5996544,huge,Germanic,38,12.9163,30
C,183,5996544,ill,Latinate,57,14.2574,30
C,183,5996544,illness,Latinate,35,15.0299,30
C,183,5996544,immense,Latinate,40,15.3915,30
C,183,5996544,infant,Latinate,31,21.6633,30
C,183,5996544,initial,Latinate,52,14.7319,30
C,183,5996544,inquire,Latinate,16,22.5596,30
C,183,5996544,keep,Germanic,28,9.7191,30
C,183,5996544,last,Germanic,59,9.7013,30
C,183,5996544,leave,Germanic,12,10.7157,30
C,183,5996544,let,Germanic,13,10.8504,30
C,183,5996544,lucky,Germanic,54,14.2457,30
C,183,5996544,maintain,Latinate,29,17.3338,30
C,183,5996544,many,Germanic,46,9.9810,30
C,183,5996544,massive,Latinate,41,15.2270,30
C,183,5996544,maybe,Germanic,62,13.5016,30
C,183,5996544,mend,Germanic,22,27.5007,30
C,183,5996544,mistake,Germanic,34,13.6266,30
C,183,5996544,more,Germanic,48,9.4500,30
C,183,5996544,multiple,Latinate,47,17.4773,30
C,183,5996544,need,Germanic,3,10.7136,30
C,183,5996544,next,Germanic,53,9.6716,30
C,183,5996544,now,Germanic,66,9.8539,30
C,183,5996544,numerous,Latinate,46,15.9074,30
C,183,5996544,observe,Latinate,26,29.1871,30
C,183,5996544,obtain,Latinate,2,13.7185,30
C,183,5996544,occasionally,Latinate,65,16.8060,30
C,183,5996544,odd,Germanic,55,16.1081,30
C,183,5996544,often,Germanic,63,12.3296,30
C,183,5996544,old,Germanic,49,8.5740,30
C,183,5996544,peculiar,Latinate,56,16.1318,30
C,183,5996544,perform,Latinate,30,15.0477,30
C,183,5996544,perhaps,Latinate,62,12.5309,30
C,183,5996544,permit,Latinate,13,17.1809,30
C,183,5996544,possess,Latinate,23,16.2573,30
C,183,5996544,previous,Latinate,50,12.5992,30
C,183,5996544,previously,Latinate,64,15.9274,30
C,183,5996544,prior,Latinate,51,17.2665,30
C,183,5996544,provide,Latinate,5,13.1915,30
C,183,5996544,purchase,Latinate,11,18.2095,30
C,183,5996544,rapid,Latinate,42,15.9288,30
C,183,5996544,receive,Latinate,6,14.1273,30
C,183,5996544,remain,Latinate,27,14.7471,30
C,183,5996544,remainder,Latinate,36,31.9870,30
C,183,5996544,repair,Latinate,22,17.5820,30
C,183,5996544,reply,Latinate,17,14.9359,30
C,183,5996544,request,Latinate,15,14.9602,30
C,183,5996544,require,Latinate,3,15.9500,30
C,183,5996544,residence,Latinate,33,17.2953,30
C,183,5996544,respond,Latinate,18,14.8611,30
C,183,5996544,rest,Germanic,36,8.7030,30
C,183,5996544,retain,Latinate,28,18.9484,30
C,183,5996544,safe,Germanic,58,13.6079,30
C,183,5996544,secure,Latinate,58,14.5586,30
C,183,5996544,see,Germanic,26,6.8036,30
C,183,5996544,select,Latinate,21,18.4268,30
C,183,5996544,shall,Latinate,67,9.5275,30
C,183,5996544,show,Germanic,10,10.3258,30
C,183,5996544,sick,Germanic,57,12.5623,30
C,183,5996544,sickness,Germanic,35,17.2904,30
C,183,5996544,so,Germanic,61,8.2382,30
C,183,5996544,sometimes,Germanic,65,12.8147,30
C,183,5996544,start,Germanic,25,11.3642,30
C,183,5996544,stay,Germanic,27,10.2113,30
C,183,5996544,strange,Latinate,55,12.9069,30
C,183,5996544,subsequent,Latinate,53,26.4505,30
C,183,5996544,sufficient,Latinate,44,18.1585,30
C,183,5996544,therefore,Latinate,61,12.3330,30
C,183,5996544,try,Germanic,7,9.7064,30
C,183,5996544,understand,Germanic,0,10.4099,30
C,183,5996544,want,Germanic,4,8.7069,30
C,183,5996544,whole,Germanic,45,9.0475,30
C,183,5996544,will,Germanic,67,8.7667,30
C,214,7012352,acquire,Latinate,1,28.1958,18
C,214,7012352,additional,Latinate,48,16.8815,30
C,214,7012352,allow,Latinate,14,13.1842,30
C,214,7012352,ancient,Latinate,49,14.7144,30
C,214,7012352,answer,Germanic,17,12.1089,30
C,214,7012352,ask,Germanic,15,9.2522,30
C,214,7012352,assist,Latinate,8,17.2385,30
C,214,7012352,assistance,Latinate,37,16.5183,30
C,214,7012352,attempt,Latinate,7,14.6313,30
C,214,7012352,baby,Germanic,31,10.3287,30
C,214,7012352,before,Germanic,64,10.8617,30
C,214,7012352,beverage,Latinate,32,38.8643,11
C,214,7012352,build,Germanic,9,11.5089,30
C,214,7012352,but,Germanic,60,6.0583,30
C,214,7012352,buy,Germanic,11,11.1385,30
C,214,7012352,choose,Germanic,21,14.8343,30
C,214,7012352,commence,Latinate,25,26.0068,14
C,214,7012352,comprehend,Latinate,0,39.6795,19
C,214,7012352,conceal,Latinate,19,24.4766,30
C,214,7012352,conclude,Latinate,24,28.3733,15
C,214,7012352,construct,Latinate,9,30.1700,18
C,214,7012352,currently,Latinate,66,14.9199,30
C,214,7012352,demonstrate,Latinate,10,25.2877,30
C,214,7012352,depart,Latinate,12,17.0724,30
C,214,7012352,desire,Latinate,4,14.0470,30
C,214,7012352,difficult,Latinate,43,13.1850,30
C,214,7012352,discover,Latinate,20,16.4694,30
C,214,7012352,do,Germanic,30,6.4982,30
C,214,7012352,drink,Germanic,32,13.1192,30
C,214,7012352,earlier,Germanic,50,14.9007,30
C,214,7012352,end,Germanic,24,8.8366,30
C,214,7012352,enormous,Latinate,38,15.3525,30
C,214,7012352,enough,Germanic,44,10.4494,30
C,214,7012352,entire,Latinate,45,14.7278,30
C,214,7012352,error,Latinate,34,17.7509,30
C,214,7012352,fast,Germanic,42,13.2683,30
C,214,7012352,final,Latinate,59,11.3438,30
C,214,7012352,find,Germanic,20,9.5989,30
C,214,7012352,first,Germanic,52,10.2224,30
C,214,7012352,fortunate,Latinate,54,15.5623,30
C,214,7012352,frequently,Latinate,63,17.0836,30
C,214,7012352,get,Germanic,1,6.3547,30
C,214,7012352,gigantic,Latinate,39,32.6581,30
C,214,7012352,give,Germanic,5,7.7440,30
C,214,7012352,hard,Germanic,43,10.8030,30
C,214,7012352,have,Germanic,23,5.9598,30
C,214,7012352,help,Germanic,8,8.6816,30
C,214,7012352,hide,Germanic,19,13.7721,30
C,214,7012352,home,Germanic,33,10.8721,30
C,214,7012352,however,Latinate,60,10.9593,30
C,214,7012352,huge,Germanic,38,13.2828,30
C,214,7012352,ill,Latinate,57,13.1528,30
C,214,7012352,illness,Latinate,35,14.8251,30
C,214,7012352,immense,Latinate,40,15.4522,30
C,214,7012352,infant,Latinate,31,21.4768,30
C,214,7012352,initial,Latinate,52,14.8247,30
C,214,7012352,inquire,Latinate,16,24.0209,30
C,214,7012352,keep,Germanic,28,9.2934,30
C,214,7012352,last,Germanic,59,10.5678,30
C,214,7012352,leave,Germanic,12,10.9854,30
C,214,7012352,let,Germanic,13,10.1509,30
C,214,7012352,lucky,Germanic,54,13.8135,30
C,214,7012352,maintain,Latinate,29,17.1949,30
C,214,7012352,many,Germanic,46,9.7187,30
C,214,7012352,massive,Latinate,41,15.8292,30
C,214,7012352,maybe,Germanic,62,13.3134,30
C,214,7012352,mend,Germanic,22,26.9079,30
C,214,7012352,mistake,Germanic,34,12.9770,30
C,214,7012352,more,Germanic,48,9.2749,30
C,214,7012352,multiple,Latinate,47,17.3126,30
C,214,7012352,need,Germanic,3,10.8474,30
C,214,7012352,next,Germanic,53,10.2602,30
C,214,7012352,now,Germanic,66,9.9613,30
C,214,7012352,numerous,Latinate,46,15.7032,30
C,214,7012352,observe,Latinate,26,28.3743,30
C,214,7012352,obtain,Latinate,2,16.0151,30
C,214,7012352,occasionally,Latinate,65,16.5415,30
C,214,7012352,odd,Germanic,55,15.3117,30
C,214,7012352,often,Germanic,63,12.8236,30
C,214,7012352,old,Germanic,49,9.4089,30
C,214,7012352,peculiar,Latinate,56,15.4032,30
C,214,7012352,perform,Latinate,30,14.2783,30
C,214,7012352,perhaps,Latinate,62,12.4480,30
C,214,7012352,permit,Latinate,13,16.4845,30
C,214,7012352,possess,Latinate,23,15.8935,30
C,214,7012352,previous,Latinate,50,14.5423,30
C,214,7012352,previously,Latinate,64,16.7564,30
C,214,7012352,prior,Latinate,51,17.0115,30
C,214,7012352,provide,Latinate,5,13.9184,30
C,214,7012352,purchase,Latinate,11,17.0242,30
C,214,7012352,rapid,Latinate,42,16.3934,30
C,214,7012352,receive,Latinate,6,12.9757,30
C,214,7012352,remain,Latinate,27,14.8338,30
C,214,7012352,remainder,Latinate,36,30.6860,30
C,214,7012352,repair,Latinate,22,16.9611,30
C,214,7012352,reply,Latinate,17,14.8696,30
C,214,7012352,request,Latinate,15,14.4174,30
C,214,7012352,require,Latinate,3,16.3023,30
C,214,7012352,residence,Latinate,33,16.8966,30
C,214,7012352,respond,Latinate,18,14.2986,30
C,214,7012352,rest,Germanic,36,8.2214,30
C,214,7012352,retain,Latinate,28,18.4885,30
C,214,7012352,safe,Germanic,58,13.5786,30
C,214,7012352,secure,Latinate,58,14.5616,30
C,214,7012352,see,Germanic,26,6.7404,30
C,214,7012352,select,Latinate,21,18.0757,30
C,214,7012352,shall,Latinate,67,9.6920,30
C,214,7012352,show,Germanic,10,9.8455,30
C,214,7012352,sick,Germanic,57,12.9370,30
C,214,7012352,sickness,Germanic,35,16.6227,30
C,214,7012352,so,Germanic,61,8.1486,30
C,214,7012352,sometimes,Germanic,65,12.8340,30
C,214,7012352,start,Germanic,25,11.1172,30
C,214,7012352,stay,Germanic,27,9.9598,30
C,214,7012352,strange,Latinate,55,12.4615,30
C,214,7012352,subsequent,Latinate,53,27.0925,30
C,214,7012352,sufficient,Latinate,44,16.9553,30
C,214,7012352,therefore,Latinate,61,12.7876,30
C,214,7012352,try,Germanic,7,10.0731,30
C,214,7012352,understand,Germanic,0,10.2627,30
C,214,7012352,want,Germanic,4,7.8985,30
C,214,7012352,whole,Germanic,45,9.2193,30
C,214,7012352,will,Germanic,67,9.4029,30
C,244,7995392,acquire,Latinate,1,27.9277,18
C,244,7995392,additional,Latinate,48,17.0954,30
C,244,7995392,allow,Latinate,14,12.2087,30
C,244,7995392,ancient,Latinate,49,14.4373,30
C,244,7995392,answer,Germanic,17,11.8636,30
C,244,7995392,ask,Germanic,15,8.8537,30
C,244,7995392,assist,Latinate,8,16.4544,30
C,244,7995392,assistance,Latinate,37,16.3341,30
C,244,7995392,attempt,Latinate,7,13.4742,30
C,244,7995392,baby,Germanic,31,10.9178,30
C,244,7995392,before,Germanic,64,10.2950,30
C,244,7995392,beverage,Latinate,32,38.5405,11
C,244,7995392,build,Germanic,9,11.3328,30
C,244,7995392,but,Germanic,60,5.5295,30
C,244,7995392,buy,Germanic,11,10.7945,30
C,244,7995392,choose,Germanic,21,13.4742,30
C,244,7995392,commence,Latinate,25,26.8987,14
C,244,7995392,comprehend,Latinate,0,39.1000,19
C,244,7995392,conceal,Latinate,19,24.1940,30
C,244,7995392,conclude,Latinate,24,29.9176,15
C,244,7995392,construct,Latinate,9,28.9443,18
C,244,7995392,currently,Latinate,66,14.0550,30
C,244,7995392,demonstrate,Latinate,10,25.7390,30
C,244,7995392,depart,Latinate,12,17.2688,30
C,244,7995392,desire,Latinate,4,13.5630,30
C,244,7995392,difficult,Latinate,43,12.9990,30
C,244,7995392,discover,Latinate,20,15.4323,30
C,244,7995392,do,Germanic,30,6.4992,30
C,244,7995392,drink,Germanic,32,12.7890,30
C,244,7995392,earlier,Germanic,50,14.0340,30
C,244,7995392,end,Germanic,24,9.1778,30
C,244,7995392,enormous,Latinate,38,13.3919,30
C,244,7995392,enough,Germanic,44,10.6331,30
C,244,7995392,entire,Latinate,45,13.7457,30
C,244,7995392,error,Latinate,34,16.4022,30
C,244,7995392,fast,Germanic,42,12.9768,30
C,244,7995392,final,Latinate,59,11.9969,30
C,244,7995392,find,Germanic,20,9.3585,30
C,244,7995392,first,Germanic,52,10.2945,30
C,244,7995392,fortunate,Latinate,54,14.5769,30
C,244,7995392,frequently,Latinate,63,16.4726,30
C,244,7995392,get,Germanic,1,6.9441,30
C,244,7995392,gigantic,Latinate,39,33.3304,30
C,244,7995392,give,Germanic,5,8.0556,30
C,244,7995392,hard,Germanic,43,10.8074,30
C,244,7995392,have,Germanic,23,5.5550,30
C,244,7995392,help,Germanic,8,8.3093,30
C,244,7995392,hide,Germanic,19,13.5217,30
C,244,7995392,home,Germanic,33,11.1170,30
C,244,7995392,however,Latinate,60,12.1749,30
C,244,7995392,huge,Germanic,38,12.9827,30
C,244,7995392,ill,Latinate,57,13.5100,30
C,244,7995392,illness,Latinate,35,15.2518,30
C,244,7995392,immense,Latinate,40,15.4836,30
C,244,7995392,infant,Latinate,31,21.0962,30
C,244,7995392,initial,Latinate,52,14.6560,30
C,244,7995392,inquire,Latinate,16,24.3392,30
C,244,7995392,keep,Germanic,28,9.0422,30
C,244,7995392,last,Germanic,59,9.8396,30
C,244,7995392,leave,Germanic,12,10.3264,30
C,244,7995392,let,Germanic,13,10.5144,30
C,244,7995392,lucky,Germanic,54,13.9370,30
C,244,7995392,maintain,Latinate,29,16.7450,30
C,244,7995392,many,Germanic,46,9.7205,30
C,244,7995392,massive,Latinate,41,14.7779,30
C,244,7995392,maybe,Germanic,62,13.8850,30
C,244,7995392,mend,Germanic,22,26.5596,30
C,244,7995392,mistake,Germanic,34,12.7453,30
C,244,7995392,more,Germanic,48,9.4356,30
C,244,7995392,multiple,Latinate,47,16.7711,30
C,244,7995392,need,Germanic,3,10.8921,30
C,244,7995392,next,Germanic,53,10.1778,30
C,244,7995392,now,Germanic,66,10.2080,30
C,244,7995392,numerous,Latinate,46,16.7319,30
C,244,7995392,observe,Latinate,26,27.5800,30
C,244,7995392,obtain,Latinate,2,16.2225,30
C,244,7995392,occasionally,Latinate,65,16.8796,30
C,244,7995392,odd,Germanic,55,15.7572,30
C,244,7995392,often,Germanic,63,12.1725,30
C,244,7995392,old,Germanic,49,9.2584,30
C,244,7995392,peculiar,Latinate,56,14.9055,30
C,244,7995392,perform,Latinate,30,14.6325,30
C,244,7995392,perhaps,Latinate,62,12.2559,30
C,244,7995392,permit,Latinate,13,16.4070,30
C,244,7995392,possess,Latinate,23,17.1353,30
C,244,7995392,previous,Latinate,50,13.0174,30
C,244,7995392,previously,Latinate,64,16.6493,30
C,244,7995392,prior,Latinate,51,15.4412,30
C,244,7995392,provide,Latinate,5,13.4494,30
C,244,7995392,purchase,Latinate,11,16.8617,30
C,244,7995392,rapid,Latinate,42,16.1193,30
C,244,7995392,receive,Latinate,6,12.9953,30
C,244,7995392,remain,Latinate,27,13.0956,30
C,244,7995392,remainder,Latinate,36,28.4378,30
C,244,7995392,repair,Latinate,22,16.6314,30
C,244,7995392,reply,Latinate,17,15.1622,30
C,244,7995392,request,Latinate,15,14.4991,30
C,244,7995392,require,Latinate,3,15.6965,30
C,244,7995392,residence,Latinate,33,16.8936,30
C,244,7995392,respond,Latinate,18,15.3152,30
C,244,7995392,rest,Germanic,36,8.5813,30
C,244,7995392,retain,Latinate,28,18.1365,30
C,244,7995392,safe,Germanic,58,13.4528,30
C,244,7995392,secure,Latinate,58,14.5539,30
C,244,7995392,see,Germanic,26,7.5299,30
C,244,7995392,select,Latinate,21,18.3522,30
C,244,7995392,shall,Latinate,67,9.4194,30
C,244,7995392,show,Germanic,10,10.3789,30
C,244,7995392,sick,Germanic,57,12.4321,30
C,244,7995392,sickness,Germanic,35,16.1003,30
C,244,7995392,so,Germanic,61,7.7785,30
C,244,7995392,sometimes,Germanic,65,12.6817,30
C,244,7995392,start,Germanic,25,10.9881,30
C,244,7995392,stay,Germanic,27,8.9523,30
C,244,7995392,strange,Latinate,55,13.0708,30
C,244,7995392,subsequent,Latinate,53,27.1100,30
C,244,7995392,sufficient,Latinate,44,17.1453,30
C,244,7995392,therefore,Latinate,61,12.2950,30
C,244,7995392,try,Germanic,7,9.7215,30
C,244,7995392,understand,Germanic,0,9.5501,30
C,244,7995392,want,Germanic,4,8.0399,30
C,244,7995392,whole,Germanic,45,9.2621,30
C,244,7995392,will,Germanic,67,9.4616,30
C,275,9011200,acquire,Latinate,1,26.5289,18
C,275,9011200,additional,Latinate,48,17.3758,30
C,275,9011200,allow,Latinate,14,12.6941,30
C,275,9011200,ancient,Latinate,49,14.0033,30
C,275,9011200,answer,Germanic,17,11.7910,30
C,275,9011200,ask,Germanic,15,8.9904,30
C,275,9011200,assist,Latinate,8,15.9189,30
C,275,9011200,assistance,Latinate,37,16.7190,30
C,275,9011200,attempt,Latinate,7,14.0528,30
C,275,9011200,baby,Germanic,31,10.4221,30
C,275,9011200,before,Germanic,64,10.5446,30
C,275,9011200,beverage,Latinate,32,39.7848,11
C,275,9011200,build,Germanic,9,12.0681,30
C,275,9011200,but,Germanic,60,5.9168,30
C,275,9011200,buy,Germanic,11,11.1560,30
C,275,9011200,choose,Germanic,21,14.5448,30
C,275,9011200,commence,Latinate,25,26.1827,14
C,275,9011200,comprehend,Latinate,0,38.3727,19
C,275,9011200,conceal,Latinate,19,21.9059,30
C,275,9011200,conclude,Latinate,24,29.7263,15
C,275,9011200,construct,Latinate,9,27.9790,18
C,275,9011200,currently,Latinate,66,14.3248,30
C,275,9011200,demonstrate,Latinate,10,23.7936,30
C,275,9011200,depart,Latinate,12,15.8701,30
C,275,9011200,desire,Latinate,4,12.5724,30
C,275,9011200,difficult,Latinate,43,12.5551,30
C,275,9011200,discover,Latinate,20,15.9776,30
C,275,9011200,do,Germanic,30,6.7205,30
C,275,9011200,drink,Germanic,32,13.4841,30
C,275,9011200,earlier,Germanic,50,14.6214,30
C,275,9011200,end,Germanic,24,8.7856,30
C,275,9011200,enormous,Latinate,38,14.0380,30
C,275,9011200,enough,Germanic,44,10.4256,30
C,275,9011200,entire,Latinate,45,13.4611,30
C,275,9011200,error,Latinate,34,16.0219,30
C,275,9011200,fast,Germanic,42,13.3886,30
C,275,9011200,final,Latinate,59,11.1901,30
C,275,9011200,find,Germanic,20,9.2109,30
C,275,9011200,first,Germanic,52,10.2277,30
C,275,9011200,fortunate,Latinate,54,15.2783,30
C,275,9011200,frequently,Latinate,63,17.0652,30
C,275,9011200,get,Germanic,1,6.5975,30
C,275,9011200,gigantic,Latinate,39,31.6402,30
C,275,9011200,give,Germanic,5,8.1713,30
C,275,9011200,hard,Germanic,43,10.8230,30
C,275,9011200,have,Germanic,23,5.8218,30
C,275,9011200,help,Germanic,8,8.5599,30
C,275,9011200,hide,Germanic,19,13.9981,30
C,275,9011200,home,Germanic,33,10.8733,30
C,275,9011200,however,Latinate,60,10.7122,30
C,275,9011200,huge,Germanic,38,12.2444,30
C,275,9011200,ill,Latinate,57,13.1467,30
C,275,9011200,illness,Latinate,35,14.2061,30
C,275,9011200,immense,Latinate,40,14.6525,30
C,275,9011200,infant,Latinate,31,21.0762,30
C,275,9011200,initial,Latinate,52,15.6870,30
C,275,9011200,inquire,Latinate,16,23.6667,30
C,275,9011200,keep,Germanic,28,9.5471,30
C,275,9011200,last,Germanic,59,10.3239,30
C,275,9011200,leave,Germanic,12,10.3685,30
C,275,9011200,let,Germanic,13,10.5949,30
C,275,9011200,lucky,Germanic,54,13.7949,30
C,275,9011200,maintain,Latinate,29,16.9390,30
C,275,9011200,many,Germanic,46,10.2366,30
C,275,9011200,massive,Latinate,41,15.1467,30
C,275,9011200,maybe,Germanic,62,13.7648,30
C,275,9011200,mend,Germanic,22,25.8416,30
C,275,9011200,mistake,Germanic,34,12.9060,30
C,275,9011200,more,Germanic,48,9.6454,30
C,275,9011200,multiple,Latinate,47,17.3008,30
C,275,9011200,need,Germanic,3,10.2519,30
C,275,9011200,next,Germanic,53,10.1992,30
C,275,9011200,now,Germanic,66,10.1538,30
C,275,9011200,numerous,Latinate,46,16.4796,30
C,275,9011200,observe,Latinate,26,28.9137,30
C,275,9011200,obtain,Latinate,2,13.5955,30
C,275,9011200,occasionally,Latinate,65,16.6682,30
C,275,9011200,odd,Germanic,55,15.2599,30
C,275,9011200,often,Germanic,63,11.6208,30
C,275,9011200,old,Germanic,49,9.4483,30
C,275,9011200,peculiar,Latinate,56,16.5387,30
C,275,9011200,perform,Latinate,30,13.9567,30
C,275,9011200,perhaps,Latinate,62,12.6399,30
C,275,9011200,permit,Latinate,13,16.5414,30
C,275,9011200,possess,Latinate,23,15.7791,30
C,275,9011200,previous,Latinate,50,13.6356,30
C,275,9011200,previously,Latinate,64,16.2668,30
C,275,9011200,prior,Latinate,51,16.0922,30
C,275,9011200,provide,Latinate,5,13.3085,30
C,275,9011200,purchase,Latinate,11,16.3353,30
C,275,9011200,rapid,Latinate,42,16.0474,30
C,275,9011200,receive,Latinate,6,12.4442,30
C,275,9011200,remain,Latinate,27,13.7225,30
C,275,9011200,remainder,Latinate,36,29.6431,30
C,275,9011200,repair,Latinate,22,16.5383,30
C,275,9011200,reply,Latinate,17,15.2453,30
C,275,9011200,request,Latinate,15,13.3609,30
C,275,9011200,require,Latinate,3,16.8307,30
C,275,9011200,residence,Latinate,33,16.5526,30
C,275,9011200,respond,Latinate,18,15.5519,30
C,275,9011200,rest,Germanic,36,8.7113,30
C,275,9011200,retain,Latinate,28,15.9841,30
C,275,9011200,safe,Germanic,58,12.3710,30
C,275,9011200,secure,Latinate,58,13.7685,30
C,275,9011200,see,Germanic,26,7.0585,30
C,275,9011200,select,Latinate,21,18.6667,30
C,275,9011200,shall,Latinate,67,8.8058,30
C,275,9011200,show,Germanic,10,9.9815,30
C,275,9011200,sick,Germanic,57,12.4169,30
C,275,9011200,sickness,Germanic,35,16.5029,30
C,275,9011200,so,Germanic,61,8.2976,30
C,275,9011200,sometimes,Germanic,65,12.9539,30
C,275,9011200,start,Germanic,25,11.4916,30
C,275,9011200,stay,Germanic,27,10.1537,30
C,275,9011200,strange,Latinate,55,12.6535,30
C,275,9011200,subsequent,Latinate,53,26.6105,30
C,275,9011200,sufficient,Latinate,44,16.0655,30
C,275,9011200,therefore,Latinate,61,12.1837,30
C,275,9011200,try,Germanic,7,9.9454,30
C,275,9011200,understand,Germanic,0,9.5340,30
C,275,9011200,want,Germanic,4,8.4932,30
C,275,9011200,whole,Germanic,45,8.6011,30
C,275,9011200,will,Germanic,67,9.2059,30
C,305,9994240,acquire,Latinate,1,27.1824,18
C,305,9994240,additional,Latinate,48,16.1572,30
C,305,9994240,allow,Latinate,14,11.1862,30
C,305,9994240,ancient,Latinate,49,13.8875,30
C,305,9994240,answer,Germanic,17,11.9465,30
C,305,9994240,ask,Germanic,15,8.6128,30
C,305,9994240,assist,Latinate,8,16.8570,30
C,305,9994240,assistance,Latinate,37,17.4669,30
C,305,9994240,attempt,Latinate,7,13.9221,30
C,305,9994240,baby,Germanic,31,11.2610,30
C,305,9994240,before,Germanic,64,10.2745,30
C,305,9994240,beverage,Latinate,32,38.7083,11
C,305,9994240,build,Germanic,9,10.7918,30
C,305,9994240,but,Germanic,60,5.6226,30
C,305,9994240,buy,Germanic,11,11.0772,30
C,305,9994240,choose,Germanic,21,13.9121,30
C,305,9994240,commence,Latinate,25,22.7524,14
C,305,9994240,comprehend,Latinate,0,37.3744,19
C,305,9994240,conceal,Latinate,19,22.9573,30
C,305,9994240,conclude,Latinate,24,25.2697,15
C,305,9994240,construct,Latinate,9,30.0934,18
C,305,9994240,currently,Latinate,66,15.0937,30
C,305,9994240,demonstrate,Latinate,10,23.5163,30
C,305,9994240,depart,Latinate,12,16.3070,30
C,305,9994240,desire,Latinate,4,13.1217,30
C,305,9994240,difficult,Latinate,43,12.2526,30
C,305,9994240,discover,Latinate,20,15.5187,30
C,305,9994240,do,Germanic,30,6.4380,30
C,305,9994240,drink,Germanic,32,13.1574,30
C,305,9994240,earlier,Germanic,50,14.8033,30
C,305,9994240,end,Germanic,24,8.7111,30
C,305,9994240,enormous,Latinate,38,12.8065,30
C,305,9994240,enough,Germanic,44,10.6960,30
C,305,9994240,entire,Latinate,45,13.3010,30
C,305,9994240,error,Latinate,34,13.1770,30
C,305,9994240,fast,Germanic,42,13.5568,30
C,305,9994240,final,Latinate,59,11.8498,30
C,305,9994240,find,Germanic,20,8.8341,30
C,305,9994240,first,Germanic,52,10.6272,30
C,305,9994240,fortunate,Latinate,54,14.2256,30
C,305,9994240,frequently,Latinate,63,17.7549,30
C,305,9994240,get,Germanic,1,7.1614,30
C,305,9994240,gigantic,Latinate,39,30.3754,30
C,305,9994240,give,Germanic,5,8.3207,30
C,305,9994240,hard,Germanic,43,11.1346,30
C,305,9994240,have,Germanic,23,5.6543,30
C,305,9994240,help,Germanic,8,8.5688,30
C,305,9994240,hide,Germanic,19,12.9470,30
C,305,9994240,home,Germanic,33,10.6434,30
C,305,9994240,however,Latinate,60,11.2932,30
C,305,9994240,huge,Germanic,38,12.0100,30
C,305,9994240,ill,Latinate,57,13.9902,30
C,305,9994240,illness,Latinate,35,13.5797,30
C,305,9994240,immense,Latinate,40,15.0079,30
C,305,9994240,infant,Latinate,31,21.3771,30
C,305,9994240,initial,Latinate,52,14.1431,30
C,305,9994240,inquire,Latinate,16,25.0861,30
C,305,9994240,keep,Germanic,28,9.3164,30
C,305,9994240,last,Germanic,59,10.7400,30
C,305,9994240,leave,Germanic,12,10.1218,30
C,305,9994240,let,Germanic,13,10.6535,30
C,305,9994240,lucky,Germanic,54,13.6569,30
C,305,9994240,maintain,Latinate,29,15.6917,30
C,305,9994240,many,Germanic,46,9.5168,30
C,305,9994240,massive,Latinate,41,15.9841,30
C,305,9994240,maybe,Germanic,62,13.8637,30
C,305,9994240,mend,Germanic,22,27.0789,30
C,305,9994240,mistake,Germanic,34,12.6843,30
C,305,9994240,more,Germanic,48,9.9078,30
C,305,9994240,multiple,Latinate,47,17.4235,30
C,305,9994240,need,Germanic,3,10.4530,30
C,305,9994240,next,Germanic,53,9.9584,30
C,305,9994240,now,Germanic,66,10.3905,30
C,305,9994240,numerous,Latinate,46,15.2714,30
C,305,9994240,observe,Latinate,26,26.1685,30
C,305,9994240,obtain,Latinate,2,15.1751,30
C,305,9994240,occasionally,Latinate,65,16.4870,30
C,305,9994240,odd,Germanic,55,14.9897,30
C,305,9994240,often,Germanic,63,12.3473,30
C,305,9994240,old,Germanic,49,9.2559,30
C,305,9994240,peculiar,Latinate,56,15.8743,30
C,305,9994240,perform,Latinate,30,14.9104,30
C,305,9994240,perhaps,Latinate,62,12.1188,30
C,305,9994240,permit,Latinate,13,16.3141,30
C,305,9994240,possess,Latinate,23,15.7173,30
C,305,9994240,previous,Latinate,50,12.7181,30
C,305,9994240,previously,Latinate,64,16.1359,30
C,305,9994240,prior,Latinate,51,15.8117,30
C,305,9994240,provide,Latinate,5,12.7309,30
C,305,9994240,purchase,Latinate,11,16.6112,30
C,305,9994240,rapid,Latinate,42,16.1355,30
C,305,9994240,receive,Latinate,6,13.1070,30
C,305,9994240,remain,Latinate,27,14.1745,30
C,305,9994240,remainder,Latinate,36,30.0551,30
C,305,9994240,repair,Latinate,22,17.0218,30
C,305,9994240,reply,Latinate,17,14.2200,30
C,305,9994240,request,Latinate,15,13.3047,30
C,305,9994240,require,Latinate,3,16.7833,30
C,305,9994240,residence,Latinate,33,17.1743,30
C,305,9994240,respond,Latinate,18,16.2919,30
C,305,9994240,rest,Germanic,36,8.2719,30
C,305,9994240,retain,Latinate,28,15.4276,30
C,305,9994240,safe,Germanic,58,13.1871,30
C,305,9994240,secure,Latinate,58,14.3393,30
C,305,9994240,see,Germanic,26,6.7264,30
C,305,9994240,select,Latinate,21,17.1139,30
C,305,9994240,shall,Latinate,67,9.6240,30
C,305,9994240,show,Germanic,10,10.2582,30
C,305,9994240,sick,Germanic,57,12.3428,30
C,305,9994240,sickness,Germanic,35,15.7269,30
C,305,9994240,so,Germanic,61,8.1370,30
C,305,9994240,sometimes,Germanic,65,12.7723,30
C,305,9994240,start,Germanic,25,11.4593,30
C,305,9994240,stay,Germanic,27,10.4535,30
C,305,9994240,strange,Latinate,55,12.9400,30
C,305,9994240,subsequent,Latinate,53,26.9445,30
C,305,9994240,sufficient,Latinate,44,16.0957,30
C,305,9994240,therefore,Latinate,61,11.9786,30
C,305,9994240,try,Germanic,7,9.6849,30
C,305,9994240,understand,Germanic,0,9.4757,30
C,305,9994240,want,Germanic,4,8.2731,30
C,305,9994240,whole,Germanic,45,8.5968,30
C,305,9994240,will,Germanic,67,9.6386,30
C,610,19988480,acquire,Latinate,1,25.7089,18
C,610,19988480,additional,Latinate,48,15.2141,30
C,610,19988480,allow,Latinate,14,10.9273,30
C,610,19988480,ancient,Latinate,49,14.2945,30
C,610,19988480,answer,Germanic,17,11.2607,30
C,610,19988480,ask,Germanic,15,9.1978,30
C,610,19988480,assist,Latinate,8,15.7985,30
C,610,19988480,assistance,Latinate,37,16.6451,30
C,610,19988480,attempt,Latinate,7,11.6645,30
C,610,19988480,baby,Germanic,31,10.4590,30
C,610,19988480,before,Germanic,64,9.7865,30
C,610,19988480,beverage,Latinate,32,40.5832,11
C,610,19988480,build,Germanic,9,10.8963,30
C,610,19988480,but,Germanic,60,6.1480,30
C,610,19988480,buy,Germanic,11,10.5724,30
C,610,19988480,choose,Germanic,21,14.2266,30
C,610,19988480,commence,Latinate,25,24.6383,14
C,610,19988480,comprehend,Latinate,0,37.2068,19
C,610,19988480,conceal,Latinate,19,22.8943,30
C,610,19988480,conclude,Latinate,24,22.9043,15
C,610,19988480,construct,Latinate,9,24.4130,18
C,610,19988480,currently,Latinate,66,13.0376,30
C,610,19988480,demonstrate,Latinate,10,18.5471,30
C,610,19988480,depart,Latinate,12,15.1909,30
C,610,19988480,desire,Latinate,4,12.8239,30
C,610,19988480,difficult,Latinate,43,9.8916,30
C,610,19988480,discover,Latinate,20,15.0913,30
C,610,19988480,do,Germanic,30,6.6237,30
C,610,19988480,drink,Germanic,32,12.8454,30
C,610,19988480,earlier,Germanic,50,13.9517,30
C,610,19988480,end,Germanic,24,8.2939,30
C,610,19988480,enormous,Latinate,38,9.9881,30
C,610,19988480,enough,Germanic,44,9.9465,30
C,610,19988480,entire,Latinate,45,12.6944,30
C,610,19988480,error,Latinate,34,15.8149,30
C,610,19988480,fast,Germanic,42,11.9777,30
C,610,19988480,final,Latinate,59,11.1806,30
C,610,19988480,find,Germanic,20,9.4792,30
C,610,19988480,first,Germanic,52,10.5690,30
C,610,19988480,fortunate,Latinate,54,14.6117,30
C,610,19988480,frequently,Latinate,63,15.6320,30
C,610,19988480,get,Germanic,1,5.8939,30
C,610,19988480,gigantic,Latinate,39,26.2149,30
C,610,19988480,give,Germanic,5,7.8605,30
C,610,19988480,hard,Germanic,43,10.3290,30
C,610,19988480,have,Germanic,23,5.4858,30
C,610,19988480,help,Germanic,8,8.6501,30
C,610,19988480,hide,Germanic,19,12.0661,30
C,610,19988480,home,Germanic,33,10.3412,30
C,610,19988480,however,Latinate,60,11.0097,30
C,610,19988480,huge,Germanic,38,11.9615,30
C,610,19988480,ill,Latinate,57,12.5729,30
C,610,19988480,illness,Latinate,35,14.1113,30
C,610,19988480,immense,Latinate,40,13.9141,30
C,610,19988480,infant,Latinate,31,21.9516,30
C,610,19988480,initial,Latinate,52,13.0077,30
C,610,19988480,inquire,Latinate,16,22.3388,30
C,610,19988480,keep,Germanic,28,9.3733,30
C,610,19988480,last,Germanic,59,10.1866,30
C,610,19988480,leave,Germanic,12,10.6647,30
C,610,19988480,let,Germanic,13,11.2245,30
C,610,19988480,lucky,Germanic,54,13.1164,30
C,610,19988480,maintain,Latinate,29,14.2223,30
C,610,19988480,many,Germanic,46,9.2714,30
C,610,19988480,massive,Latinate,41,14.9896,30
C,610,19988480,maybe,Germanic,62,13.0631,30
C,610,19988480,mend,Germanic,22,25.6631,30
C,610,19988480,mistake,Germanic,34,12.2774,30
C,610,19988480,more,Germanic,48,8.9368,30
C,610,19988480,multiple,Latinate,47,15.7728,30
C,610,19988480,need,Germanic,3,9.8430,30
C,610,19988480,next,Germanic,53,9.4395,30
C,610,19988480,now,Germanic,66,10.0937,30
C,610,19988480,numerous,Latinate,46,15.2571,30
C,610,19988480,observe,Latinate,26,24.2824,30
C,610,19988480,obtain,Latinate,2,13.1850,30
C,610,19988480,occasionally,Latinate,65,17.2481,30
C,610,19988480,odd,Germanic,55,14.0618,30
C,610,19988480,often,Germanic,63,11.5740,30
C,610,19988480,old,Germanic,49,8.5341,30
C,610,19988480,peculiar,Latinate,56,16.1376,30
C,610,19988480,perform,Latinate,30,13.7950,30
C,610,19988480,perhaps,Latinate,62,11.8473,30
C,610,19988480,permit,Latinate,13,14.3421,30
C,610,19988480,possess,Latinate,23,14.2891,30
C,610,19988480,previous,Latinate,50,11.4745,30
C,610,19988480,previously,Latinate,64,16.9388,30
C,610,19988480,prior,Latinate,51,16.0922,30
C,610,19988480,provide,Latinate,5,11.2067,30
C,610,19988480,purchase,Latinate,11,16.9902,30
C,610,19988480,rapid,Latinate,42,13.9074,30
C,610,19988480,receive,Latinate,6,12.3293,30
C,610,19988480,remain,Latinate,27,14.2213,30
C,610,19988480,remainder,Latinate,36,30.9650,30
C,610,19988480,repair,Latinate,22,16.3637,30
C,610,19988480,reply,Latinate,17,14.7467,30
C,610,19988480,request,Latinate,15,14.4811,30
C,610,19988480,require,Latinate,3,14.6233,30
C,610,19988480,residence,Latinate,33,15.3532,30
C,610,19988480,respond,Latinate,18,15.8079,30
C,610,19988480,rest,Germanic,36,8.3401,30
C,610,19988480,retain,Latinate,28,16.3707,30
C,610,19988480,safe,Germanic,58,12.3066,30
C,610,19988480,secure,Latinate,58,14.1561,30
C,610,19988480,see,Germanic,26,6.1378,30
C,610,19988480,select,Latinate,21,17.0488,30
C,610,19988480,shall,Latinate,67,9.0782,30
C,610,19988480,show,Germanic,10,10.6012,30
C,610,19988480,sick,Germanic,57,12.4497,30
C,610,19988480,sickness,Germanic,35,15.2296,30
C,610,19988480,so,Germanic,61,7.7943,30
C,610,19988480,sometimes,Germanic,65,11.7354,30
C,610,19988480,start,Germanic,25,10.8106,30
C,610,19988480,stay,Germanic,27,10.3732,30
C,610,19988480,strange,Latinate,55,13.0676,30
C,610,19988480,subsequent,Latinate,53,24.2052,30
C,610,19988480,sufficient,Latinate,44,16.1559,30
C,610,19988480,therefore,Latinate,61,11.0175,30
C,610,19988480,try,Germanic,7,9.3908,30
C,610,19988480,understand,Germanic,0,10.3982,30
C,610,19988480,want,Germanic,4,6.7250,30
C,610,19988480,whole,Germanic,45,7.9526,30
C,610,19988480,will,Germanic,67,8.9750,30
C,916,30015488,acquire,Latinate,1,26.1655,18
C,916,30015488,additional,Latinate,48,15.3138,30
C,916,30015488,allow,Latinate,14,11.7056,30
C,916,30015488,ancient,Latinate,49,12.7464,30
C,916,30015488,answer,Germanic,17,11.1145,30
C,916,30015488,ask,Germanic,15,8.6838,30
C,916,30015488,assist,Latinate,8,16.4617,30
C,916,30015488,assistance,Latinate,37,15.4349,30
C,916,30015488,attempt,Latinate,7,12.1210,30
C,916,30015488,baby,Germanic,31,11.5530,30
C,916,30015488,before,Germanic,64,10.3716,30
C,916,30015488,beverage,Latinate,32,38.9121,11
C,916,30015488,build,Germanic,9,11.4029,30
C,916,30015488,but,Germanic,60,5.6229,30
C,916,30015488,buy,Germanic,11,10.2068,30
C,916,30015488,choose,Germanic,21,13.2129,30
C,916,30015488,commence,Latinate,25,26.1348,14
C,916,30015488,comprehend,Latinate,0,32.5514,19
C,916,30015488,conceal,Latinate,19,19.5859,30
C,916,30015488,conclude,Latinate,24,21.9640,15
C,916,30015488,construct,Latinate,9,24.7252,18
C,916,30015488,currently,Latinate,66,12.6938,30
C,916,30015488,demonstrate,Latinate,10,18.2664,30
C,916,30015488,depart,Latinate,12,15.5615,30
C,916,30015488,desire,Latinate,4,13.2854,30
C,916,30015488,difficult,Latinate,43,9.5131,30
C,916,30015488,discover,Latinate,20,14.9562,30
C,916,30015488,do,Germanic,30,6.2863,30
C,916,30015488,drink,Germanic,32,13.6527,30
C,916,30015488,earlier,Germanic,50,13.2164,30
C,916,30015488,end,Germanic,24,8.0389,30
C,916,30015488,enormous,Latinate,38,11.4514,30
C,916,30015488,enough,Germanic,44,9.9248,30
C,916,30015488,entire,Latinate,45,12.9410,30
C,916,30015488,error,Latinate,34,13.2474,30
C,916,30015488,fast,Germanic,42,12.2972,30
C,916,30015488,final,Latinate,59,11.5656,30
C,916,30015488,find,Germanic,20,9.4999,30
C,916,30015488,first,Germanic,52,10.3064,30
C,916,30015488,fortunate,Latinate,54,14.9254,30
C,916,30015488,frequently,Latinate,63,16.0946,30
C,916,30015488,get,Germanic,1,6.7964,30
C,916,30015488,gigantic,Latinate,39,23.8117,30
C,916,30015488,give,Germanic,5,8.9719,30
C,916,30015488,hard,Germanic,43,10.4461,30
C,916,30015488,have,Germanic,23,5.4046,30
C,916,30015488,help,Germanic,8,7.8731,30
C,916,30015488,hide,Germanic,19,12.6686,30
C,916,30015488,home,Germanic,33,10.5657,30
C,916,30015488,however,Latinate,60,10.6923,30
C,916,30015488,huge,Germanic,38,13.0020,30
C,916,30015488,ill,Latinate,57,12.7408,30
C,916,30015488,illness,Latinate,35,14.7418,30
C,916,30015488,immense,Latinate,40,13.4353,30
C,916,30015488,infant,Latinate,31,20.5994,30
C,916,30015488,initial,Latinate,52,14.1310,30
C,916,30015488,inquire,Latinate,16,21.9494,30
C,916,30015488,keep,Germanic,28,8.5414,30
C,916,30015488,last,Germanic,59,9.8269,30
C,916,30015488,leave,Germanic,12,10.4778,30
C,916,30015488,let,Germanic,13,10.9291,30
C,916,30015488,lucky,Germanic,54,13.5370,30
C,916,30015488,maintain,Latinate,29,13.9800,30
C,916,30015488,many,Germanic,46,9.4087,30
C,916,30015488,massive,Latinate,41,15.8568,30
C,916,30015488,maybe,Germanic,62,12.5990,30
C,916,30015488,mend,Germanic,22,23.3546,30
C,916,30015488,mistake,Germanic,34,9.7990,30
C,916,30015488,more,Germanic,48,9.0172,30
C,916,30015488,multiple,Latinate,47,14.6471,30
C,916,30015488,need,Germanic,3,8.8610,30
C,916,30015488,next,Germanic,53,10.1000,30
C,916,30015488,now,Germanic,66,9.7361,30
C,916,30015488,numerous,Latinate,46,14.3939,30
C,916,30015488,observe,Latinate,26,20.5316,30
C,916,30015488,obtain,Latinate,2,12.1067,30
C,916,30015488,occasionally,Latinate,65,15.8660,30
C,916,30015488,odd,Germanic,55,13.6062,30
C,916,30015488,often,Germanic,63,11.2556,30
C,916,30015488,old,Germanic,49,9.3609,30
C,916,30015488,peculiar,Latinate,56,15.4342,30
C,916,30015488,perform,Latinate,30,13.9431,30
C,916,30015488,perhaps,Latinate,62,11.0392,30
C,916,30015488,permit,Latinate,13,14.8796,30
C,916,30015488,possess,Latinate,23,13.4341,30
C,916,30015488,previous,Latinate,50,12.3779,30
C,916,30015488,previously,Latinate,64,15.0847,30
C,916,30015488,prior,Latinate,51,14.3666,30
C,916,30015488,provide,Latinate,5,10.8755,30
C,916,30015488,purchase,Latinate,11,15.6551,30
C,916,30015488,rapid,Latinate,42,15.0296,30
C,916,30015488,receive,Latinate,6,12.4503,30
C,916,30015488,remain,Latinate,27,14.4456,30
C,916,30015488,remainder,Latinate,36,25.7800,30
C,916,30015488,repair,Latinate,22,15.7284,30
C,916,30015488,reply,Latinate,17,13.9972,30
C,916,30015488,request,Latinate,15,12.8751,30
C,916,30015488,require,Latinate,3,14.3734,30
C,916,30015488,residence,Latinate,33,15.8769,30
C,916,30015488,respond,Latinate,18,13.8699,30
C,916,30015488,rest,Germanic,36,8.2835,30
C,916,30015488,retain,Latinate,28,14.7684,30
C,916,30015488,safe,Germanic,58,11.8914,30
C,916,30015488,secure,Latinate,58,12.9373,30
C,916,30015488,see,Germanic,26,6.7804,30
C,916,30015488,select,Latinate,21,16.3241,30
C,916,30015488,shall,Latinate,67,7.5711,30
C,916,30015488,show,Germanic,10,11.0148,30
C,916,30015488,sick,Germanic,57,12.8966,30
C,916,30015488,sickness,Germanic,35,15.6516,30
C,916,30015488,so,Germanic,61,8.1113,30
C,916,30015488,sometimes,Germanic,65,11.9948,30
C,916,30015488,start,Germanic,25,11.1621,30
C,916,30015488,stay,Germanic,27,10.0969,30
C,916,30015488,strange,Latinate,55,12.7392,30
C,916,30015488,subsequent,Latinate,53,23.8497,30
C,916,30015488,sufficient,Latinate,44,15.9388,30
C,916,30015488,therefore,Latinate,61,11.2653,30
C,916,30015488,try,Germanic,7,8.7564,30
C,916,30015488,understand,Germanic,0,8.5133,30
C,916,30015488,want,Germanic,4,7.8851,30
C,916,30015488,whole,Germanic,45,8.5246,30
C,916,30015488,will,Germanic,67,8.6506,30
C,1221,40009728,acquire,Latinate,1,25.8390,18
C,1221,40009728,additional,Latinate,48,15.3380,30
C,1221,40009728,allow,Latinate,14,11.0918,30
C,1221,40009728,ancient,Latinate,49,13.6992,30
C,1221,40009728,answer,Germanic,17,10.5380,30
C,1221,40009728,ask,Germanic,15,8.5012,30
C,1221,40009728,assist,Latinate,8,15.0309,30
C,1221,40009728,assistance,Latinate,37,16.5483,30
C,1221,40009728,attempt,Latinate,7,12.3646,30
C,1221,40009728,baby,Germanic,31,11.1908,30
C,1221,40009728,before,Germanic,64,9.6168,30
C,1221,40009728,beverage,Latinate,32,38.6270,11
C,1221,40009728,build,Germanic,9,10.5997,30
C,1221,40009728,but,Germanic,60,4.6324,30
C,1221,40009728,buy,Germanic,11,9.8133,30
C,1221,40009728,choose,Germanic,21,11.6185,30
C,1221,40009728,commence,Latinate,25,25.4984,14
C,1221,40009728,comprehend,Latinate,0,28.4393,19
C,1221,40009728,conceal,Latinate,19,19.5881,30
C,1221,40009728,conclude,Latinate,24,20.9029,15
C,1221,40009728,construct,Latinate,9,21.5852,18
C,1221,40009728,currently,Latinate,66,13.9330,30
C,1221,40009728,demonstrate,Latinate,10,17.2720,30
C,1221,40009728,depart,Latinate,12,14.9540,30
C,1221,40009728,desire,Latinate,4,12.9132,30
C,1221,40009728,difficult,Latinate,43,8.7744,30
C,1221,40009728,discover,Latinate,20,13.7173,30
C,1221,40009728,do,Germanic,30,6.2588,30
C,1221,40009728,drink,Germanic,32,12.3078,30
C,1221,40009728,earlier,Germanic,50,13.9063,30
C,1221,40009728,end,Germanic,24,8.2644,30
C,1221,40009728,enormous,Latinate,38,11.0948,30
C,1221,40009728,enough,Germanic,44,8.5792,30
C,1221,40009728,entire,Latinate,45,12.4587,30
C,1221,40009728,error,Latinate,34,15.1583,30
C,1221,40009728,fast,Germanic,42,11.1815,30
C,1221,40009728,final,Latinate,59,11.4735,30
C,1221,40009728,find,Germanic,20,8.6002,30
C,1221,40009728,first,Germanic,52,10.0309,30
C,1221,40009728,fortunate,Latinate,54,14.6149,30
C,1221,40009728,frequently,Latinate,63,15.8356,30
C,1221,40009728,get,Germanic,1,5.9722,30
C,1221,40009728,gigantic,Latinate,39,19.2888,30
C,1221,40009728,give,Germanic,5,7.3510,30
C,1221,40009728,hard,Germanic,43,10.2471,30
C,1221,40009728,have,Germanic,23,5.0775,30
C,1221,40009728,help,Germanic,8,8.3808,30
C,1221,40009728,hide,Germanic,19,12.1091,30
C,1221,40009728,home,Germanic,33,9.9349,30
C,1221,40009728,however,Latinate,60,11.1592,30
C,1221,40009728,huge,Germanic,38,12.2462,30
C,1221,40009728,ill,Latinate,57,12.4322,30
C,1221,40009728,illness,Latinate,35,13.7956,30
C,1221,40009728,immense,Latinate,40,13.1334,30
C,1221,40009728,infant,Latinate,31,19.1191,30
C,1221,40009728,initial,Latinate,52,14.0839,30
C,1221,40009728,inquire,Latinate,16,22.4837,30
C,1221,40009728,keep,Germanic,28,8.5937,30
C,1221,40009728,last,Germanic,59,10.3191,30
C,1221,40009728,leave,Germanic,12,10.0478,30
C,1221,40009728,let,Germanic,13,9.4698,30
C,1221,40009728,lucky,Germanic,54,12.7808,30
C,1221,40009728,maintain,Latinate,29,15.3020,30
C,1221,40009728,many,Germanic,46,8.6269,30
C,1221,40009728,massive,Latinate,41,16.1704,30
C,1221,40009728,maybe,Germanic,62,12.4782,30
C,1221,40009728,mend,Germanic,22,21.2089,30
C,1221,40009728,mistake,Germanic,34,10.4893,30
C,1221,40009728,more,Germanic,48,8.8195,30
C,1221,40009728,multiple,Latinate,47,16.9806,30
C,1221,40009728,need,Germanic,3,8.9828,30
C,1221,40009728,next,Germanic,53,9.3535,30
C,1221,40009728,now,Germanic,66,8.9452,30
C,1221,40009728,numerous,Latinate,46,16.0870,30
C,1221,40009728,observe,Latinate,26,20.9354,30
C,1221,40009728,obtain,Latinate,2,12.9037,30
C,1221,40009728,occasionally,Latinate,65,16.0269,30
C,1221,40009728,odd,Germanic,55,13.6472,30
C,1221,40009728,often,Germanic,63,11.6696,30
C,1221,40009728,old,Germanic,49,8.7572,30
C,1221,40009728,peculiar,Latinate,56,13.9611,30
C,1221,40009728,perform,Latinate,30,13.8407,30
C,1221,40009728,perhaps,Latinate,62,11.3894,30
C,1221,40009728,permit,Latinate,13,14.4351,30
C,1221,40009728,possess,Latinate,23,13.9589,30
C,1221,40009728,previous,Latinate,50,11.6701,30
C,1221,40009728,previously,Latinate,64,14.0804,30
C,1221,40009728,prior,Latinate,51,14.2872,30
C,1221,40009728,provide,Latinate,5,10.8412,30
C,1221,40009728,purchase,Latinate,11,16.3282,30
C,1221,40009728,rapid,Latinate,42,14.0403,30
C,1221,40009728,receive,Latinate,6,12.1322,30
C,1221,40009728,remain,Latinate,27,13.6754,30
C,1221,40009728,remainder,Latinate,36,23.0854,30
C,1221,40009728,repair,Latinate,22,16.9580,30
C,1221,40009728,reply,Latinate,17,13.9112,30
C,1221,40009728,request,Latinate,15,13.6470,30
C,1221,40009728,require,Latinate,3,13.9753,30
C,1221,40009728,residence,Latinate,33,16.9245,30
C,1221,40009728,respond,Latinate,18,14.6452,30
C,1221,40009728,rest,Germanic,36,7.3523,30
C,1221,40009728,retain,Latinate,28,16.4148,30
C,1221,40009728,safe,Germanic,58,11.2280,30
C,1221,40009728,secure,Latinate,58,12.9973,30
C,1221,40009728,see,Germanic,26,5.8884,30
C,1221,40009728,select,Latinate,21,16.8291,30
C,1221,40009728,shall,Latinate,67,5.7583,30
C,1221,40009728,show,Germanic,10,11.0537,30
C,1221,40009728,sick,Germanic,57,12.6854,30
C,1221,40009728,sickness,Germanic,35,15.1417,30
C,1221,40009728,so,Germanic,61,7.0570,30
C,1221,40009728,sometimes,Germanic,65,11.1534,30
C,1221,40009728,start,Germanic,25,10.2010,30
C,1221,40009728,stay,Germanic,27,9.0556,30
C,1221,40009728,strange,Latinate,55,12.8162,30
C,1221,40009728,subsequent,Latinate,53,21.7060,30
C,1221,40009728,sufficient,Latinate,44,14.9698,30
C,1221,40009728,therefore,Latinate,61,10.8856,30
C,1221,40009728,try,Germanic,7,8.4056,30
C,1221,40009728,understand,Germanic,0,9.1017,30
C,1221,40009728,want,Germanic,4,7.1113,30
C,1221,40009728,whole,Germanic,45,8.2240,30
C,1221,40009728,will,Germanic,67,7.9905,30
C,1526,50003968,acquire,Latinate,1,23.8805,18
C,1526,50003968,additional,Latinate,48,14.6934,30
C,1526,50003968,allow,Latinate,14,10.0756,30
C,1526,50003968,ancient,Latinate,49,12.1627,30
C,1526,50003968,answer,Germanic,17,10.2463,30
C,1526,50003968,ask,Germanic,15,8.2431,30
C,1526,50003968,assist,Latinate,8,16.4217,30
C,1526,50003968,assistance,Latinate,37,12.8630,30
C,1526,50003968,attempt,Latinate,7,12.3942,30
C,1526,50003968,baby,Germanic,31,11.7435,30
C,1526,50003968,before,Germanic,64,9.1434,30
C,1526,50003968,beverage,Latinate,32,35.8770,11
C,1526,50003968,build,Germanic,9,10.2173,30
C,1526,50003968,but,Germanic,60,5.3045,30
C,1526,50003968,buy,Germanic,11,9.1568,30
C,1526,50003968,choose,Germanic,21,13.7460,30
C,1526,50003968,commence,Latinate,25,22.6152,14
C,1526,50003968,comprehend,Latinate,0,25.3720,19
C,1526,50003968,conceal,Latinate,19,16.9882,30
C,1526,50003968,conclude,Latinate,24,18.5711,15
C,1526,50003968,construct,Latinate,9,18.1715,18
C,1526,50003968,currently,Latinate,66,13.2225,30
C,1526,50003968,demonstrate,Latinate,10,14.8819,30
C,1526,50003968,depart,Latinate,12,14.8626,30
C,1526,50003968,desire,Latinate,4,12.1248,30
C,1526,50003968,difficult,Latinate,43,8.7335,30
C,1526,50003968,discover,Latinate,20,14.5888,30
C,1526,50003968,do,Germanic,30,6.4667,30
C,1526,50003968,drink,Germanic,32,12.2264,30
C,1526,50003968,earlier,Germanic,50,12.1914,30
C,1526,50003968,end,Germanic,24,8.2881,30
C,1526,50003968,enormous,Latinate,38,10.4417,30
C,1526,50003968,enough,Germanic,44,7.8139,30
C,1526,50003968,entire,Latinate,45,12.0232,30
C,1526,50003968,error,Latinate,34,13.0641,30
C,1526,50003968,fast,Germanic,42,9.4729,30
C,1526,50003968,final,Latinate,59,10.8917,30
C,1526,50003968,find,Germanic,20,7.9032,30
C,1526,50003968,first,Germanic,52,9.6081,30
C,1526,50003968,fortunate,Latinate,54,13.6562,30
C,1526,50003968,frequently,Latinate,63,16.5254,30
C,1526,50003968,get,Germanic,1,4.9022,30
C,1526,50003968,gigantic,Latinate,39,17.6926,30
C,1526,50003968,give,Germanic,5,8.5009,30
C,1526,50003968,hard,Germanic,43,9.6113,30
C,1526,50003968,have,Germanic,23,5.3585,30
C,1526,50003968,help,Germanic,8,7.6253,30
C,1526,50003968,hide,Germanic,19,11.4542,30
C,1526,50003968,home,Germanic,33,8.3053,30
C,1526,50003968,however,Latinate,60,12.3220,30
C,1526,50003968,huge,Germanic,38,11.8568,30
C,1526,50003968,ill,Latinate,57,11.7686,30
C,1526,50003968,illness,Latinate,35,13.3446,30
C,1526,50003968,immense,Latinate,40,13.5245,30
C,1526,50003968,infant,Latinate,31,19.2389,30
C,1526,50003968,initial,Latinate,52,14.7696,30
C,1526,50003968,inquire,Latinate,16,17.8829,30
C,1526,50003968,keep,Germanic,28,8.6894,30
C,1526,50003968,last,Germanic,59,9.3069,30
C,1526,50003968,leave,Germanic,12,9.9063,30
C,1526,50003968,let,Germanic,13,9.6298,30
C,1526,50003968,lucky,Germanic,54,11.7757,30
C,1526,50003968,maintain,Latinate,29,14.1612,30
C,1526,50003968,many,Germanic,46,7.5533,30
C,1526,50003968,massive,Latinate,41,14.4183,30
C,1526,50003968,maybe,Germanic,62,12.8670,30
C,1526,50003968,mend,Germanic,22,20.4092,30
C,1526,50003968,mistake,Germanic,34,10.1003,30
C,1526,50003968,more,Germanic,48,9.2804,30
C,1526,50003968,multiple,Latinate,47,14.8130,30
C,1526,50003968,need,Germanic,3,8.6349,30
C,1526,50003968,next,Germanic,53,9.5225,30
C,1526,50003968,now,Germanic,66,9.3458,30
C,1526,50003968,numerous,Latinate,46,15.4764,30
C,1526,50003968,observe,Latinate,26,18.9298,30
C,1526,50003968,obtain,Latinate,2,14.3830,30
C,1526,50003968,occasionally,Latinate,65,15.9057,30
C,1526,50003968,odd,Germanic,55,12.4167,30
C,1526,50003968,often,Germanic,63,10.7896,30
C,1526,50003968,old,Germanic,49,8.8219,30
C,1526,50003968,peculiar,Latinate,56,15.3411,30
C,1526,50003968,perform,Latinate,30,15.0024,30
C,1526,50003968,perhaps,Latinate,62,11.9488,30
C,1526,50003968,permit,Latinate,13,13.9386,30
C,1526,50003968,possess,Latinate,23,14.0586,30
C,1526,50003968,previous,Latinate,50,10.0929,30
C,1526,50003968,previously,Latinate,64,14.7955,30
C,1526,50003968,prior,Latinate,51,14.7666,30
C,1526,50003968,provide,Latinate,5,9.6824,30
C,1526,50003968,purchase,Latinate,11,14.8422,30
C,1526,50003968,rapid,Latinate,42,12.5022,30
C,1526,50003968,receive,Latinate,6,11.8843,30
C,1526,50003968,remain,Latinate,27,13.3940,30
C,1526,50003968,remainder,Latinate,36,20.8606,30
C,1526,50003968,repair,Latinate,22,15.5525,30
C,1526,50003968,reply,Latinate,17,15.3711,30
C,1526,50003968,request,Latinate,15,12.7535,30
C,1526,50003968,require,Latinate,3,13.6350,30
C,1526,50003968,residence,Latinate,33,15.1498,30
C,1526,50003968,respond,Latinate,18,14.0472,30
C,1526,50003968,rest,Germanic,36,8.0653,30
C,1526,50003968,retain,Latinate,28,16.2578,30
C,1526,50003968,safe,Germanic,58,11.3943,30
C,1526,50003968,secure,Latinate,58,12.4397,30
C,1526,50003968,see,Germanic,26,6.6318,30
C,1526,50003968,select,Latinate,21,16.1101,30
C,1526,50003968,shall,Latinate,67,6.8610,30
C,1526,50003968,show,Germanic,10,10.1761,30
C,1526,50003968,sick,Germanic,57,11.9902,30
C,1526,50003968,sickness,Germanic,35,15.8981,30
C,1526,50003968,so,Germanic,61,7.0356,30
C,1526,50003968,sometimes,Germanic,65,11.8717,30
C,1526,50003968,start,Germanic,25,10.1680,30
C,1526,50003968,stay,Germanic,27,8.6293,30
C,1526,50003968,strange,Latinate,55,12.3452,30
C,1526,50003968,subsequent,Latinate,53,20.3379,30
C,1526,50003968,sufficient,Latinate,44,15.1229,30
C,1526,50003968,therefore,Latinate,61,11.6233,30
C,1526,50003968,try,Germanic,7,7.6610,30
C,1526,50003968,understand,Germanic,0,9.5590,30
C,1526,50003968,want,Germanic,4,7.5041,30
C,1526,50003968,whole,Germanic,45,8.0635,30
C,1526,50003968,will,Germanic,67,7.9374,30
C,1831,59998208,acquire,Latinate,1,21.9847,18
C,1831,59998208,additional,Latinate,48,14.2887,30
C,1831,59998208,allow,Latinate,14,10.8748,30
C,1831,59998208,ancient,Latinate,49,12.2027,30
C,1831,59998208,answer,Germanic,17,11.0515,30
C,1831,59998208,ask,Germanic,15,8.4754,30
C,1831,59998208,assist,Latinate,8,14.0321,30
C,1831,59998208,assistance,Latinate,37,13.3868,30
C,1831,59998208,attempt,Latinate,7,12.1197,30
C,1831,59998208,baby,Germanic,31,11.9452,30
C,1831,59998208,before,Germanic,64,9.0896,30
C,1831,59998208,beverage,Latinate,32,34.3568,11
C,1831,59998208,build,Germanic,9,9.7157,30
C,1831,59998208,but,Germanic,60,5.0550,30
C,1831,59998208,buy,Germanic,11,10.2522,30
C,1831,59998208,choose,Germanic,21,13.4733,30
C,1831,59998208,commence,Latinate,25,22.5814,14
C,1831,59998208,comprehend,Latinate,0,28.6182,19
C,1831,59998208,conceal,Latinate,19,19.6030,30
C,1831,59998208,conclude,Latinate,24,18.4840,15
C,1831,59998208,construct,Latinate,9,19.4385,18
C,1831,59998208,currently,Latinate,66,13.5474,30
C,1831,59998208,demonstrate,Latinate,10,14.3682,30
C,1831,59998208,depart,Latinate,12,14.5776,30
C,1831,59998208,desire,Latinate,4,11.9692,30
C,1831,59998208,difficult,Latinate,43,8.4042,30
C,1831,59998208,discover,Latinate,20,12.3580,30
C,1831,59998208,do,Germanic,30,6.2841,30
C,1831,59998208,drink,Germanic,32,12.6658,30
C,1831,59998208,earlier,Germanic,50,12.9096,30
C,1831,59998208,end,Germanic,24,7.6074,30
C,1831,59998208,enormous,Latinate,38,11.1472,30
C,1831,59998208,enough,Germanic,44,7.6848,30
C,1831,59998208,entire,Latinate,45,11.6229,30
C,1831,59998208,error,Latinate,34,11.8794,30
C,1831,59998208,fast,Germanic,42,10.9237,30
C,1831,59998208,final,Latinate,59,10.9273,30
C,1831,59998208,find,Germanic,20,7.6186,30
C,1831,59998208,first,Germanic,52,9.6571,30
C,1831,59998208,fortunate,Latinate,54,13.3456,30
C,1831,59998208,frequently,Latinate,63,14.5993,30
C,1831,59998208,get,Germanic,1,5.0153,30
C,1831,59998208,gigantic,Latinate,39,17.0679,30
C,1831,59998208,give,Germanic,5,7.8843,30
C,1831,59998208,hard,Germanic,43,10.1732,30
C,1831,59998208,have,Germanic,23,4.7610,30
C,1831,59998208,help,Germanic,8,7.4435,30
C,1831,59998208,hide,Germanic,19,10.3828,30
C,1831,59998208,home,Germanic,33,8.6668,30
C,1831,59998208,however,Latinate,60,12.6924,30
C,1831,59998208,huge,Germanic,38,11.1991,30
C,1831,59998208,ill,Latinate,57,12.0967,30
C,1831,59998208,illness,Latinate,35,13.0897,30
C,1831,59998208,immense,Latinate,40,13.5629,30
C,1831,59998208,infant,Latinate,31,18.8222,30
C,1831,59998208,initial,Latinate,52,12.7661,30
C,1831,59998208,inquire,Latinate,16,15.4299,30
C,1831,59998208,keep,Germanic,28,9.1754,30
C,1831,59998208,last,Germanic,59,9.5845,30
C,1831,59998208,leave,Germanic,12,10.2944,30
C,1831,59998208,let,Germanic,13,10.2097,30
C,1831,59998208,lucky,Germanic,54,11.0327,30
C,1831,59998208,maintain,Latinate,29,14.0875,30
C,1831,59998208,many,Germanic,46,8.0608,30
C,1831,59998208,massive,Latinate,41,14.0299,30
C,1831,59998208,maybe,Germanic,62,12.3982,30
C,1831,59998208,mend,Germanic,22,22.3266,30
C,1831,59998208,mistake,Germanic,34,8.6996,30
C,1831,59998208,more,Germanic,48,9.0087,30
C,1831,59998208,multiple,Latinate,47,14.5252,30
C,1831,59998208,need,Germanic,3,8.6769,30
C,1831,59998208,next,Germanic,53,9.8355,30
C,1831,59998208,now,Germanic,66,9.2972,30
C,1831,59998208,numerous,Latinate,46,14.7693,30
C,1831,59998208,observe,Latinate,26,17.8135,30
C,1831,59998208,obtain,Latinate,2,12.5393,30
C,1831,59998208,occasionally,Latinate,65,15.9580,30
C,1831,59998208,odd,Germanic,55,11.8759,30
C,1831,59998208,often,Germanic,63,10.6112,30
C,1831,59998208,old,Germanic,49,8.9005,30
C,1831,59998208,peculiar,Latinate,56,15.4793,30
C,1831,59998208,perform,Latinate,30,12.7188,30
C,1831,59998208,perhaps,Latinate,62,10.7585,30
C,1831,59998208,permit,Latinate,13,13.1888,30
C,1831,59998208,possess,Latinate,23,13.4611,30
C,1831,59998208,previous,Latinate,50,11.1603,30
C,1831,59998208,previously,Latinate,64,13.5401,30
C,1831,59998208,prior,Latinate,51,14.3809,30
C,1831,59998208,provide,Latinate,5,9.9613,30
C,1831,59998208,purchase,Latinate,11,15.9302,30
C,1831,59998208,rapid,Latinate,42,12.9620,30
C,1831,59998208,receive,Latinate,6,11.6422,30
C,1831,59998208,remain,Latinate,27,13.0070,30
C,1831,59998208,remainder,Latinate,36,19.2306,30
C,1831,59998208,repair,Latinate,22,15.2399,30
C,1831,59998208,reply,Latinate,17,14.2299,30
C,1831,59998208,request,Latinate,15,12.7052,30
C,1831,59998208,require,Latinate,3,13.3452,30
C,1831,59998208,residence,Latinate,33,15.8439,30
C,1831,59998208,respond,Latinate,18,14.2533,30
C,1831,59998208,rest,Germanic,36,7.5519,30
C,1831,59998208,retain,Latinate,28,14.6331,30
C,1831,59998208,safe,Germanic,58,10.6196,30
C,1831,59998208,secure,Latinate,58,12.2658,30
C,1831,59998208,see,Germanic,26,5.6432,30
C,1831,59998208,select,Latinate,21,15.4504,30
C,1831,59998208,shall,Latinate,67,7.6600,30
C,1831,59998208,show,Germanic,10,10.5395,30
C,1831,59998208,sick,Germanic,57,12.8206,30
C,1831,59998208,sickness,Germanic,35,14.8351,30
C,1831,59998208,so,Germanic,61,7.0148,30
C,1831,59998208,sometimes,Germanic,65,11.3742,30
C,1831,59998208,start,Germanic,25,9.3071,30
C,1831,59998208,stay,Germanic,27,9.0831,30
C,1831,59998208,strange,Latinate,55,12.4451,30
C,1831,59998208,subsequent,Latinate,53,19.6805,30
C,1831,59998208,sufficient,Latinate,44,15.0830,30
C,1831,59998208,therefore,Latinate,61,9.9994,30
C,1831,59998208,try,Germanic,7,7.7064,30
C,1831,59998208,understand,Germanic,0,9.3369,30
C,1831,59998208,want,Germanic,4,7.3277,30
C,1831,59998208,whole,Germanic,45,8.8296,30
C,1831,59998208,will,Germanic,67,8.5323,30
C,2136,69992448,acquire,Latinate,1,23.7879,18
C,2136,69992448,additional,Latinate,48,14.1422,30
C,2136,69992448,allow,Latinate,14,10.8664,30
C,2136,69992448,ancient,Latinate,49,11.2273,30
C,2136,69992448,answer,Germanic,17,10.9470,30
C,2136,69992448,ask,Germanic,15,8.0810,30
C,2136,69992448,assist,Latinate,8,15.8958,30
C,2136,69992448,assistance,Latinate,37,14.3171,30
C,2136,69992448,attempt,Latinate,7,12.2022,30
C,2136,69992448,baby,Germanic,31,10.7696,30
C,2136,69992448,before,Germanic,64,9.1092,30
C,2136,69992448,beverage,Latinate,32,32.8335,11
C,2136,69992448,build,Germanic,9,11.0192,30
C,2136,69992448,but,Germanic,60,5.5084,30
C,2136,69992448,buy,Germanic,11,9.6578,30
C,2136,69992448,choose,Germanic,21,13.1459,30
C,2136,69992448,commence,Latinate,25,24.0363,14
C,2136,69992448,comprehend,Latinate,0,26.8209,19
C,2136,69992448,conceal,Latinate,19,17.4798,30
C,2136,69992448,conclude,Latinate,24,18.5324,15
C,2136,69992448,construct,Latinate,9,17.5447,18
C,2136,69992448,currently,Latinate,66,12.5304,30
C,2136,69992448,demonstrate,Latinate,10,14.3097,30
C,2136,69992448,depart,Latinate,12,14.6359,30
C,2136,69992448,desire,Latinate,4,11.7216,30
C,2136,69992448,difficult,Latinate,43,7.6597,30
C,2136,69992448,discover,Latinate,20,13.2585,30
C,2136,69992448,do,Germanic,30,6.5829,30
C,2136,69992448,drink,Germanic,32,12.1258,30
C,2136,69992448,earlier,Germanic,50,12.1382,30
C,2136,69992448,end,Germanic,24,8.2234,30
C,2136,69992448,enormous,Latinate,38,9.9243,30
C,2136,69992448,enough,Germanic,44,7.0289,30
C,2136,69992448,entire,Latinate,45,12.5088,30
C,2136,69992448,error,Latinate,34,11.1390,30
C,2136,69992448,fast,Germanic,42,11.5611,30
C,2136,69992448,final,Latinate,59,11.4463,30
C,2136,69992448,find,Germanic,20,7.2249,30
C,2136,69992448,first,Germanic,52,9.5618,30
C,2136,69992448,fortunate,Latinate,54,13.6005,30
C,2136,69992448,frequently,Latinate,63,13.7494,30
C,2136,69992448,get,Germanic,1,5.7413,30
C,2136,69992448,gigantic,Latinate,39,16.5155,30
C,2136,69992448,give,Germanic,5,8.0713,30
C,2136,69992448,hard,Germanic,43,9.1605,30
C,2136,69992448,have,Germanic,23,5.0466,30
C,2136,69992448,help,Germanic,8,7.5466,30
C,2136,69992448,hide,Germanic,19,10.6902,30
C,2136,69992448,home,Germanic,33,8.2388,30
C,2136,69992448,however,Latinate,60,12.5844,30
C,2136,69992448,huge,Germanic,38,10.6266,30
C,2136,69992448,ill,Latinate,57,10.8062,30
C,2136,69992448,illness,Latinate,35,12.6681,30
C,2136,69992448,immense,Latinate,40,13.1927,30
C,2136,69992448,infant,Latinate,31,18.6137,30
C,2136,69992448,initial,Latinate,52,14.6570,30
C,2136,69992448,inquire,Latinate,16,16.8874,30
C,2136,69992448,keep,Germanic,28,9.1322,30
C,2136,69992448,last,Germanic,59,9.2841,30
C,2136,69992448,leave,Germanic,12,10.6356,30
C,2136,69992448,let,Germanic,13,9.8949,30
C,2136,69992448,lucky,Germanic,54,10.6000,30
C,2136,69992448,maintain,Latinate,29,14.5941,30
C,2136,69992448,many,Germanic,46,7.4629,30
C,2136,69992448,massive,Latinate,41,14.0353,30
C,2136,69992448,maybe,Germanic,62,11.8931,30
C,2136,69992448,mend,Germanic,22,20.6826,30
C,2136,69992448,mistake,Germanic,34,7.8649,30
C,2136,69992448,more,Germanic,48,9.2100,30
C,2136,69992448,multiple,Latinate,47,15.4344,30
C,2136,69992448,need,Germanic,3,7.7904,30
C,2136,69992448,next,Germanic,53,9.9782,30
C,2136,69992448,now,Germanic,66,9.5557,30
C,2136,69992448,numerous,Latinate,46,14.8240,30
C,2136,69992448,observe,Latinate,26,16.1295,30
C,2136,69992448,obtain,Latinate,2,12.7259,30
C,2136,69992448,occasionally,Latinate,65,14.6879,30
C,2136,69992448,odd,Germanic,55,11.5045,30
C,2136,69992448,often,Germanic,63,9.7173,30
C,2136,69992448,old,Germanic,49,7.9683,30
C,2136,69992448,peculiar,Latinate,56,14.8256,30
C,2136,69992448,perform,Latinate,30,13.0177,30
C,2136,69992448,perhaps,Latinate,62,11.1162,30
C,2136,69992448,permit,Latinate,13,13.4118,30
C,2136,69992448,possess,Latinate,23,13.4278,30
C,2136,69992448,previous,Latinate,50,10.6303,30
C,2136,69992448,previously,Latinate,64,12.7913,30
C,2136,69992448,prior,Latinate,51,13.2304,30
C,2136,69992448,provide,Latinate,5,10.2066,30
C,2136,69992448,purchase,Latinate,11,14.7294,30
C,2136,69992448,rapid,Latinate,42,11.4309,30
C,2136,69992448,receive,Latinate,6,11.8576,30
C,2136,69992448,remain,Latinate,27,12.4282,30
C,2136,69992448,remainder,Latinate,36,15.5700,30
C,2136,69992448,repair,Latinate,22,14.9379,30
C,2136,69992448,reply,Latinate,17,13.8187,30
C,2136,69992448,request,Latinate,15,13.6934,30
C,2136,69992448,require,Latinate,3,12.8772,30
C,2136,69992448,residence,Latinate,33,15.5040,30
C,2136,69992448,respond,Latinate,18,14.0185,30
C,2136,69992448,rest,Germanic,36,8.0215,30
C,2136,69992448,retain,Latinate,28,14.4141,30
C,2136,69992448,safe,Germanic,58,11.5174,30
C,2136,69992448,secure,Latinate,58,13.4172,30
C,2136,69992448,see,Germanic,26,4.7558,30
C,2136,69992448,select,Latinate,21,14.9849,30
C,2136,69992448,shall,Latinate,67,7.4082,30
C,2136,69992448,show,Germanic,10,10.0025,30
C,2136,69992448,sick,Germanic,57,12.1367,30
C,2136,69992448,sickness,Germanic,35,14.2998,30
C,2136,69992448,so,Germanic,61,6.7026,30
C,2136,69992448,sometimes,Germanic,65,10.3753,30
C,2136,69992448,start,Germanic,25,10.0703,30
C,2136,69992448,stay,Germanic,27,9.1808,30
C,2136,69992448,strange,Latinate,55,11.9788,30
C,2136,69992448,subsequent,Latinate,53,19.0589,30
C,2136,69992448,sufficient,Latinate,44,14.1638,30
C,2136,69992448,therefore,Latinate,61,10.4854,30
C,2136,69992448,try,Germanic,7,8.7295,30
C,2136,69992448,understand,Germanic,0,9.4521,30
C,2136,69992448,want,Germanic,4,7.3691,30
C,2136,69992448,whole,Germanic,45,8.0228,30
C,2136,69992448,will,Germanic,67,8.4459,30
C,2441,79986688,acquire,Latinate,1,19.3152,18
C,2441,79986688,additional,Latinate,48,13.3137,30
C,2441,79986688,allow,Latinate,14,9.6332,30
C,2441,79986688,ancient,Latinate,49,12.1140,30
C,2441,79986688,answer,Germanic,17,10.4716,30
C,2441,79986688,ask,Germanic,15,7.6997,30
C,2441,79986688,assist,Latinate,8,15.1198,30
C,2441,79986688,assistance,Latinate,37,11.5530,30
C,2441,79986688,attempt,Latinate,7,11.3749,30
C,2441,79986688,baby,Germanic,31,11.0469,30
C,2441,79986688,before,Germanic,64,9.5372,30
C,2441,79986688,beverage,Latinate,32,31.5219,11
C,2441,79986688,build,Germanic,9,10.5575,30
C,2441,79986688,but,Germanic,60,4.8760,30
C,2441,79986688,buy,Germanic,11,9.5730,30
C,2441,79986688,choose,Germanic,21,12.5280,30
C,2441,79986688,commence,Latinate,25,19.5164,14
C,2441,79986688,comprehend,Latinate,0,20.7260,19
C,2441,79986688,conceal,Latinate,19,15.9313,30
C,2441,79986688,conclude,Latinate,24,16.3932,15
C,2441,79986688,construct,Latinate,9,15.9371,18
C,2441,79986688,currently,Latinate,66,12.3705,30
C,2441,79986688,demonstrate,Latinate,10,14.5422,30
C,2441,79986688,depart,Latinate,12,14.1027,30
C,2441,79986688,desire,Latinate,4,10.4296,30
C,2441,79986688,difficult,Latinate,43,7.1383,30
C,2441,79986688,discover,Latinate,20,11.7084,30
C,2441,79986688,do,Germanic,30,6.7359,30
C,2441,79986688,drink,Germanic,32,11.3633,30
C,2441,79986688,earlier,Germanic,50,12.2447,30
C,2441,79986688,end,Germanic,24,6.6742,30
C,2441,79986688,enormous,Latinate,38,10.9206,30
C,2441,79986688,enough,Germanic,44,6.6767,30
C,2441,79986688,entire,Latinate,45,11.8125,30
C,2441,79986688,error,Latinate,34,10.3957,30
C,2441,79986688,fast,Germanic,42,10.8517,30
C,2441,79986688,final,Latinate,59,11.3488,30
C,2441,79986688,find,Germanic,20,7.4294,30
C,2441,79986688,first,Germanic,52,9.1130,30
C,2441,79986688,fortunate,Latinate,54,13.1564,30
C,2441,79986688,frequently,Latinate,63,13.7678,30
C,2441,79986688,get,Germanic,1,4.6581,30
C,2441,79986688,gigantic,Latinate,39,16.2388,30
C,2441,79986688,give,Germanic,5,7.0134,30
C,2441,79986688,hard,Germanic,43,9.0568,30
C,2441,79986688,have,Germanic,23,5.0204,30
C,2441,79986688,help,Germanic,8,7.0945,30
C,2441,79986688,hide,Germanic,19,10.8163,30
C,2441,79986688,home,Germanic,33,7.3106,30
C,2441,79986688,however,Latinate,60,12.4666,30
C,2441,79986688,huge,Germanic,38,11.5053,30
C,2441,79986688,ill,Latinate,57,10.2492,30
C,2441,79986688,illness,Latinate,35,11.9129,30
C,2441,79986688,immense,Latinate,40,12.8153,30
C,2441,79986688,infant,Latinate,31,17.1921,30
C,2441,79986688,initial,Latinate,52,12.4287,30
C,2441,79986688,inquire,Latinate,16,13.2454,30
C,2441,79986688,keep,Germanic,28,8.2103,30
C,2441,79986688,last,Germanic,59,9.4610,30
C,2441,79986688,leave,Germanic,12,10.3144,30
C,2441,79986688,let,Germanic,13,9.3548,30
C,2441,79986688,lucky,Germanic,54,10.6780,30
C,2441,79986688,maintain,Latinate,29,14.3337,30
C,2441,79986688,many,Germanic,46,7.8043,30
C,2441,79986688,massive,Latinate,41,14.3169,30
C,2441,79986688,maybe,Germanic,62,11.2923,30
C,2441,79986688,mend,Germanic,22,20.3325,30
C,2441,79986688,mistake,Germanic,34,8.7051,30
C,2441,79986688,more,Germanic,48,8.8691,30
C,2441,79986688,multiple,Latinate,47,14.6187,30
C,2441,79986688,need,Germanic,3,8.2134,30
C,2441,79986688,next,Germanic,53,9.9196,30
C,2441,79986688,now,Germanic,66,9.6128,30
C,2441,79986688,numerous,Latinate,46,13.9825,30
C,2441,79986688,observe,Latinate,26,15.7444,30
C,2441,79986688,obtain,Latinate,2,12.7323,30
C,2441,79986688,occasionally,Latinate,65,14.3555,30
C,2441,79986688,odd,Germanic,55,10.9190,30
C,2441,79986688,often,Germanic,63,9.6159,30
C,2441,79986688,old,Germanic,49,8.5447,30
C,2441,79986688,peculiar,Latinate,56,14.0665,30
C,2441,79986688,perform,Latinate,30,12.9410,30
C,2441,79986688,perhaps,Latinate,62,10.6022,30
C,2441,79986688,permit,Latinate,13,12.8907,30
C,2441,79986688,possess,Latinate,23,12.6245,30
C,2441,79986688,previous,Latinate,50,10.9893,30
C,2441,79986688,previously,Latinate,64,12.0785,30
C,2441,79986688,prior,Latinate,51,13.5240,30
C,2441,79986688,provide,Latinate,5,10.0066,30
C,2441,79986688,purchase,Latinate,11,15.5288,30
C,2441,79986688,rapid,Latinate,42,11.0214,30
C,2441,79986688,receive,Latinate,6,11.2487,30
C,2441,79986688,remain,Latinate,27,12.2192,30
C,2441,79986688,remainder,Latinate,36,16.1701,30
C,2441,79986688,repair,Latinate,22,15.1464,30
C,2441,79986688,reply,Latinate,17,14.9652,30
C,2441,79986688,request,Latinate,15,12.5712,30
C,2441,79986688,require,Latinate,3,12.0853,30
C,2441,79986688,residence,Latinate,33,15.0534,30
C,2441,79986688,respond,Latinate,18,13.0669,30
C,2441,79986688,rest,Germanic,36,7.1652,30
C,2441,79986688,retain,Latinate,28,14.1966,30
C,2441,79986688,safe,Germanic,58,10.7241,30
C,2441,79986688,secure,Latinate,58,11.9603,30
C,2441,79986688,see,Germanic,26,6.1086,30
C,2441,79986688,select,Latinate,21,14.8833,30
C,2441,79986688,shall,Latinate,67,7.6936,30
C,2441,79986688,show,Germanic,10,9.6489,30
C,2441,79986688,sick,Germanic,57,12.4576,30
C,2441,79986688,sickness,Germanic,35,14.4834,30
C,2441,79986688,so,Germanic,61,6.5688,30
C,2441,79986688,sometimes,Germanic,65,11.0692,30
C,2441,79986688,start,Germanic,25,9.4566,30
C,2441,79986688,stay,Germanic,27,8.7937,30
C,2441,79986688,strange,Latinate,55,11.0423,30
C,2441,79986688,subsequent,Latinate,53,16.7699,30
C,2441,79986688,sufficient,Latinate,44,14.1923,30
C,2441,79986688,therefore,Latinate,61,10.1228,30
C,2441,79986688,try,Germanic,7,8.2962,30
C,2441,79986688,understand,Germanic,0,9.5029,30
C,2441,79986688,want,Germanic,4,7.3293,30
C,2441,79986688,whole,Germanic,45,9.4109,30
C,2441,79986688,will,Germanic,67,8.6393,30
C,2747,90013696,acquire,Latinate,1,20.6405,18
C,2747,90013696,additional,Latinate,48,13.9929,30
C,2747,90013696,allow,Latinate,14,9.9539,30
C,2747,90013696,ancient,Latinate,49,12.8355,30
C,2747,90013696,answer,Germanic,17,10.3335,30
C,2747,90013696,ask,Germanic,15,7.5330,30
C,2747,90013696,assist,Latinate,8,15.0184,30
C,2747,90013696,assistance,Latinate,37,12.8833,30
C,2747,90013696,attempt,Latinate,7,11.3249,30
C,2747,90013696,baby,Germanic,31,9.6405,30
C,2747,90013696,before,Germanic,64,9.6199,30
C,2747,90013696,beverage,Latinate,32,29.8617,11
C,2747,90013696,build,Germanic,9,10.9614,30
C,2747,90013696,but,Germanic,60,5.2925,30
C,2747,90013696,buy,Germanic,11,8.6941,30
C,2747,90013696,choose,Germanic,21,13.3379,30
C,2747,90013696,commence,Latinate,25,17.9933,14
C,2747,90013696,comprehend,Latinate,0,21.4359,19
C,2747,90013696,conceal,Latinate,19,14.6251,30
C,2747,90013696,conclude,Latinate,24,15.8679,15
C,2747,90013696,construct,Latinate,9,16.1951,18
C,2747,90013696,currently,Latinate,66,12.4144,30
C,2747,90013696,demonstrate,Latinate,10,14.3944,30
C,2747,90013696,depart,Latinate,12,14.1641,30
C,2747,90013696,desire,Latinate,4,10.6185,30
C,2747,90013696,difficult,Latinate,43,7.6199,30
C,2747,90013696,discover,Latinate,20,12.3064,30
C,2747,90013696,do,Germanic,30,6.0697,30
C,2747,90013696,drink,Germanic,32,11.0181,30
C,2747,90013696,earlier,Germanic,50,12.0566,30
C,2747,90013696,end,Germanic,24,6.3750,30
C,2747,90013696,enormous,Latinate,38,9.7928,30
C,2747,90013696,enough,Germanic,44,7.2386,30
C,2747,90013696,entire,Latinate,45,11.6671,30
C,2747,90013696,error,Latinate,34,10.6206,30
C,2747,90013696,fast,Germanic,42,10.1024,30
C,2747,90013696,final,Latinate,59,11.2943,30
C,2747,90013696,find,Germanic,20,8.0319,30
C,2747,90013696,first,Germanic,52,8.9790,30
C,2747,90013696,fortunate,Latinate,54,12.4629,30
C,2747,90013696,frequently,Latinate,63,13.6443,30
C,2747,90013696,get,Germanic,1,5.4930,30
C,2747,90013696,gigantic,Latinate,39,18.2811,30
C,2747,90013696,give,Germanic,5,7.2420,30
C,2747,90013696,hard,Germanic,43,9.2321,30
C,2747,90013696,have,Germanic,23,4.9661,30
C,2747,90013696,help,Germanic,8,7.4219,30
C,2747,90013696,hide,Germanic,19,10.2684,30
C,2747,90013696,home,Germanic,33,8.0947,30
C,2747,90013696,however,Latinate,60,12.3769,30
C,2747,90013696,huge,Germanic,38,10.9357,30
C,2747,90013696,ill,Latinate,57,10.9280,30
C,2747,90013696,illness,Latinate,35,12.0365,30
C,2747,90013696,immense,Latinate,40,11.8960,30
C,2747,90013696,infant,Latinate,31,17.3710,30
C,2747,90013696,initial,Latinate,52,14.0822,30
C,2747,90013696,inquire,Latinate,16,14.4259,30
C,2747,90013696,keep,Germanic,28,8.6415,30
C,2747,90013696,last,Germanic,59,8.7689,30
C,2747,90013696,leave,Germanic,12,10.1526,30
C,2747,90013696,let,Germanic,13,9.3563,30
C,2747,90013696,lucky,Germanic,54,10.8540,30
C,2747,90013696,maintain,Latinate,29,14.3274,30
C,2747,90013696,many,Germanic,46,8.1110,30
C,2747,90013696,massive,Latinate,41,14.2245,30
C,2747,90013696,maybe,Germanic,62,12.5461,30
C,2747,90013696,mend,Germanic,22,18.6211,30
C,2747,90013696,mistake,Germanic,34,7.5027,30
C,2747,90013696,more,Germanic,48,9.2402,30
C,2747,90013696,multiple,Latinate,47,14.7111,30
C,2747,90013696,need,Germanic,3,8.2503,30
C,2747,90013696,next,Germanic,53,9.8005,30
C,2747,90013696,now,Germanic,66,9.2257,30
C,2747,90013696,numerous,Latinate,46,14.0961,30
C,2747,90013696,observe,Latinate,26,15.8928,30
C,2747,90013696,obtain,Latinate,2,12.3953,30
C,2747,90013696,occasionally,Latinate,65,15.1904,30
C,2747,90013696,odd,Germanic,55,10.4922,30
C,2747,90013696,often,Germanic,63,10.3927,30
C,2747,90013696,old,Germanic,49,8.5397,30
C,2747,90013696,peculiar,Latinate,56,13.9340,30
C,2747,90013696,perform,Latinate,30,12.3685,30
C,2747,90013696,perhaps,Latinate,62,10.6757,30
C,2747,90013696,permit,Latinate,13,12.5165,30
C,2747,90013696,possess,Latinate,23,12.1643,30
C,2747,90013696,previous,Latinate,50,10.9962,30
C,2747,90013696,previously,Latinate,64,12.4055,30
C,2747,90013696,prior,Latinate,51,12.4078,30
C,2747,90013696,provide,Latinate,5,9.2879,30
C,2747,90013696,purchase,Latinate,11,13.6736,30
C,2747,90013696,rapid,Latinate,42,11.2614,30
C,2747,90013696,receive,Latinate,6,11.6600,30
C,2747,90013696,remain,Latinate,27,12.9431,30
C,2747,90013696,remainder,Latinate,36,15.7330,30
C,2747,90013696,repair,Latinate,22,14.9616,30
C,2747,90013696,reply,Latinate,17,12.7059,30
C,2747,90013696,request,Latinate,15,12.1018,30
C,2747,90013696,require,Latinate,3,11.7084,30
C,2747,90013696,residence,Latinate,33,14.6145,30
C,2747,90013696,respond,Latinate,18,12.5548,30
C,2747,90013696,rest,Germanic,36,7.4674,30
C,2747,90013696,retain,Latinate,28,15.0287,30
C,2747,90013696,safe,Germanic,58,11.0278,30
C,2747,90013696,secure,Latinate,58,11.1564,30
C,2747,90013696,see,Germanic,26,5.2138,30
C,2747,90013696,select,Latinate,21,14.5755,30
C,2747,90013696,shall,Latinate,67,8.1741,30
C,2747,90013696,show,Germanic,10,9.9224,30
C,2747,90013696,sick,Germanic,57,12.4691,30
C,2747,90013696,sickness,Germanic,35,14.0111,30
C,2747,90013696,so,Germanic,61,6.8188,30
C,2747,90013696,sometimes,Germanic,65,11.4056,30
C,2747,90013696,start,Germanic,25,9.3562,30
C,2747,90013696,stay,Germanic,27,9.1114,30
C,2747,90013696,strange,Latinate,55,11.6198,30
C,2747,90013696,subsequent,Latinate,53,15.6216,30
C,2747,90013696,sufficient,Latinate,44,13.4891,30
C,2747,90013696,therefore,Latinate,61,10.2346,30
C,2747,90013696,try,Germanic,7,7.7259,30
C,2747,90013696,understand,Germanic,0,9.6564,30
C,2747,90013696,want,Germanic,4,7.0230,30
C,2747,90013696,whole,Germanic,45,8.1299,30
C,2747,90013696,will,Germanic,67,8.2148,30
C,3052,100007936,acquire,Latinate,1,22.2453,18
C,3052,100007936,additional,Latinate,48,14.1168,30
C,3052,100007936,allow,Latinate,14,9.6028,30
C,3052,100007936,ancient,Latinate,49,12.1516,30
C,3052,100007936,answer,Germanic,17,10.4073,30
C,3052,100007936,ask,Germanic,15,8.3766,30
C,3052,100007936,assist,Latinate,8,14.9362,30
C,3052,100007936,assistance,Latinate,37,11.2682,30
C,3052,100007936,attempt,Latinate,7,11.0556,30
C,3052,100007936,baby,Germanic,31,9.8301,30
C,3052,100007936,before,Germanic,64,9.1144,30
C,3052,100007936,beverage,Latinate,32,27.8692,11
C,3052,100007936,build,Germanic,9,10.6706,30
C,3052,100007936,but,Germanic,60,4.6942,30
C,3052,100007936,buy,Germanic,11,9.0700,30
C,3052,100007936,choose,Germanic,21,13.2724,30
C,3052,100007936,commence,Latinate,25,19.2369,14
C,3052,100007936,comprehend,Latinate,0,17.6763,19
C,3052,100007936,conceal,Latinate,19,13.9208,30
C,3052,100007936,conclude,Latinate,24,15.4428,15
C,3052,100007936,construct,Latinate,9,16.5856,18
C,3052,100007936,currently,Latinate,66,12.6654,30
C,3052,100007936,demonstrate,Latinate,10,13.6145,30
C,3052,100007936,depart,Latinate,12,13.9464,30
C,3052,100007936,desire,Latinate,4,10.7536,30
C,3052,100007936,difficult,Latinate,43,7.4554,30
C,3052,100007936,discover,Latinate,20,11.7327,30
C,3052,100007936,do,Germanic,30,6.2098,30
C,3052,100007936,drink,Germanic,32,11.1967,30
C,3052,100007936,earlier,Germanic,50,11.7244,30
C,3052,100007936,end,Germanic,24,7.2273,30
C,3052,100007936,enormous,Latinate,38,9.4435,30
C,3052,100007936,enough,Germanic,44,7.1596,30
C,3052,100007936,entire,Latinate,45,11.1776,30
C,3052,100007936,error,Latinate,34,9.1314,30
C,3052,100007936,fast,Germanic,42,10.0064,30
C,3052,100007936,final,Latinate,59,11.3331,30
C,3052,100007936,find,Germanic,20,7.4950,30
C,3052,100007936,first,Germanic,52,9.2387,30
C,3052,100007936,fortunate,Latinate,54,11.9749,30
C,3052,100007936,frequently,Latinate,63,13.1101,30
C,3052,100007936,get,Germanic,1,5.1237,30
C,3052,100007936,gigantic,Latinate,39,15.4721,30
C,3052,100007936,give,Germanic,5,7.3507,30
C,3052,100007936,hard,Germanic,43,8.9180,30
C,3052,100007936,have,Germanic,23,4.8253,30
C,3052,100007936,help,Germanic,8,7.4121,30
C,3052,100007936,hide,Germanic,19,10.6828,30
C,3052,100007936,home,Germanic,33,8.2936,30
C,3052,100007936,however,Latinate,60,11.5754,30
C,3052,100007936,huge,Germanic,38,10.7113,30
C,3052,100007936,ill,Latinate,57,10.3322,30
C,3052,100007936,illness,Latinate,35,10.4481,30
C,3052,100007936,immense,Latinate,40,12.3397,30
C,3052,100007936,infant,Latinate,31,19.7178,30
C,3052,100007936,initial,Latinate,52,13.1442,30
C,3052,100007936,inquire,Latinate,16,13.4153,30
C,3052,100007936,keep,Germanic,28,7.8181,30
C,3052,100007936,last,Germanic,59,8.9637,30
C,3052,100007936,leave,Germanic,12,9.8987,30
C,3052,100007936,let,Germanic,13,8.7842,30
C,3052,100007936,lucky,Germanic,54,12.1723,30
C,3052,100007936,maintain,Latinate,29,13.8747,30
C,3052,100007936,many,Germanic,46,7.6778,30
C,3052,100007936,massive,Latinate,41,14.2099,30
C,3052,100007936,maybe,Germanic,62,11.3317,30
C,3052,100007936,mend,Germanic,22,18.6770,30
C,3052,100007936,mistake,Germanic,34,6.9843,30
C,3052,100007936,more,Germanic,48,9.0060,30
C,3052,100007936,multiple,Latinate,47,13.8970,30
C,3052,100007936,need,Germanic,3,7.7610,30
C,3052,100007936,next,Germanic,53,9.5392,30
C,3052,100007936,now,Germanic,66,8.8963,30
C,3052,100007936,numerous,Latinate,46,14.1023,30
C,3052,100007936,observe,Latinate,26,15.3923,30
C,3052,100007936,obtain,Latinate,2,12.4800,30
C,3052,100007936,occasionally,Latinate,65,14.2214,30
C,3052,100007936,odd,Germanic,55,9.8105,30
C,3052,100007936,often,Germanic,63,10.2453,30
C,3052,100007936,old,Germanic,49,7.8522,30
C,3052,100007936,peculiar,Latinate,56,14.6170,30
C,3052,100007936,perform,Latinate,30,13.3132,30
C,3052,100007936,perhaps,Latinate,62,10.9122,30
C,3052,100007936,permit,Latinate,13,11.8766,30
C,3052,100007936,possess,Latinate,23,12.0365,30
C,3052,100007936,previous,Latinate,50,10.8234,30
C,3052,100007936,previously,Latinate,64,12.0032,30
C,3052,100007936,prior,Latinate,51,13.0312,30
C,3052,100007936,provide,Latinate,5,9.8229,30
C,3052,100007936,purchase,Latinate,11,14.7585,30
C,3052,100007936,rapid,Latinate,42,12.0287,30
C,3052,100007936,receive,Latinate,6,11.3552,30
C,3052,100007936,remain,Latinate,27,12.1306,30
C,3052,100007936,remainder,Latinate,36,15.1039,30
C,3052,100007936,repair,Latinate,22,13.8259,30
C,3052,100007936,reply,Latinate,17,12.9331,30
C,3052,100007936,request,Latinate,15,12.5768,30
C,3052,100007936,require,Latinate,3,12.8087,30
C,3052,100007936,residence,Latinate,33,15.3200,30
C,3052,100007936,respond,Latinate,18,12.3057,30
C,3052,100007936,rest,Germanic,36,7.0291,30
C,3052,100007936,retain,Latinate,28,13.8455,30
C,3052,100007936,safe,Germanic,58,9.8505,30
C,3052,100007936,secure,Latinate,58,10.9065,30
C,3052,100007936,see,Germanic,26,5.1751,30
C,3052,100007936,select,Latinate,21,14.5950,30
C,3052,100007936,shall,Latinate,67,8.5086,30
C,3052,100007936,show,Germanic,10,10.3459,30
C,3052,100007936,sick,Germanic,57,12.0421,30
C,3052,100007936,sickness,Germanic,35,12.5102,30
C,3052,100007936,so,Germanic,61,6.4490,30
C,3052,100007936,sometimes,Germanic,65,11.2655,30
C,3052,100007936,start,Germanic,25,9.1812,30
C,3052,100007936,stay,Germanic,27,7.9203,30
C,3052,100007936,strange,Latinate,55,11.5849,30
C,3052,100007936,subsequent,Latinate,53,14.8423,30
C,3052,100007936,sufficient,Latinate,44,14.0649,30
C,3052,100007936,therefore,Latinate,61,10.0058,30
C,3052,100007936,try,Germanic,7,7.9133,30
C,3052,100007936,understand,Germanic,0,9.2014,30
C,3052,100007936,want,Germanic,4,7.0347,30
C,3052,100007936,whole,Germanic,45,8.3682,30
C,3052,100007936,will,Germanic,67,8.0273,30
C,4578,150011904,acquire,Latinate,1,19.0419,18
C,4578,150011904,additional,Latinate,48,12.6241,30
C,4578,150011904,allow,Latinate,14,10.0338,30
C,4578,150011904,ancient,Latinate,49,12.0185,30
C,4578,150011904,answer,Germanic,17,10.1012,30
C,4578,150011904,ask,Germanic,15,7.6130,30
C,4578,150011904,assist,Latinate,8,14.7313,30
C,4578,150011904,assistance,Latinate,37,10.5073,30
C,4578,150011904,attempt,Latinate,7,10.8176,30
C,4578,150011904,baby,Germanic,31,9.7585,30
C,4578,150011904,before,Germanic,64,9.0161,30
C,4578,150011904,beverage,Latinate,32,25.3934,11
C,4578,150011904,build,Germanic,9,9.1184,30
C,4578,150011904,but,Germanic,60,4.9201,30
C,4578,150011904,buy,Germanic,11,9.0601,30
C,4578,150011904,choose,Germanic,21,12.5082,30
C,4578,150011904,commence,Latinate,25,15.4373,14
C,4578,150011904,comprehend,Latinate,0,17.0342,19
C,4578,150011904,conceal,Latinate,19,12.5420,30
C,4578,150011904,conclude,Latinate,24,14.0313,15
C,4578,150011904,construct,Latinate,9,13.5348,18
C,4578,150011904,currently,Latinate,66,12.8959,30
C,4578,150011904,demonstrate,Latinate,10,14.2258,30
C,4578,150011904,depart,Latinate,12,13.1711,30
C,4578,150011904,desire,Latinate,4,10.4529,30
C,4578,150011904,difficult,Latinate,43,6.4925,30
C,4578,150011904,discover,Latinate,20,9.9510,30
C,4578,150011904,do,Germanic,30,5.6798,30
C,4578,150011904,drink,Germanic,32,9.8935,30
C,4578,150011904,earlier,Germanic,50,11.1473,30
C,4578,150011904,end,Germanic,24,6.8982,30
C,4578,150011904,enormous,Latinate,38,8.7486,30
C,4578,150011904,enough,Germanic,44,6.6956,30
C,4578,150011904,entire,Latinate,45,9.8690,30
C,4578,150011904,error,Latinate,34,8.9704,30
C,4578,150011904,fast,Germanic,42,10.0660,30
C,4578,150011904,final,Latinate,59,10.4270,30
C,4578,150011904,find,Germanic,20,8.0443,30
C,4578,150011904,first,Germanic,52,9.2645,30
C,4578,150011904,fortunate,Latinate,54,11.7416,30
C,4578,150011904,frequently,Latinate,63,13.2410,30
C,4578,150011904,get,Germanic,1,5.0556,30
C,4578,150011904,gigantic,Latinate,39,13.7429,30
C,4578,150011904,give,Germanic,5,7.4830,30
C,4578,150011904,hard,Germanic,43,8.2234,30
C,4578,150011904,have,Germanic,23,4.7985,30
C,4578,150011904,help,Germanic,8,7.2281,30
C,4578,150011904,hide,Germanic,19,9.9535,30
C,4578,150011904,home,Germanic,33,7.7052,30
C,4578,150011904,however,Latinate,60,11.4335,30
C,4578,150011904,huge,Germanic,38,9.9547,30
C,4578,150011904,ill,Latinate,57,9.3118,30
C,4578,150011904,illness,Latinate,35,8.3597,30
C,4578,150011904,immense,Latinate,40,11.1720,30
C,4578,150011904,infant,Latinate,31,15.5884,30
C,4578,150011904,initial,Latinate,52,12.6033,30
C,4578,150011904,inquire,Latinate,16,12.0084,30
C,4578,150011904,keep,Germanic,28,8.5398,30
C,4578,150011904,last,Germanic,59,8.7671,30
C,4578,150011904,leave,Germanic,12,10.1929,30
C,4578,150011904,let,Germanic,13,9.0735,30
C,4578,150011904,lucky,Germanic,54,10.6512,30
C,4578,150011904,maintain,Latinate,29,14.2118,30
C,4578,150011904,many,Germanic,46,7.8805,30
C,4578,150011904,massive,Latinate,41,13.4491,30
C,4578,150011904,maybe,Germanic,62,11.5340,30
C,4578,150011904,mend,Germanic,22,17.7092,30
C,4578,150011904,mistake,Germanic,34,6.3015,30
C,4578,150011904,more,Germanic,48,8.7370,30
C,4578,150011904,multiple,Latinate,47,13.3479,30
C,4578,150011904,need,Germanic,3,7.5892,30
C,4578,150011904,next,Germanic,53,10.0378,30
C,4578,150011904,now,Germanic,66,9.3815,30
C,4578,150011904,numerous,Latinate,46,12.2553,30
C,4578,150011904,observe,Latinate,26,13.5429,30
C,4578,150011904,obtain,Latinate,2,12.2479,30
C,4578,150011904,occasionally,Latinate,65,13.9882,30
C,4578,150011904,odd,Germanic,55,9.4877,30
C,4578,150011904,often,Germanic,63,9.1503,30
C,4578,150011904,old,Germanic,49,8.3100,30
C,4578,150011904,peculiar,Latinate,56,13.3197,30
C,4578,150011904,perform,Latinate,30,12.2324,30
C,4578,150011904,perhaps,Latinate,62,10.9056,30
C,4578,150011904,permit,Latinate,13,10.8082,30
C,4578,150011904,possess,Latinate,23,10.6640,30
C,4578,150011904,previous,Latinate,50,9.7958,30
C,4578,150011904,previously,Latinate,64,11.1369,30
C,4578,150011904,prior,Latinate,51,11.9433,30
C,4578,150011904,provide,Latinate,5,8.5590,30
C,4578,150011904,purchase,Latinate,11,15.0360,30
C,4578,150011904,rapid,Latinate,42,11.3411,30
C,4578,150011904,receive,Latinate,6,11.8559,30
C,4578,150011904,remain,Latinate,27,11.1925,30
C,4578,150011904,remainder,Latinate,36,13.2018,30
C,4578,150011904,repair,Latinate,22,13.0063,30
C,4578,150011904,reply,Latinate,17,13.0411,30
C,4578,150011904,request,Latinate,15,11.5476,30
C,4578,150011904,require,Latinate,3,11.3887,30
C,4578,150011904,residence,Latinate,33,14.1770,30
C,4578,150011904,respond,Latinate,18,10.6241,30
C,4578,150011904,rest,Germanic,36,6.4647,30
C,4578,150011904,retain,Latinate,28,14.5523,30
C,4578,150011904,safe,Germanic,58,10.6662,30
C,4578,150011904,secure,Latinate,58,11.6490,30
C,4578,150011904,see,Germanic,26,4.9853,30
C,4578,150011904,select,Latinate,21,13.0056,30
C,4578,150011904,shall,Latinate,67,7.3445,30
C,4578,150011904,show,Germanic,10,9.2076,30
C,4578,150011904,sick,Germanic,57,11.0831,30
C,4578,150011904,sickness,Germanic,35,10.8343,30
C,4578,150011904,so,Germanic,61,6.5377,30
C,4578,150011904,sometimes,Germanic,65,11.4580,30
C,4578,150011904,start,Germanic,25,9.1812,30
C,4578,150011904,stay,Germanic,27,8.3124,30
C,4578,150011904,strange,Latinate,55,10.9127,30
C,4578,150011904,subsequent,Latinate,53,12.5712,30
C,4578,150011904,sufficient,Latinate,44,13.3304,30
C,4578,150011904,therefore,Latinate,61,9.5506,30
C,4578,150011904,try,Germanic,7,7.6854,30
C,4578,150011904,understand,Germanic,0,8.8083,30
C,4578,150011904,want,Germanic,4,6.9665,30
C,4578,150011904,whole,Germanic,45,7.9138,30
C,4578,150011904,will,Germanic,67,8.2897,30
C,6104,200015872,acquire,Latinate,1,18.8591,18
C,6104,200015872,additional,Latinate,48,11.1991,30
C,6104,200015872,allow,Latinate,14,8.7081,30
C,6104,200015872,ancient,Latinate,49,11.5965,30
C,6104,200015872,answer,Germanic,17,10.0954,30
C,6104,200015872,ask,Germanic,15,8.2023,30
C,6104,200015872,assist,Latinate,8,14.9272,30
C,6104,200015872,assistance,Latinate,37,9.6746,30
C,6104,200015872,attempt,Latinate,7,10.8999,30
C,6104,200015872,baby,Germanic,31,9.3822,30
C,6104,200015872,before,Germanic,64,9.3413,30
C,6104,200015872,beverage,Latinate,32,22.8412,11
C,6104,200015872,build,Germanic,9,9.2326,30
C,6104,200015872,but,Germanic,60,5.1418,30
C,6104,200015872,buy,Germanic,11,8.1878,30
C,6104,200015872,choose,Germanic,21,12.2376,30
C,6104,200015872,commence,Latinate,25,14.2393,14
C,6104,200015872,comprehend,Latinate,0,16.7270,19
C,6104,200015872,conceal,Latinate,19,14.2983,30
C,6104,200015872,conclude,Latinate,24,13.3505,15
C,6104,200015872,construct,Latinate,9,14.5724,18
C,6104,200015872,currently,Latinate,66,11.5470,30
C,6104,200015872,demonstrate,Latinate,10,13.4154,30
C,6104,200015872,depart,Latinate,12,13.8908,30
C,6104,200015872,desire,Latinate,4,10.6395,30
C,6104,200015872,difficult,Latinate,43,8.1230,30
C,6104,200015872,discover,Latinate,20,9.5847,30
C,6104,200015872,do,Germanic,30,6.7700,30
C,6104,200015872,drink,Germanic,32,10.6925,30
C,6104,200015872,earlier,Germanic,50,11.3237,30
C,6104,200015872,end,Germanic,24,7.2303,30
C,6104,200015872,enormous,Latinate,38,7.5449,30
C,6104,200015872,enough,Germanic,44,6.6379,30
C,6104,200015872,entire,Latinate,45,9.7581,30
C,6104,200015872,error,Latinate,34,9.0281,30
C,6104,200015872,fast,Germanic,42,10.0428,30
C,6104,200015872,final,Latinate,59,9.4214,30
C,6104,200015872,find,Germanic,20,8.0659,30
C,6104,200015872,first,Germanic,52,8.2988,30
C,6104,200015872,fortunate,Latinate,54,11.5526,30
C,6104,200015872,frequently,Latinate,63,11.2039,30
C,6104,200015872,get,Germanic,1,5.1124,30
C,6104,200015872,gigantic,Latinate,39,13.2371,30
C,6104,200015872,give,Germanic,5,7.4499,30
C,6104,200015872,hard,Germanic,43,9.5077,30
C,6104,200015872,have,Germanic,23,4.2493,30
C,6104,200015872,help,Germanic,8,7.4865,30
C,6104,200015872,hide,Germanic,19,9.5221,30
C,6104,200015872,home,Germanic,33,7.9445,30
C,6104,200015872,however,Latinate,60,11.4229,30
C,6104,200015872,huge,Germanic,38,9.9502,30
C,6104,200015872,ill,Latinate,57,9.4764,30
C,6104,200015872,illness,Latinate,35,8.1029,30
C,6104,200015872,immense,Latinate,40,11.1529,30
C,6104,200015872,infant,Latinate,31,14.8389,30
C,6104,200015872,initial,Latinate,52,10.7565,30
C,6104,200015872,inquire,Latinate,16,12.5821,30
C,6104,200015872,keep,Germanic,28,9.2360,30
C,6104,200015872,last,Germanic,59,8.3816,30
C,6104,200015872,leave,Germanic,12,10.4196,30
C,6104,200015872,let,Germanic,13,8.6477,30
C,6104,200015872,lucky,Germanic,54,10.3889,30
C,6104,200015872,maintain,Latinate,29,15.1031,30
C,6104,200015872,many,Germanic,46,7.6789,30
C,6104,200015872,massive,Latinate,41,13.3888,30
C,6104,200015872,maybe,Germanic,62,11.6383,30
C,6104,200015872,mend,Germanic,22,17.1663,30
C,6104,200015872,mistake,Germanic,34,6.0691,30
C,6104,200015872,more,Germanic,48,9.0400,30
C,6104,200015872,multiple,Latinate,47,11.6677,30
C,6104,200015872,need,Germanic,3,6.9289,30
C,6104,200015872,next,Germanic,53,9.5874,30
C,6104,200015872,now,Germanic,66,10.0889,30
C,6104,200015872,numerous,Latinate,46,11.8829,30
C,6104,200015872,observe,Latinate,26,13.4970,30
C,6104,200015872,obtain,Latinate,2,13.5484,30
C,6104,200015872,occasionally,Latinate,65,13.7461,30
C,6104,200015872,odd,Germanic,55,9.4152,30
C,6104,200015872,often,Germanic,63,9.2986,30
C,6104,200015872,old,Germanic,49,8.3567,30
C,6104,200015872,peculiar,Latinate,56,12.7506,30
C,6104,200015872,perform,Latinate,30,12.2904,30
C,6104,200015872,perhaps,Latinate,62,10.5124,30
C,6104,200015872,permit,Latinate,13,9.6756,30
C,6104,200015872,possess,Latinate,23,9.6089,30
C,6104,200015872,previous,Latinate,50,9.4294,30
C,6104,200015872,previously,Latinate,64,9.9151,30
C,6104,200015872,prior,Latinate,51,11.1558,30
C,6104,200015872,provide,Latinate,5,8.2774,30
C,6104,200015872,purchase,Latinate,11,14.3173,30
C,6104,200015872,rapid,Latinate,42,10.7265,30
C,6104,200015872,receive,Latinate,6,10.7788,30
C,6104,200015872,remain,Latinate,27,11.1712,30
C,6104,200015872,remainder,Latinate,36,12.9759,30
C,6104,200015872,repair,Latinate,22,12.4567,30
C,6104,200015872,reply,Latinate,17,12.8851,30
C,6104,200015872,request,Latinate,15,10.7497,30
C,6104,200015872,require,Latinate,3,11.0568,30
C,6104,200015872,residence,Latinate,33,14.3397,30
C,6104,200015872,respond,Latinate,18,10.9468,30
C,6104,200015872,rest,Germanic,36,7.5989,30
C,6104,200015872,retain,Latinate,28,13.8579,30
C,6104,200015872,safe,Germanic,58,11.4687,30
C,6104,200015872,secure,Latinate,58,11.8247,30
C,6104,200015872,see,Germanic,26,4.7383,30
C,6104,200015872,select,Latinate,21,12.5132,30
C,6104,200015872,shall,Latinate,67,7.5801,30
C,6104,200015872,show,Germanic,10,8.5875,30
C,6104,200015872,sick,Germanic,57,11.1058,30
C,6104,200015872,sickness,Germanic,35,9.4077,30
C,6104,200015872,so,Germanic,61,6.6659,30
C,6104,200015872,sometimes,Germanic,65,11.6873,30
C,6104,200015872,start,Germanic,25,8.5170,30
C,6104,200015872,stay,Germanic,27,7.9385,30
C,6104,200015872,strange,Latinate,55,10.8218,30
C,6104,200015872,subsequent,Latinate,53,11.4555,30
C,6104,200015872,sufficient,Latinate,44,13.3804,30
C,6104,200015872,therefore,Latinate,61,8.8108,30
C,6104,200015872,try,Germanic,7,6.8111,30
C,6104,200015872,understand,Germanic,0,9.1299,30
C,6104,200015872,want,Germanic,4,6.6750,30
C,6104,200015872,whole,Germanic,45,9.0643,30
C,6104,200015872,will,Germanic,67,7.5260,30
C,7629,249987072,acquire,Latinate,1,18.2411,18
C,7629,249987072,additional,Latinate,48,12.5363,30
C,7629,249987072,allow,Latinate,14,8.8952,30
C,7629,249987072,ancient,Latinate,49,11.8382,30
C,7629,249987072,answer,Germanic,17,10.3001,30
C,7629,249987072,ask,Germanic,15,8.5790,30
C,7629,249987072,assist,Latinate,8,14.9805,30
C,7629,249987072,assistance,Latinate,37,10.1624,30
C,7629,249987072,attempt,Latinate,7,11.1091,30
C,7629,249987072,baby,Germanic,31,9.4516,30
C,7629,249987072,before,Germanic,64,9.0777,30
C,7629,249987072,beverage,Latinate,32,22.4086,11
C,7629,249987072,build,Germanic,9,9.3266,30
C,7629,249987072,but,Germanic,60,5.0394,30
C,7629,249987072,buy,Germanic,11,8.5857,30
C,7629,249987072,choose,Germanic,21,12.2350,30
C,7629,249987072,commence,Latinate,25,14.2874,14
C,7629,249987072,comprehend,Latinate,0,16.2250,19
C,7629,249987072,conceal,Latinate,19,13.6716,30
C,7629,249987072,conclude,Latinate,24,14.4075,15
C,7629,249987072,construct,Latinate,9,14.2273,18
C,7629,249987072,currently,Latinate,66,11.1840,30
C,7629,249987072,demonstrate,Latinate,10,14.1005,30
C,7629,249987072,depart,Latinate,12,13.9041,30
C,7629,249987072,desire,Latinate,4,10.3335,30
C,7629,249987072,difficult,Latinate,43,7.3991,30
C,7629,249987072,discover,Latinate,20,9.8283,30
C,7629,249987072,do,Germanic,30,6.5394,30
C,7629,249987072,drink,Germanic,32,10.6289,30
C,7629,249987072,earlier,Germanic,50,11.3915,30
C,7629,249987072,end,Germanic,24,6.8994,30
C,7629,249987072,enormous,Latinate,38,7.1237,30
C,7629,249987072,enough,Germanic,44,6.5183,30
C,7629,249987072,entire,Latinate,45,9.7903,30
C,7629,249987072,error,Latinate,34,9.1342,30
C,7629,249987072,fast,Germanic,42,9.9343,30
C,7629,249987072,final,Latinate,59,9.1468,30
C,7629,249987072,find,Germanic,20,8.1282,30
C,7629,249987072,first,Germanic,52,8.3596,30
C,7629,249987072,fortunate,Latinate,54,10.7801,30
C,7629,249987072,frequently,Latinate,63,11.6150,30
C,7629,249987072,get,Germanic,1,4.9234,30
C,7629,249987072,gigantic,Latinate,39,13.5079,30
C,7629,249987072,give,Germanic,5,7.9492,30
C,7629,249987072,hard,Germanic,43,9.4404,30
C,7629,249987072,have,Germanic,23,4.4516,30
C,7629,249987072,help,Germanic,8,7.0173,30
C,7629,249987072,hide,Germanic,19,9.2147,30
C,7629,249987072,home,Germanic,33,7.6581,30
C,7629,249987072,however,Latinate,60,11.4737,30
C,7629,249987072,huge,Germanic,38,9.7527,30
C,7629,249987072,ill,Latinate,57,8.9678,30
C,7629,249987072,illness,Latinate,35,7.4739,30
C,7629,249987072,immense,Latinate,40,10.6980,30
C,7629,249987072,infant,Latinate,31,15.1200,30
C,7629,249987072,initial,Latinate,52,10.8031,30
C,7629,249987072,inquire,Latinate,16,12.0569,30
C,7629,249987072,keep,Germanic,28,9.1316,30
C,7629,249987072,last,Germanic,59,8.7041,30
C,7629,249987072,leave,Germanic,12,10.8120,30
C,7629,249987072,let,Germanic,13,8.4642,30
C,7629,249987072,lucky,Germanic,54,10.2646,30
C,7629,249987072,maintain,Latinate,29,15.1344,30
C,7629,249987072,many,Germanic,46,7.9658,30
C,7629,249987072,massive,Latinate,41,13.2337,30
C,7629,249987072,maybe,Germanic,62,11.5909,30
C,7629,249987072,mend,Germanic,22,17.3305,30
C,7629,249987072,mistake,Germanic,34,6.5678,30
C,7629,249987072,more,Germanic,48,8.9991,30
C,7629,249987072,multiple,Latinate,47,11.8335,30
C,7629,249987072,need,Germanic,3,7.3921,30
C,7629,249987072,next,Germanic,53,10.2177,30
C,7629,249987072,now,Germanic,66,9.7170,30
C,7629,249987072,numerous,Latinate,46,11.8893,30
C,7629,249987072,observe,Latinate,26,13.6349,30
C,7629,249987072,obtain,Latinate,2,13.1731,30
C,7629,249987072,occasionally,Latinate,65,13.7825,30
C,7629,249987072,odd,Germanic,55,8.8235,30
C,7629,249987072,often,Germanic,63,9.5984,30
C,7629,249987072,old,Germanic,49,7.8364,30
C,7629,249987072,peculiar,Latinate,56,12.3249,30
C,7629,249987072,perform,Latinate,30,12.3446,30
C,7629,249987072,perhaps,Latinate,62,10.2988,30
C,7629,249987072,permit,Latinate,13,9.8743,30
C,7629,249987072,possess,Latinate,23,10.1242,30
C,7629,249987072,previous,Latinate,50,9.5495,30
C,7629,249987072,previously,Latinate,64,10.1862,30
C,7629,249987072,prior,Latinate,51,11.2689,30
C,7629,249987072,provide,Latinate,5,8.2721,30
C,7629,249987072,purchase,Latinate,11,14.3709,30
C,7629,249987072,rapid,Latinate,42,10.4289,30
C,7629,249987072,receive,Latinate,6,11.2609,30
C,7629,249987072,remain,Latinate,27,10.5743,30
C,7629,249987072,remainder,Latinate,36,12.1940,30
C,7629,249987072,repair,Latinate,22,12.4587,30
C,7629,249987072,reply,Latinate,17,12.8747,30
C,7629,249987072,request,Latinate,15,11.4841,30
C,7629,249987072,require,Latinate,3,11.1412,30
C,7629,249987072,residence,Latinate,33,13.7671,30
C,7629,249987072,respond,Latinate,18,11.2622,30
C,7629,249987072,rest,Germanic,36,7.0547,30
C,7629,249987072,retain,Latinate,28,13.8785,30
C,7629,249987072,safe,Germanic,58,10.6657,30
C,7629,249987072,secure,Latinate,58,12.3000,30
C,7629,249987072,see,Germanic,26,4.7012,30
C,7629,249987072,select,Latinate,21,12.1604,30
C,7629,249987072,shall,Latinate,67,7.8560,30
C,7629,249987072,show,Germanic,10,8.9705,30
C,7629,249987072,sick,Germanic,57,10.6938,30
C,7629,249987072,sickness,Germanic,35,9.6517,30
C,7629,249987072,so,Germanic,61,6.8283,30
C,7629,249987072,sometimes,Germanic,65,11.8629,30
C,7629,249987072,start,Germanic,25,8.2252,30
C,7629,249987072,stay,Germanic,27,7.2040,30
C,7629,249987072,strange,Latinate,55,10.3208,30
C,7629,249987072,subsequent,Latinate,53,11.9505,30
C,7629,249987072,sufficient,Latinate,44,13.6314,30
C,7629,249987072,therefore,Latinate,61,9.0083,30
C,7629,249987072,try,Germanic,7,7.0503,30
C,7629,249987072,understand,Germanic,0,9.2410,30
C,7629,249987072,want,Germanic,4,6.7176,30
C,7629,249987072,whole,Germanic,45,8.8875,30
C,7629,249987072,will,Germanic,67,7.4746,30
