arm,step,tokens_seen,word,klass,pair_id,surprisal_bits,n
D,31,1015808,acquire,Latinate,1,33.1191,18
D,31,1015808,additional,Latinate,48,20.6705,30
D,31,1015808,allow,Latinate,14,15.4617,30
D,31,1015808,ancient,Latinate,49,14.8850,30
D,31,1015808,answer,Germanic,17,12.6905,30
D,31,1015808,ask,Germanic,15,11.5818,30
D,31,1015808,assist,Latinate,8,17.8621,30
D,31,1015808,assistance,Latinate,37,16.5882,30
D,31,1015808,attempt,Latinate,7,14.4909,30
D,31,1015808,baby,Germanic,31,12.2292,30
D,31,1015808,before,Germanic,64,10.4540,30
D,31,1015808,beverage,Latinate,32,36.0160,11
D,31,1015808,build,Germanic,9,14.6038,30
D,31,1015808,but,Germanic,60,8.8362,30
D,31,1015808,buy,Germanic,11,12.8075,30
D,31,1015808,choose,Germanic,21,16.0811,30
D,31,1015808,commence,Latinate,25,30.1151,14
D,31,1015808,comprehend,Latinate,0,44.3210,19
D,31,1015808,conceal,Latinate,19,27.7133,30
D,31,1015808,conclude,Latinate,24,35.4368,15
D,31,1015808,construct,Latinate,9,32.3298,18
D,31,1015808,currently,Latinate,66,14.1569,30
D,31,1015808,demonstrate,Latinate,10,29.6637,30
D,31,1015808,depart,Latinate,12,17.5249,30
D,31,1015808,desire,Latinate,4,16.2388,30
D,31,1015808,difficult,Latinate,43,14.3358,30
D,31,1015808,discover,Latinate,20,17.6024,30
D,31,1015808,do,Germanic,30,9.1926,30
D,31,1015808,drink,Germanic,32,13.9427,30
D,31,1015808,earlier,Germanic,50,14.6000,30
D,31,1015808,end,Germanic,24,11.8801,30
D,31,1015808,enormous,Latinate,38,17.7637,30
D,31,1015808,enough,Germanic,44,11.9383,30
D,31,1015808,entire,Latinate,45,15.7342,30
D,31,1015808,error,Latinate,34,19.2790,30
D,31,1015808,fast,Germanic,42,13.0651,30
D,31,1015808,final,Latinate,59,14.0289,30
D,31,1015808,find,Germanic,20,11.7697,30
D,31,1015808,first,Germanic,52,10.8825,30
D,31,1015808,fortunate,Latinate,54,18.8466,30
D,31,1015808,frequently,Latinate,63,18.9866,30
D,31,1015808,get,Germanic,1,8.9838,30
D,31,1015808,gigantic,Latinate,39,36.2466,30
D,31,1015808,give,Germanic,5,11.8240,30
D,31,1015808,hard,Germanic,43,11.4994,30
D,31,1015808,have,Germanic,23,7.9861,30
D,31,1015808,help,Germanic,8,10.8669,30
D,31,1015808,hide,Germanic,19,17.7484,30
D,31,1015808,home,Germanic,33,11.1248,30
D,31,1015808,however,Latinate,60,13.7778,30
D,31,1015808,huge,Germanic,38,15.8813,30
D,31,1015808,ill,Latinate,57,14.4702,30
D,31,1015808,illness,Latinate,35,15.4539,30
D,31,1015808,immense,Latinate,40,18.4110,30
D,31,1015808,infant,Latinate,31,28.0265,30
D,31,1015808,initial,Latinate,52,19.9509,30
D,31,1015808,inquire,Latinate,16,30.1641,30
D,31,1015808,keep,Germanic,28,12.2608,30
D,31,1015808,last,Germanic,59,11.2493,30
D,31,1015808,leave,Germanic,12,12.0454,30
D,31,1015808,let,Germanic,13,11.2341,30
D,31,1015808,lucky,Germanic,54,14.7962,30
D,31,1015808,maintain,Latinate,29,19.8223,30
D,31,1015808,many,Germanic,46,10.3636,30
D,31,1015808,massive,Latinate,41,18.0520,30
D,31,1015808,maybe,Germanic,62,11.8602,30
D,31,1015808,mend,Germanic,22,22.7067,30
D,31,1015808,mistake,Germanic,34,15.1979,30
D,31,1015808,more,Germanic,48,9.6623,30
D,31,1015808,multiple,Latinate,47,18.2435,30
D,31,1015808,need,Germanic,3,10.6631,30
D,31,1015808,next,Germanic,53,11.6675,30
D,31,1015808,now,Germanic,66,9.5039,30
D,31,1015808,numerous,Latinate,46,17.4221,30
D,31,1015808,observe,Latinate,26,32.7763,30
D,31,1015808,obtain,Latinate,2,16.6519,30
D,31,1015808,occasionally,Latinate,65,20.2141,30
D,31,1015808,odd,Germanic,55,16.1850,30
D,31,1015808,often,Germanic,63,12.3990,30
D,31,1015808,old,Germanic,49,10.7795,30
D,31,1015808,peculiar,Latinate,56,18.0349,30
D,31,1015808,perform,Latinate,30,15.9091,30
D,31,1015808,perhaps,Latinate,62,14.1159,30
D,31,1015808,permit,Latinate,13,17.1416,30
D,31,1015808,possess,Latinate,23,17.8312,30
D,31,1015808,previous,Latinate,50,15.5275,30
D,31,1015808,previously,Latinate,64,20.1023,30
D,31,1015808,prior,Latinate,51,17.3284,30
D,31,1015808,provide,Latinate,5,16.1356,30
D,31,1015808,purchase,Latinate,11,18.6904,30
D,31,1015808,rapid,Latinate,42,19.6606,30
D,31,1015808,receive,Latinate,6,15.7343,30
D,31,1015808,remain,Latinate,27,15.0170,30
D,31,1015808,remainder,Latinate,36,31.1911,30
D,31,1015808,repair,Latinate,22,17.1595,30
D,31,1015808,reply,Latinate,17,16.5985,30
D,31,1015808,request,Latinate,15,16.7436,30
D,31,1015808,require,Latinate,3,15.9852,30
D,31,1015808,residence,Latinate,33,18.4238,30
D,31,1015808,respond,Latinate,18,15.9225,30
D,31,1015808,rest,Germanic,36,13.2651,30
D,31,1015808,retain,Latinate,28,18.8179,30
D,31,1015808,safe,Germanic,58,13.7984,30
D,31,1015808,secure,Latinate,58,16.2692,30
D,31,1015808,see,Germanic,26,10.2942,30
D,31,1015808,select,Latinate,21,18.8541,30
D,31,1015808,shall,Latinate,67,12.0700,30
D,31,1015808,show,Germanic,10,11.7338,30
D,31,1015808,sick,Germanic,57,13.7885,30
D,31,1015808,sickness,Germanic,35,17.1318,30
D,31,1015808,so,Germanic,61,8.6806,30
D,31,1015808,sometimes,Germanic,65,13.4103,30
D,31,1015808,start,Germanic,25,12.2523,30
D,31,1015808,stay,Germanic,27,11.7521,30
D,31,1015808,strange,Latinate,55,16.5195,30
D,31,1015808,subsequent,Latinate,53,33.4550,30
D,31,1015808,sufficient,Latinate,44,20.3652,30
D,31,1015808,therefore,Latinate,61,14.5095,30
D,31,1015808,try,Germanic,7,11.7546,30
D,31,1015808,understand,Germanic,0,12.9723,30
D,31,1015808,want,Germanic,4,9.7514,30
D,31,1015808,whole,Germanic,45,11.9075,30
D,31,1015808,will,Germanic,67,9.0291,30
D,61,1998848,acquire,Latinate,1,30.6221,18
D,61,1998848,additional,Latinate,48,17.0386,30
D,61,1998848,allow,Latinate,14,14.1840,30
D,61,1998848,ancient,Latinate,49,15.8190,30
D,61,1998848,answer,Germanic,17,12.2071,30
D,61,1998848,ask,Germanic,15,12.5695,30
D,61,1998848,assist,Latinate,8,16.8087,30
D,61,1998848,assistance,Latinate,37,17.8786,30
D,61,1998848,attempt,Latinate,7,15.4589,30
D,61,1998848,baby,Germanic,31,12.9746,30
D,61,1998848,before,Germanic,64,10.0741,30
D,61,1998848,beverage,Latinate,32,34.6578,11
D,61,1998848,build,Germanic,9,14.1383,30
D,61,1998848,but,Germanic,60,8.2297,30
D,61,1998848,buy,Germanic,11,13.0573,30
D,61,1998848,choose,Germanic,21,14.7017,30
D,61,1998848,commence,Latinate,25,29.2285,14
D,61,1998848,comprehend,Latinate,0,46.5188,19
D,61,1998848,conceal,Latinate,19,26.9309,30
D,61,1998848,conclude,Latinate,24,34.0262,15
D,61,1998848,construct,Latinate,9,36.3371,18
D,61,1998848,currently,Latinate,66,14.0361,30
D,61,1998848,demonstrate,Latinate,10,31.7469,30
D,61,1998848,depart,Latinate,12,18.3904,30
D,61,1998848,desire,Latinate,4,16.6750,30
D,61,1998848,difficult,Latinate,43,14.6973,30
D,61,1998848,discover,Latinate,20,17.2579,30
D,61,1998848,do,Germanic,30,9.7825,30
D,61,1998848,drink,Germanic,32,14.1347,30
D,61,1998848,earlier,Germanic,50,16.0523,30
D,61,1998848,end,Germanic,24,11.2339,30
D,61,1998848,enormous,Latinate,38,18.5462,30
D,61,1998848,enough,Germanic,44,12.4007,30
D,61,1998848,entire,Latinate,45,15.8317,30
D,61,1998848,error,Latinate,34,18.1818,30
D,61,1998848,fast,Germanic,42,14.2634,30
D,61,1998848,final,Latinate,59,13.1666,30
D,61,1998848,find,Germanic,20,12.0385,30
D,61,1998848,first,Germanic,52,10.7632,30
D,61,1998848,fortunate,Latinate,54,16.5910,30
D,61,1998848,frequently,Latinate,63,17.5444,30
D,61,1998848,get,Germanic,1,9.4634,30
D,61,1998848,gigantic,Latinate,39,31.1692,30
D,61,1998848,give,Germanic,5,11.0108,30
D,61,1998848,hard,Germanic,43,12.1014,30
D,61,1998848,have,Germanic,23,8.6851,30
D,61,1998848,help,Germanic,8,10.7951,30
D,61,1998848,hide,Germanic,19,14.5234,30
D,61,1998848,home,Germanic,33,11.1204,30
D,61,1998848,however,Latinate,60,13.6587,30
D,61,1998848,huge,Germanic,38,16.3425,30
D,61,1998848,ill,Latinate,57,14.0154,30
D,61,1998848,illness,Latinate,35,16.6004,30
D,61,1998848,immense,Latinate,40,17.4200,30
D,61,1998848,infant,Latinate,31,26.4697,30
D,61,1998848,initial,Latinate,52,16.8568,30
D,61,1998848,inquire,Latinate,16,30.0706,30
D,61,1998848,keep,Germanic,28,11.7844,30
D,61,1998848,last,Germanic,59,11.6937,30
D,61,1998848,leave,Germanic,12,11.9898,30
D,61,1998848,let,Germanic,13,11.7995,30
D,61,1998848,lucky,Germanic,54,15.3413,30
D,61,1998848,maintain,Latinate,29,20.5646,30
D,61,1998848,many,Germanic,46,9.9434,30
D,61,1998848,massive,Latinate,41,15.3056,30
D,61,1998848,maybe,Germanic,62,13.0053,30
D,61,1998848,mend,Germanic,22,21.6436,30
D,61,1998848,mistake,Germanic,34,13.3921,30
D,61,1998848,more,Germanic,48,10.2632,30
D,61,1998848,multiple,Latinate,47,16.7657,30
D,61,1998848,need,Germanic,3,11.8220,30
D,61,1998848,next,Germanic,53,12.0285,30
D,61,1998848,now,Germanic,66,10.6317,30
D,61,1998848,numerous,Latinate,46,17.3262,30
D,61,1998848,observe,Latinate,26,34.5586,30
D,61,1998848,obtain,Latinate,2,17.7997,30
D,61,1998848,occasionally,Latinate,65,19.5492,30
D,61,1998848,odd,Germanic,55,16.2956,30
D,61,1998848,often,Germanic,63,11.4522,30
D,61,1998848,old,Germanic,49,9.7947,30
D,61,1998848,peculiar,Latinate,56,18.0062,30
D,61,1998848,perform,Latinate,30,14.9109,30
D,61,1998848,perhaps,Latinate,62,13.5844,30
D,61,1998848,permit,Latinate,13,17.6582,30
D,61,1998848,possess,Latinate,23,18.5847,30
D,61,1998848,previous,Latinate,50,16.3413,30
D,61,1998848,previously,Latinate,64,17.9588,30
D,61,1998848,prior,Latinate,51,15.7540,30
D,61,1998848,provide,Latinate,5,15.8070,30
D,61,1998848,purchase,Latinate,11,16.9661,30
D,61,1998848,rapid,Latinate,42,18.0339,30
D,61,1998848,receive,Latinate,6,16.6461,30
D,61,1998848,remain,Latinate,27,14.8854,30
D,61,1998848,remainder,Latinate,36,28.8846,30
D,61,1998848,repair,Latinate,22,17.4911,30
D,61,1998848,reply,Latinate,17,16.2017,30
D,61,1998848,request,Latinate,15,15.0229,30
D,61,1998848,require,Latinate,3,16.1780,30
D,61,1998848,residence,Latinate,33,18.0639,30
D,61,1998848,respond,Latinate,18,16.4648,30
D,61,1998848,rest,Germanic,36,12.5740,30
D,61,1998848,retain,Latinate,28,19.4556,30
D,61,1998848,safe,Germanic,58,13.0901,30
D,61,1998848,secure,Latinate,58,15.2979,30
D,61,1998848,see,Germanic,26,10.4742,30
D,61,1998848,select,Latinate,21,17.7179,30
D,61,1998848,shall,Latinate,67,12.1788,30
D,61,1998848,show,Germanic,10,10.8732,30
D,61,1998848,sick,Germanic,57,13.5777,30
D,61,1998848,sickness,Germanic,35,16.7075,30
D,61,1998848,so,Germanic,61,9.4127,30
D,61,1998848,sometimes,Germanic,65,12.9035,30
D,61,1998848,start,Germanic,25,12.0734,30
D,61,1998848,stay,Germanic,27,12.3322,30
D,61,1998848,strange,Latinate,55,12.7423,30
D,61,1998848,subsequent,Latinate,53,33.7496,30
D,61,1998848,sufficient,Latinate,44,18.2133,30
D,61,1998848,therefore,Latinate,61,15.0469,30
D,61,1998848,try,Germanic,7,12.1061,30
D,61,1998848,understand,Germanic,0,12.7989,30
D,61,1998848,want,Germanic,4,10.8777,30
D,61,1998848,whole,Germanic,45,11.1384,30
D,61,1998848,will,Germanic,67,9.9780,30
D,92,3014656,acquire,Latinate,1,30.5065,18
D,92,3014656,additional,Latinate,48,17.5745,30
D,92,3014656,allow,Latinate,14,14.1074,30
D,92,3014656,ancient,Latinate,49,13.5969,30
D,92,3014656,answer,Germanic,17,11.8464,30
D,92,3014656,ask,Germanic,15,10.7038,30
D,92,3014656,assist,Latinate,8,18.5967,30
D,92,3014656,assistance,Latinate,37,16.8839,30
D,92,3014656,attempt,Latinate,7,15.5366,30
D,92,3014656,baby,Germanic,31,10.2569,30
D,92,3014656,before,Germanic,64,10.9424,30
D,92,3014656,beverage,Latinate,32,38.8947,11
D,92,3014656,build,Germanic,9,13.9393,30
D,92,3014656,but,Germanic,60,7.5753,30
D,92,3014656,buy,Germanic,11,11.7526,30
D,92,3014656,choose,Germanic,21,14.9714,30
D,92,3014656,commence,Latinate,25,28.4744,14
D,92,3014656,comprehend,Latinate,0,45.4437,19
D,92,3014656,conceal,Latinate,19,26.4631,30
D,92,3014656,conclude,Latinate,24,35.2129,15
D,92,3014656,construct,Latinate,9,29.0695,18
D,92,3014656,currently,Latinate,66,15.0256,30
D,92,3014656,demonstrate,Latinate,10,28.4101,30
D,92,3014656,depart,Latinate,12,16.4328,30
D,92,3014656,desire,Latinate,4,15.8870,30
D,92,3014656,difficult,Latinate,43,14.5442,30
D,92,3014656,discover,Latinate,20,16.4733,30
D,92,3014656,do,Germanic,30,7.6199,30
D,92,3014656,drink,Germanic,32,13.5056,30
D,92,3014656,earlier,Germanic,50,16.5716,30
D,92,3014656,end,Germanic,24,9.9092,30
D,92,3014656,enormous,Latinate,38,17.4941,30
D,92,3014656,enough,Germanic,44,10.8337,30
D,92,3014656,entire,Latinate,45,13.2172,30
D,92,3014656,error,Latinate,34,18.2272,30
D,92,3014656,fast,Germanic,42,12.7589,30
D,92,3014656,final,Latinate,59,13.2115,30
D,92,3014656,find,Germanic,20,10.5514,30
D,92,3014656,first,Germanic,52,10.2517,30
D,92,3014656,fortunate,Latinate,54,17.1440,30
D,92,3014656,frequently,Latinate,63,19.5508,30
D,92,3014656,get,Germanic,1,6.8698,30
D,92,3014656,gigantic,Latinate,39,32.5051,30
D,92,3014656,give,Germanic,5,8.9708,30
D,92,3014656,hard,Germanic,43,10.5193,30
D,92,3014656,have,Germanic,23,6.3967,30
D,92,3014656,help,Germanic,8,10.3174,30
D,92,3014656,hide,Germanic,19,13.9003,30
D,92,3014656,home,Germanic,33,10.8719,30
D,92,3014656,however,Latinate,60,12.5122,30
D,92,3014656,huge,Germanic,38,15.3749,30
D,92,3014656,ill,Latinate,57,13.3433,30
D,92,3014656,illness,Latinate,35,14.9924,30
D,92,3014656,immense,Latinate,40,16.5802,30
D,92,3014656,infant,Latinate,31,23.7188,30
D,92,3014656,initial,Latinate,52,15.8893,30
D,92,3014656,inquire,Latinate,16,25.9841,30
D,92,3014656,keep,Germanic,28,9.8117,30
D,92,3014656,last,Germanic,59,11.0450,30
D,92,3014656,leave,Germanic,12,11.0648,30
D,92,3014656,let,Germanic,13,11.3175,30
D,92,3014656,lucky,Germanic,54,14.7689,30
D,92,3014656,maintain,Latinate,29,20.5843,30
D,92,3014656,many,Germanic,46,9.4245,30
D,92,3014656,massive,Latinate,41,15.9980,30
D,92,3014656,maybe,Germanic,62,13.3868,30
D,92,3014656,mend,Germanic,22,23.7227,30
D,92,3014656,mistake,Germanic,34,13.5983,30
D,92,3014656,more,Germanic,48,9.1704,30
D,92,3014656,multiple,Latinate,47,16.9005,30
D,92,3014656,need,Germanic,3,10.8261,30
D,92,3014656,next,Germanic,53,10.2389,30
D,92,3014656,now,Germanic,66,10.2702,30
D,92,3014656,numerous,Latinate,46,17.3146,30
D,92,3014656,observe,Latinate,26,32.6294,30
D,92,3014656,obtain,Latinate,2,17.1919,30
D,92,3014656,occasionally,Latinate,65,19.3627,30
D,92,3014656,odd,Germanic,55,15.1059,30
D,92,3014656,often,Germanic,63,11.4055,30
D,92,3014656,old,Germanic,49,9.6853,30
D,92,3014656,peculiar,Latinate,56,17.1039,30
D,92,3014656,perform,Latinate,30,16.2863,30
D,92,3014656,perhaps,Latinate,62,13.7497,30
D,92,3014656,permit,Latinate,13,19.3558,30
D,92,3014656,possess,Latinate,23,17.3385,30
D,92,3014656,previous,Latinate,50,14.2082,30
D,92,3014656,previously,Latinate,64,16.5850,30
D,92,3014656,prior,Latinate,51,17.1005,30
D,92,3014656,provide,Latinate,5,17.5040,30
D,92,3014656,purchase,Latinate,11,18.3165,30
D,92,3014656,rapid,Latinate,42,17.0100,30
D,92,3014656,receive,Latinate,6,15.6210,30
D,92,3014656,remain,Latinate,27,15.7320,30
D,92,3014656,remainder,Latinate,36,31.3480,30
D,92,3014656,repair,Latinate,22,17.1717,30
D,92,3014656,reply,Latinate,17,15.0858,30
D,92,3014656,request,Latinate,15,15.9385,30
D,92,3014656,require,Latinate,3,17.2352,30
D,92,3014656,residence,Latinate,33,17.9909,30
D,92,3014656,respond,Latinate,18,17.4651,30
D,92,3014656,rest,Germanic,36,9.8042,30
D,92,3014656,retain,Latinate,28,19.2727,30
D,92,3014656,safe,Germanic,58,12.6424,30
D,92,3014656,secure,Latinate,58,15.9537,30
D,92,3014656,see,Germanic,26,7.5036,30
D,92,3014656,select,Latinate,21,18.5660,30
D,92,3014656,shall,Latinate,67,11.5377,30
D,92,3014656,show,Germanic,10,10.6403,30
D,92,3014656,sick,Germanic,57,12.1961,30
D,92,3014656,sickness,Germanic,35,15.8663,30
D,92,3014656,so,Germanic,61,9.1666,30
D,92,3014656,sometimes,Germanic,65,13.2382,30
D,92,3014656,start,Germanic,25,11.2157,30
D,92,3014656,stay,Germanic,27,10.5806,30
D,92,3014656,strange,Latinate,55,12.6308,30
D,92,3014656,subsequent,Latinate,53,31.1815,30
D,92,3014656,sufficient,Latinate,44,19.4812,30
D,92,3014656,therefore,Latinate,61,13.6217,30
D,92,3014656,try,Germanic,7,10.2024,30
D,92,3014656,understand,Germanic,0,11.3544,30
D,92,3014656,want,Germanic,4,8.2350,30
D,92,3014656,whole,Germanic,45,10.2229,30
D,92,3014656,will,Germanic,67,9.8687,30
D,122,3997696,acquire,Latinate,1,30.8283,18
D,122,3997696,additional,Latinate,48,17.3742,30
D,122,3997696,allow,Latinate,14,13.0531,30
D,122,3997696,ancient,Latinate,49,14.8718,30
D,122,3997696,answer,Germanic,17,13.3298,30
D,122,3997696,ask,Germanic,15,10.5788,30
D,122,3997696,assist,Latinate,8,17.0084,30
D,122,3997696,assistance,Latinate,37,17.8477,30
D,122,3997696,attempt,Latinate,7,15.3417,30
D,122,3997696,baby,Germanic,31,11.7252,30
D,122,3997696,before,Germanic,64,10.1407,30
D,122,3997696,beverage,Latinate,32,38.0346,11
D,122,3997696,build,Germanic,9,12.4439,30
D,122,3997696,but,Germanic,60,7.2903,30
D,122,3997696,buy,Germanic,11,11.9440,30
D,122,3997696,choose,Germanic,21,15.9044,30
D,122,3997696,commence,Latinate,25,26.1095,14
D,122,3997696,comprehend,Latinate,0,42.5070,19
D,122,3997696,conceal,Latinate,19,25.4359,30
D,122,3997696,conclude,Latinate,24,34.9190,15
D,122,3997696,construct,Latinate,9,31.1750,18
D,122,3997696,currently,Latinate,66,15.6063,30
D,122,3997696,demonstrate,Latinate,10,26.8743,30
D,122,3997696,depart,Latinate,12,16.2091,30
D,122,3997696,desire,Latinate,4,16.4085,30
D,122,3997696,difficult,Latinate,43,14.6942,30
D,122,3997696,discover,Latinate,20,16.1325,30
D,122,3997696,do,Germanic,30,8.1831,30
D,122,3997696,drink,Germanic,32,14.3370,30
D,122,3997696,earlier,Germanic,50,15.5701,30
D,122,3997696,end,Germanic,24,9.9661,30
D,122,3997696,enormous,Latinate,38,15.8397,30
D,122,3997696,enough,Germanic,44,11.0963,30
D,122,3997696,entire,Latinate,45,13.9665,30
D,122,3997696,error,Latinate,34,18.8461,30
D,122,3997696,fast,Germanic,42,12.9772,30
D,122,3997696,final,Latinate,59,11.0792,30
D,122,3997696,find,Germanic,20,10.8431,30
D,122,3997696,first,Germanic,52,9.4438,30
D,122,3997696,fortunate,Latinate,54,16.9943,30
D,122,3997696,frequently,Latinate,63,18.5302,30
D,122,3997696,get,Germanic,1,7.2149,30
D,122,3997696,gigantic,Latinate,39,33.2659,30
D,122,3997696,give,Germanic,5,10.0825,30
D,122,3997696,hard,Germanic,43,10.6736,30
D,122,3997696,have,Germanic,23,6.5600,30
D,122,3997696,help,Germanic,8,10.4237,30
D,122,3997696,hide,Germanic,19,13.8529,30
D,122,3997696,home,Germanic,33,10.8571,30
D,122,3997696,however,Latinate,60,12.1974,30
D,122,3997696,huge,Germanic,38,14.3477,30
D,122,3997696,ill,Latinate,57,14.6729,30
D,122,3997696,illness,Latinate,35,15.9963,30
D,122,3997696,immense,Latinate,40,15.7321,30
D,122,3997696,infant,Latinate,31,23.0758,30
D,122,3997696,initial,Latinate,52,16.5686,30
D,122,3997696,inquire,Latinate,16,25.3436,30
D,122,3997696,keep,Germanic,28,10.1851,30
D,122,3997696,last,Germanic,59,10.3412,30
D,122,3997696,leave,Germanic,12,11.6553,30
D,122,3997696,let,Germanic,13,12.3840,30
D,122,3997696,lucky,Germanic,54,15.3394,30
D,122,3997696,maintain,Latinate,29,17.8336,30
D,122,3997696,many,Germanic,46,9.3954,30
D,122,3997696,massive,Latinate,41,16.7348,30
D,122,3997696,maybe,Germanic,62,13.1224,30
D,122,3997696,mend,Germanic,22,25.8776,30
D,122,3997696,mistake,Germanic,34,13.3472,30
D,122,3997696,more,Germanic,48,8.8905,30
D,122,3997696,multiple,Latinate,47,16.2099,30
D,122,3997696,need,Germanic,3,11.6976,30
D,122,3997696,next,Germanic,53,11.2121,30
D,122,3997696,now,Germanic,66,10.1242,30
D,122,3997696,numerous,Latinate,46,17.8353,30
D,122,3997696,observe,Latinate,26,31.6120,30
D,122,3997696,obtain,Latinate,2,17.7557,30
D,122,3997696,occasionally,Latinate,65,18.5094,30
D,122,3997696,odd,Germanic,55,16.1637,30
D,122,3997696,often,Germanic,63,12.3392,30
D,122,3997696,old,Germanic,49,8.9717,30
D,122,3997696,peculiar,Latinate,56,18.0416,30
D,122,3997696,perform,Latinate,30,16.1588,30
D,122,3997696,perhaps,Latinate,62,13.7291,30
D,122,3997696,permit,Latinate,13,18.9967,30
D,122,3997696,possess,Latinate,23,17.2483,30
D,122,3997696,previous,Latinate,50,15.4568,30
D,122,3997696,previously,Latinate,64,18.0795,30
D,122,3997696,prior,Latinate,51,17.8846,30
D,122,3997696,provide,Latinate,5,16.2772,30
D,122,3997696,purchase,Latinate,11,18.7326,30
D,122,3997696,rapid,Latinate,42,16.6880,30
D,122,3997696,receive,Latinate,6,14.3428,30
D,122,3997696,remain,Latinate,27,15.5893,30
D,122,3997696,remainder,Latinate,36,31.9573,30
D,122,3997696,repair,Latinate,22,16.9451,30
D,122,3997696,reply,Latinate,17,14.9386,30
D,122,3997696,request,Latinate,15,15.2005,30
D,122,3997696,require,Latinate,3,16.4485,30
D,122,3997696,residence,Latinate,33,18.9454,30
D,122,3997696,respond,Latinate,18,17.6729,30
D,122,3997696,rest,Germanic,36,10.4786,30
D,122,3997696,retain,Latinate,28,17.7720,30
D,122,3997696,safe,Germanic,58,12.5289,30
D,122,3997696,secure,Latinate,58,14.8522,30
D,122,3997696,see,Germanic,26,8.2715,30
D,122,3997696,select,Latinate,21,19.2585,30
D,122,3997696,shall,Latinate,67,10.3668,30
D,122,3997696,show,Germanic,10,10.4408,30
D,122,3997696,sick,Germanic,57,13.3406,30
D,122,3997696,sickness,Germanic,35,16.6400,30
D,122,3997696,so,Germanic,61,8.9227,30
D,122,3997696,sometimes,Germanic,65,12.6879,30
D,122,3997696,start,Germanic,25,11.3337,30
D,122,3997696,stay,Germanic,27,11.0672,30
D,122,3997696,strange,Latinate,55,13.3598,30
D,122,3997696,subsequent,Latinate,53,31.5328,30
D,122,3997696,sufficient,Latinate,44,18.1188,30
D,122,3997696,therefore,Latinate,61,14.4982,30
D,122,3997696,try,Germanic,7,11.0177,30
D,122,3997696,understand,Germanic,0,12.8266,30
D,122,3997696,want,Germanic,4,8.7038,30
D,122,3997696,whole,Germanic,45,9.2937,30
D,122,3997696,will,Germanic,67,10.0324,30
D,153,5013504,acquire,Latinate,1,30.4083,18
D,153,5013504,additional,Latinate,48,18.2473,30
D,153,5013504,allow,Latinate,14,12.8572,30
D,153,5013504,ancient,Latinate,49,14.6535,30
D,153,5013504,answer,Germanic,17,12.9392,30
D,153,5013504,ask,Germanic,15,9.6629,30
D,153,5013504,assist,Latinate,8,16.0454,30
D,153,5013504,assistance,Latinate,37,17.2421,30
D,153,5013504,attempt,Latinate,7,15.5016,30
D,153,5013504,baby,Germanic,31,11.1193,30
D,153,5013504,before,Germanic,64,10.1761,30
D,153,5013504,beverage,Latinate,32,41.8134,11
D,153,5013504,build,Germanic,9,10.8100,30
D,153,5013504,but,Germanic,60,6.7523,30
D,153,5013504,buy,Germanic,11,11.2365,30
D,153,5013504,choose,Germanic,21,15.0992,30
D,153,5013504,commence,Latinate,25,27.3223,14
D,153,5013504,comprehend,Latinate,0,46.1464,19
D,153,5013504,conceal,Latinate,19,24.3818,30
D,153,5013504,conclude,Latinate,24,31.2203,15
D,153,5013504,construct,Latinate,9,30.2720,18
D,153,5013504,currently,Latinate,66,14.7441,30
D,153,5013504,demonstrate,Latinate,10,27.1673,30
D,153,5013504,depart,Latinate,12,17.9626,30
D,153,5013504,desire,Latinate,4,15.1170,30
D,153,5013504,difficult,Latinate,43,13.5686,30
D,153,5013504,discover,Latinate,20,16.8591,30
D,153,5013504,do,Germanic,30,6.9563,30
D,153,5013504,drink,Germanic,32,13.0417,30
D,153,5013504,earlier,Germanic,50,14.9846,30
D,153,5013504,end,Germanic,24,10.0122,30
D,153,5013504,enormous,Latinate,38,16.8966,30
D,153,5013504,enough,Germanic,44,10.9109,30
D,153,5013504,entire,Latinate,45,12.7742,30
D,153,5013504,error,Latinate,34,18.9284,30
D,153,5013504,fast,Germanic,42,12.8108,30
D,153,5013504,final,Latinate,59,11.7428,30
D,153,5013504,find,Germanic,20,9.9855,30
D,153,5013504,first,Germanic,52,10.0780,30
D,153,5013504,fortunate,Latinate,54,16.1008,30
D,153,5013504,frequently,Latinate,63,17.3012,30
D,153,5013504,get,Germanic,1,6.4563,30
D,153,5013504,gigantic,Latinate,39,32.5983,30
D,153,5013504,give,Germanic,5,8.9181,30
D,153,5013504,hard,Germanic,43,10.4610,30
D,153,5013504,have,Germanic,23,5.3694,30
D,153,5013504,help,Germanic,8,9.5320,30
D,153,5013504,hide,Germanic,19,14.3767,30
D,153,5013504,home,Germanic,33,11.0232,30
D,153,5013504,however,Latinate,60,12.3669,30
D,153,5013504,huge,Germanic,38,14.9039,30
D,153,5013504,ill,Latinate,57,13.7450,30
D,153,5013504,illness,Latinate,35,15.5522,30
D,153,5013504,immense,Latinate,40,17.0354,30
D,153,5013504,infant,Latinate,31,22.4506,30
D,153,5013504,initial,Latinate,52,15.6265,30
D,153,5013504,inquire,Latinate,16,24.5237,30
D,153,5013504,keep,Germanic,28,9.9587,30
D,153,5013504,last,Germanic,59,10.2978,30
D,153,5013504,leave,Germanic,12,11.1971,30
D,153,5013504,let,Germanic,13,10.9833,30
D,153,5013504,lucky,Germanic,54,14.1793,30
D,153,5013504,maintain,Latinate,29,17.7172,30
D,153,5013504,many,Germanic,46,9.2183,30
D,153,5013504,massive,Latinate,41,16.5689,30
D,153,5013504,maybe,Germanic,62,12.9361,30
D,153,5013504,mend,Germanic,22,27.1235,30
D,153,5013504,mistake,Germanic,34,12.5257,30
D,153,5013504,more,Germanic,48,9.1943,30
D,153,5013504,multiple,Latinate,47,16.1985,30
D,153,5013504,need,Germanic,3,10.5887,30
D,153,5013504,next,Germanic,53,9.8136,30
D,153,5013504,now,Germanic,66,9.2907,30
D,153,5013504,numerous,Latinate,46,18.1613,30
D,153,5013504,observe,Latinate,26,28.2943,30
D,153,5013504,obtain,Latinate,2,18.0732,30
D,153,5013504,occasionally,Latinate,65,17.9009,30
D,153,5013504,odd,Germanic,55,15.6927,30
D,153,5013504,often,Germanic,63,12.1491,30
D,153,5013504,old,Germanic,49,8.8131,30
D,153,5013504,peculiar,Latinate,56,16.7366,30
D,153,5013504,perform,Latinate,30,14.6797,30
D,153,5013504,perhaps,Latinate,62,14.4643,30
D,153,5013504,permit,Latinate,13,18.8984,30
D,153,5013504,possess,Latinate,23,15.9810,30
D,153,5013504,previous,Latinate,50,13.2807,30
D,153,5013504,previously,Latinate,64,17.2810,30
D,153,5013504,prior,Latinate,51,18.0879,30
D,153,5013504,provide,Latinate,5,14.6350,30
D,153,5013504,purchase,Latinate,11,18.4857,30
D,153,5013504,rapid,Latinate,42,16.7955,30
D,153,5013504,receive,Latinate,6,14.3338,30
D,153,5013504,remain,Latinate,27,15.4528,30
D,153,5013504,remainder,Latinate,36,33.0880,30
D,153,5013504,repair,Latinate,22,17.4775,30
D,153,5013504,reply,Latinate,17,16.6358,30
D,153,5013504,request,Latinate,15,15.0241,30
D,153,5013504,require,Latinate,3,16.8835,30
D,153,5013504,residence,Latinate,33,19.4430,30
D,153,5013504,respond,Latinate,18,18.7158,30
D,153,5013504,rest,Germanic,36,8.0434,30
D,153,5013504,retain,Latinate,28,17.7799,30
D,153,5013504,safe,Germanic,58,12.6655,30
D,153,5013504,secure,Latinate,58,14.9253,30
D,153,5013504,see,Germanic,26,7.5336,30
D,153,5013504,select,Latinate,21,17.4279,30
D,153,5013504,shall,Latinate,67,9.7449,30
D,153,5013504,show,Germanic,10,10.3322,30
D,153,5013504,sick,Germanic,57,12.5204,30
D,153,5013504,sickness,Germanic,35,16.3847,30
D,153,5013504,so,Germanic,61,8.2738,30
D,153,5013504,sometimes,Germanic,65,13.0678,30
D,153,5013504,start,Germanic,25,10.7036,30
D,153,5013504,stay,Germanic,27,9.6585,30
D,153,5013504,strange,Latinate,55,13.6909,30
D,153,5013504,subsequent,Latinate,53,28.7972,30
D,153,5013504,sufficient,Latinate,44,18.3466,30
D,153,5013504,therefore,Latinate,61,14.6918,30
D,153,5013504,try,Germanic,7,9.7889,30
D,153,5013504,understand,Germanic,0,10.8622,30
D,153,5013504,want,Germanic,4,7.2528,30
D,153,5013504,whole,Germanic,45,9.0793,30
D,153,5013504,will,Germanic,67,9.0171,30
D,183,5996544,acquire,Latinate,1,29.8105,18
D,183,5996544,additional,Latinate,48,18.4919,30
D,183,5996544,allow,Latinate,14,12.8834,30
D,183,5996544,ancient,Latinate,49,14.0750,30
D,183,5996544,answer,Germanic,17,12.5312,30
D,183,5996544,ask,Germanic,15,9.8298,30
D,183,5996544,assist,Latinate,8,16.9446,30
D,183,5996544,assistance,Latinate,37,17.4598,30
D,183,5996544,attempt,Latinate,7,14.3964,30
D,183,5996544,baby,Germanic,31,11.0337,30
D,183,5996544,before,Germanic,64,10.0022,30
D,183,5996544,beverage,Latinate,32,42.7932,11
D,183,5996544,build,Germanic,9,11.5391,30
D,183,5996544,but,Germanic,60,5.6999,30
D,183,5996544,buy,Germanic,11,11.3923,30
D,183,5996544,choose,Germanic,21,15.7727,30
D,183,5996544,commence,Latinate,25,26.6154,14
D,183,5996544,comprehend,Latinate,0,44.8643,19
D,183,5996544,conceal,Latinate,19,22.9850,30
D,183,5996544,conclude,Latinate,24,32.4156,15
D,183,5996544,construct,Latinate,9,28.2904,18
D,183,5996544,currently,Latinate,66,16.0085,30
D,183,5996544,demonstrate,Latinate,10,25.9493,30
D,183,5996544,depart,Latinate,12,18.3612,30
D,183,5996544,desire,Latinate,4,15.0812,30
D,183,5996544,difficult,Latinate,43,14.4513,30
D,183,5996544,discover,Latinate,20,16.3768,30
D,183,5996544,do,Germanic,30,6.4493,30
D,183,5996544,drink,Germanic,32,12.8420,30
D,183,5996544,earlier,Germanic,50,15.7651,30
D,183,5996544,end,Germanic,24,9.7213,30
D,183,5996544,enormous,Latinate,38,17.1625,30
D,183,5996544,enough,Germanic,44,10.8411,30
D,183,5996544,entire,Latinate,45,13.2780,30
D,183,5996544,error,Latinate,34,17.7014,30
D,183,5996544,fast,Germanic,42,11.7584,30
D,183,5996544,final,Latinate,59,11.2896,30
D,183,5996544,find,Germanic,20,9.6795,30
D,183,5996544,first,Germanic,52,9.9865,30
D,183,5996544,fortunate,Latinate,54,17.7059,30
D,183,5996544,frequently,Latinate,63,18.1203,30
D,183,5996544,get,Germanic,1,5.7583,30
D,183,5996544,gigantic,Latinate,39,33.8686,30
D,183,5996544,give,Germanic,5,8.5040,30
D,183,5996544,hard,Germanic,43,10.4878,30
D,183,5996544,have,Germanic,23,5.9063,30
D,183,5996544,help,Germanic,8,9.8848,30
D,183,5996544,hide,Germanic,19,13.8732,30
D,183,5996544,home,Germanic,33,10.8734,30
D,183,5996544,however,Latinate,60,11.6721,30
D,183,5996544,huge,Germanic,38,14.6921,30
D,183,5996544,ill,Latinate,57,14.2830,30
D,183,5996544,illness,Latinate,35,15.8635,30
D,183,5996544,immense,Latinate,40,17.9439,30
D,183,5996544,infant,Latinate,31,22.6338,30
D,183,5996544,initial,Latinate,52,15.3431,30
D,183,5996544,inquire,Latinate,16,25.8588,30
D,183,5996544,keep,Germanic,28,9.6996,30
D,183,5996544,last,Germanic,59,10.2409,30
D,183,5996544,leave,Germanic,12,11.3864,30
D,183,5996544,let,Germanic,13,10.2502,30
D,183,5996544,lucky,Germanic,54,14.3213,30
D,183,5996544,maintain,Latinate,29,18.4911,30
D,183,5996544,many,Germanic,46,9.7733,30
D,183,5996544,massive,Latinate,41,16.1176,30
D,183,5996544,maybe,Germanic,62,12.3413,30
D,183,5996544,mend,Germanic,22,28.0196,30
D,183,5996544,mistake,Germanic,34,13.0789,30
D,183,5996544,more,Germanic,48,9.1203,30
D,183,5996544,multiple,Latinate,47,17.8621,30
D,183,5996544,need,Germanic,3,10.7596,30
D,183,5996544,next,Germanic,53,9.6740,30
D,183,5996544,now,Germanic,66,9.4598,30
D,183,5996544,numerous,Latinate,46,17.7362,30
D,183,5996544,observe,Latinate,26,29.1782,30
D,183,5996544,obtain,Latinate,2,18.3052,30
D,183,5996544,occasionally,Latinate,65,19.0600,30
D,183,5996544,odd,Germanic,55,16.0212,30
D,183,5996544,often,Germanic,63,12.1697,30
D,183,5996544,old,Germanic,49,9.1372,30
D,183,5996544,peculiar,Latinate,56,18.0639,30
D,183,5996544,perform,Latinate,30,15.0642,30
D,183,5996544,perhaps,Latinate,62,13.6909,30
D,183,5996544,permit,Latinate,13,18.3574,30
D,183,5996544,possess,Latinate,23,15.0155,30
D,183,5996544,previous,Latinate,50,14.6987,30
D,183,5996544,previously,Latinate,64,18.0200,30
D,183,5996544,prior,Latinate,51,18.1110,30
D,183,5996544,provide,Latinate,5,12.9320,30
D,183,5996544,purchase,Latinate,11,18.0762,30
D,183,5996544,rapid,Latinate,42,17.3663,30
D,183,5996544,receive,Latinate,6,15.2259,30
D,183,5996544,remain,Latinate,27,15.0349,30
D,183,5996544,remainder,Latinate,36,35.2839,30
D,183,5996544,repair,Latinate,22,17.6276,30
D,183,5996544,reply,Latinate,17,15.4938,30
D,183,5996544,request,Latinate,15,14.9480,30
D,183,5996544,require,Latinate,3,16.8127,30
D,183,5996544,residence,Latinate,33,17.9836,30
D,183,5996544,respond,Latinate,18,18.0914,30
D,183,5996544,rest,Germanic,36,7.9564,30
D,183,5996544,retain,Latinate,28,19.3003,30
D,183,5996544,safe,Germanic,58,12.8719,30
D,183,5996544,secure,Latinate,58,16.2963,30
D,183,5996544,see,Germanic,26,6.6765,30
D,183,5996544,select,Latinate,21,17.0574,30
D,183,5996544,shall,Latinate,67,9.6732,30
D,183,5996544,show,Germanic,10,10.7581,30
D,183,5996544,sick,Germanic,57,12.5490,30
D,183,5996544,sickness,Germanic,35,16.2320,30
D,183,5996544,so,Germanic,61,7.7226,30
D,183,5996544,sometimes,Germanic,65,12.0199,30
D,183,5996544,start,Germanic,25,10.3723,30
D,183,5996544,stay,Germanic,27,10.4992,30
D,183,5996544,strange,Latinate,55,13.6627,30
D,183,5996544,subsequent,Latinate,53,27.5480,30
D,183,5996544,sufficient,Latinate,44,18.5920,30
D,183,5996544,therefore,Latinate,61,14.8502,30
D,183,5996544,try,Germanic,7,8.6448,30
D,183,5996544,understand,Germanic,0,10.6296,30
D,183,5996544,want,Germanic,4,7.3128,30
D,183,5996544,whole,Germanic,45,8.5250,30
D,183,5996544,will,Germanic,67,8.4032,30
D,214,7012352,acquire,Latinate,1,28.7817,18
D,214,7012352,additional,Latinate,48,19.7104,30
D,214,7012352,allow,Latinate,14,13.6092,30
D,214,7012352,ancient,Latinate,49,14.9133,30
D,214,7012352,answer,Germanic,17,12.4739,30
D,214,7012352,ask,Germanic,15,9.7754,30
D,214,7012352,assist,Latinate,8,17.7134,30
D,214,7012352,assistance,Latinate,37,17.1639,30
D,214,7012352,attempt,Latinate,7,15.3230,30
D,214,7012352,baby,Germanic,31,9.9509,30
D,214,7012352,before,Germanic,64,10.8558,30
D,214,7012352,beverage,Latinate,32,44.6785,11
D,214,7012352,build,Germanic,9,10.8491,30
D,214,7012352,but,Germanic,60,5.6769,30
D,214,7012352,buy,Germanic,11,10.3191,30
D,214,7012352,choose,Germanic,21,15.4088,30
D,214,7012352,commence,Latinate,25,29.1490,14
D,214,7012352,comprehend,Latinate,0,42.8922,19
D,214,7012352,conceal,Latinate,19,24.3385,30
D,214,7012352,conclude,Latinate,24,29.8190,15
D,214,7012352,construct,Latinate,9,29.6880,18
D,214,7012352,currently,Latinate,66,16.9729,30
D,214,7012352,demonstrate,Latinate,10,25.7719,30
D,214,7012352,depart,Latinate,12,17.4963,30
D,214,7012352,desire,Latinate,4,15.2879,30
D,214,7012352,difficult,Latinate,43,14.3479,30
D,214,7012352,discover,Latinate,20,16.4432,30
D,214,7012352,do,Germanic,30,6.3129,30
D,214,7012352,drink,Germanic,32,12.8363,30
D,214,7012352,earlier,Germanic,50,15.5848,30
D,214,7012352,end,Germanic,24,8.8483,30
D,214,7012352,enormous,Latinate,38,17.1665,30
D,214,7012352,enough,Germanic,44,10.5888,30
D,214,7012352,entire,Latinate,45,12.9538,30
D,214,7012352,error,Latinate,34,17.5212,30
D,214,7012352,fast,Germanic,42,12.2195,30
D,214,7012352,final,Latinate,59,11.8305,30
D,214,7012352,find,Germanic,20,10.0385,30
D,214,7012352,first,Germanic,52,10.6936,30
D,214,7012352,fortunate,Latinate,54,18.6736,30
D,214,7012352,frequently,Latinate,63,19.0307,30
D,214,7012352,get,Germanic,1,5.4143,30
D,214,7012352,gigantic,Latinate,39,31.6204,30
D,214,7012352,give,Germanic,5,8.5950,30
D,214,7012352,hard,Germanic,43,11.1239,30
D,214,7012352,have,Germanic,23,5.8722,30
D,214,7012352,help,Germanic,8,9.5807,30
D,214,7012352,hide,Germanic,19,14.9241,30
D,214,7012352,home,Germanic,33,10.8644,30
D,214,7012352,however,Latinate,60,11.9524,30
D,214,7012352,huge,Germanic,38,14.6746,30
D,214,7012352,ill,Latinate,57,14.2158,30
D,214,7012352,illness,Latinate,35,16.2934,30
D,214,7012352,immense,Latinate,40,17.4751,30
D,214,7012352,infant,Latinate,31,23.4562,30
D,214,7012352,initial,Latinate,52,16.5979,30
D,214,7012352,inquire,Latinate,16,26.3007,30
D,214,7012352,keep,Germanic,28,9.4430,30
D,214,7012352,last,Germanic,59,10.4132,30
D,214,7012352,leave,Germanic,12,11.6273,30
D,214,7012352,let,Germanic,13,9.9027,30
D,214,7012352,lucky,Germanic,54,14.8226,30
D,214,7012352,maintain,Latinate,29,18.8755,30
D,214,7012352,many,Germanic,46,9.4393,30
D,214,7012352,massive,Latinate,41,16.8024,30
D,214,7012352,maybe,Germanic,62,12.7009,30
D,214,7012352,mend,Germanic,22,26.0106,30
D,214,7012352,mistake,Germanic,34,13.6214,30
D,214,7012352,more,Germanic,48,9.3035,30
D,214,7012352,multiple,Latinate,47,18.6098,30
D,214,7012352,need,Germanic,3,10.4615,30
D,214,7012352,next,Germanic,53,9.6276,30
D,214,7012352,now,Germanic,66,9.0931,30
D,214,7012352,numerous,Latinate,46,18.2027,30
D,214,7012352,observe,Latinate,26,28.6756,30
D,214,7012352,obtain,Latinate,2,15.5024,30
D,214,7012352,occasionally,Latinate,65,17.6706,30
D,214,7012352,odd,Germanic,55,16.7946,30
D,214,7012352,often,Germanic,63,12.6936,30
D,214,7012352,old,Germanic,49,8.4429,30
D,214,7012352,peculiar,Latinate,56,16.8785,30
D,214,7012352,perform,Latinate,30,14.9311,30
D,214,7012352,perhaps,Latinate,62,13.6894,30
D,214,7012352,permit,Latinate,13,18.0367,30
D,214,7012352,possess,Latinate,23,17.5652,30
D,214,7012352,previous,Latinate,50,12.6963,30
D,214,7012352,previously,Latinate,64,18.4813,30
D,214,7012352,prior,Latinate,51,18.0464,30
D,214,7012352,provide,Latinate,5,16.0729,30
D,214,7012352,purchase,Latinate,11,17.7795,30
D,214,7012352,rapid,Latinate,42,16.2595,30
D,214,7012352,receive,Latinate,6,15.1080,30
D,214,7012352,remain,Latinate,27,14.8415,30
D,214,7012352,remainder,Latinate,36,33.1722,30
D,214,7012352,repair,Latinate,22,17.4187,30
D,214,7012352,reply,Latinate,17,17.2855,30
D,214,7012352,request,Latinate,15,15.1943,30
D,214,7012352,require,Latinate,3,17.7882,30
D,214,7012352,residence,Latinate,33,19.1026,30
D,214,7012352,respond,Latinate,18,17.7968,30
D,214,7012352,rest,Germanic,36,7.8605,30
D,214,7012352,retain,Latinate,28,18.6728,30
D,214,7012352,safe,Germanic,58,12.9793,30
D,214,7012352,secure,Latinate,58,16.2221,30
D,214,7012352,see,Germanic,26,6.7915,30
D,214,7012352,select,Latinate,21,18.6655,30
D,214,7012352,shall,Latinate,67,8.7461,30
D,214,7012352,show,Germanic,10,10.6861,30
D,214,7012352,sick,Germanic,57,12.3702,30
D,214,7012352,sickness,Germanic,35,16.2467,30
D,214,7012352,so,Germanic,61,7.9509,30
D,214,7012352,sometimes,Germanic,65,12.0703,30
D,214,7012352,start,Germanic,25,11.0064,30
D,214,7012352,stay,Germanic,27,10.1403,30
D,214,7012352,strange,Latinate,55,14.6270,30
D,214,7012352,subsequent,Latinate,53,27.5950,30
D,214,7012352,sufficient,Latinate,44,18.9317,30
D,214,7012352,therefore,Latinate,61,14.9400,30
D,214,7012352,try,Germanic,7,9.6629,30
D,214,7012352,understand,Germanic,0,11.5113,30
D,214,7012352,want,Germanic,4,6.5912,30
D,214,7012352,whole,Germanic,45,8.7807,30
D,214,7012352,will,Germanic,67,8.6230,30
D,244,7995392,acquire,Latinate,1,28.3090,18
D,244,7995392,additional,Latinate,48,19.1604,30
D,244,7995392,allow,Latinate,14,12.4913,30
D,244,7995392,ancient,Latinate,49,14.6218,30
D,244,7995392,answer,Germanic,17,12.6483,30
D,244,7995392,ask,Germanic,15,9.7693,30
D,244,7995392,assist,Latinate,8,16.6994,30
D,244,7995392,assistance,Latinate,37,16.9353,30
D,244,7995392,attempt,Latinate,7,14.8080,30
D,244,7995392,baby,Germanic,31,10.6804,30
D,244,7995392,before,Germanic,64,10.0000,30
D,244,7995392,beverage,Latinate,32,42.7173,11
D,244,7995392,build,Germanic,9,10.9822,30
D,244,7995392,but,Germanic,60,6.1316,30
D,244,7995392,buy,Germanic,11,10.4275,30
D,244,7995392,choose,Germanic,21,14.6835,30
D,244,7995392,commence,Latinate,25,27.4232,14
D,244,7995392,comprehend,Latinate,0,42.0297,19
D,244,7995392,conceal,Latinate,19,24.7211,30
D,244,7995392,conclude,Latinate,24,29.8908,15
D,244,7995392,construct,Latinate,9,30.8634,18
D,244,7995392,currently,Latinate,66,14.3473,30
D,244,7995392,demonstrate,Latinate,10,24.8797,30
D,244,7995392,depart,Latinate,12,17.4690,30
D,244,7995392,desire,Latinate,4,14.4433,30
D,244,7995392,difficult,Latinate,43,14.9974,30
D,244,7995392,discover,Latinate,20,16.6878,30
D,244,7995392,do,Germanic,30,6.6239,30
D,244,7995392,drink,Germanic,32,13.3046,30
D,244,7995392,earlier,Germanic,50,15.5401,30
D,244,7995392,end,Germanic,24,9.4838,30
D,244,7995392,enormous,Latinate,38,15.1550,30
D,244,7995392,enough,Germanic,44,11.4392,30
D,244,7995392,entire,Latinate,45,14.8067,30
D,244,7995392,error,Latinate,34,17.4872,30
D,244,7995392,fast,Germanic,42,12.0505,30
D,244,7995392,final,Latinate,59,12.8984,30
D,244,7995392,find,Germanic,20,10.1772,30
D,244,7995392,first,Germanic,52,10.2119,30
D,244,7995392,fortunate,Latinate,54,17.4872,30
D,244,7995392,frequently,Latinate,63,17.9074,30
D,244,7995392,get,Germanic,1,6.3797,30
D,244,7995392,gigantic,Latinate,39,28.4454,30
D,244,7995392,give,Germanic,5,8.3499,30
D,244,7995392,hard,Germanic,43,10.9046,30
D,244,7995392,have,Germanic,23,5.8269,30
D,244,7995392,help,Germanic,8,9.0951,30
D,244,7995392,hide,Germanic,19,14.2806,30
D,244,7995392,home,Germanic,33,10.8092,30
D,244,7995392,however,Latinate,60,11.6320,30
D,244,7995392,huge,Germanic,38,14.1199,30
D,244,7995392,ill,Latinate,57,14.8434,30
D,244,7995392,illness,Latinate,35,14.8773,30
D,244,7995392,immense,Latinate,40,16.6672,30
D,244,7995392,infant,Latinate,31,23.0250,30
D,244,7995392,initial,Latinate,52,16.3422,30
D,244,7995392,inquire,Latinate,16,24.3812,30
D,244,7995392,keep,Germanic,28,9.3722,30
D,244,7995392,last,Germanic,59,10.4041,30
D,244,7995392,leave,Germanic,12,11.5344,30
D,244,7995392,let,Germanic,13,10.5326,30
D,244,7995392,lucky,Germanic,54,14.7920,30
D,244,7995392,maintain,Latinate,29,17.9492,30
D,244,7995392,many,Germanic,46,9.6490,30
D,244,7995392,massive,Latinate,41,17.5052,30
D,244,7995392,maybe,Germanic,62,13.3367,30
D,244,7995392,mend,Germanic,22,26.7689,30
D,244,7995392,mistake,Germanic,34,13.1893,30
D,244,7995392,more,Germanic,48,10.2962,30
D,244,7995392,multiple,Latinate,47,17.3554,30
D,244,7995392,need,Germanic,3,10.5042,30
D,244,7995392,next,Germanic,53,9.8029,30
D,244,7995392,now,Germanic,66,10.1773,30
D,244,7995392,numerous,Latinate,46,18.5856,30
D,244,7995392,observe,Latinate,26,29.2215,30
D,244,7995392,obtain,Latinate,2,14.6606,30
D,244,7995392,occasionally,Latinate,65,16.7066,30
D,244,7995392,odd,Germanic,55,15.6825,30
D,244,7995392,often,Germanic,63,12.2918,30
D,244,7995392,old,Germanic,49,8.2756,30
D,244,7995392,peculiar,Latinate,56,17.1710,30
D,244,7995392,perform,Latinate,30,15.0489,30
D,244,7995392,perhaps,Latinate,62,13.0949,30
D,244,7995392,permit,Latinate,13,18.4992,30
D,244,7995392,possess,Latinate,23,18.2020,30
D,244,7995392,previous,Latinate,50,12.9328,30
D,244,7995392,previously,Latinate,64,18.4962,30
D,244,7995392,prior,Latinate,51,17.4868,30
D,244,7995392,provide,Latinate,5,13.6096,30
D,244,7995392,purchase,Latinate,11,17.8006,30
D,244,7995392,rapid,Latinate,42,16.5008,30
D,244,7995392,receive,Latinate,6,15.1611,30
D,244,7995392,remain,Latinate,27,15.4310,30
D,244,7995392,remainder,Latinate,36,33.5116,30
D,244,7995392,repair,Latinate,22,18.3376,30
D,244,7995392,reply,Latinate,17,15.4459,30
D,244,7995392,request,Latinate,15,16.0187,30
D,244,7995392,require,Latinate,3,17.6147,30
D,244,7995392,residence,Latinate,33,18.3348,30
D,244,7995392,respond,Latinate,18,16.9896,30
D,244,7995392,rest,Germanic,36,8.3085,30
D,244,7995392,retain,Latinate,28,18.4081,30
D,244,7995392,safe,Germanic,58,13.9996,30
D,244,7995392,secure,Latinate,58,15.8508,30
D,244,7995392,see,Germanic,26,6.4849,30
D,244,7995392,select,Latinate,21,18.2212,30
D,244,7995392,shall,Latinate,67,9.8859,30
D,244,7995392,show,Germanic,10,10.8223,30
D,244,7995392,sick,Germanic,57,13.4919,30
D,244,7995392,sickness,Germanic,35,16.5287,30
D,244,7995392,so,Germanic,61,8.3052,30
D,244,7995392,sometimes,Germanic,65,12.3086,30
D,244,7995392,start,Germanic,25,11.0407,30
D,244,7995392,stay,Germanic,27,10.2638,30
D,244,7995392,strange,Latinate,55,14.4149,30
D,244,7995392,subsequent,Latinate,53,26.9202,30
D,244,7995392,sufficient,Latinate,44,17.4640,30
D,244,7995392,therefore,Latinate,61,14.3068,30
D,244,7995392,try,Germanic,7,9.8111,30
D,244,7995392,understand,Germanic,0,11.7940,30
D,244,7995392,want,Germanic,4,6.8158,30
D,244,7995392,whole,Germanic,45,8.6990,30
D,244,7995392,will,Germanic,67,8.9611,30
D,275,9011200,acquire,Latinate,1,27.6856,18
D,275,9011200,additional,Latinate,48,19.6231,30
D,275,9011200,allow,Latinate,14,13.5601,30
D,275,9011200,ancient,Latinate,49,14.1130,30
D,275,9011200,answer,Germanic,17,12.0068,30
D,275,9011200,ask,Germanic,15,9.5596,30
D,275,9011200,assist,Latinate,8,15.3707,30
D,275,9011200,assistance,Latinate,37,17.0054,30
D,275,9011200,attempt,Latinate,7,15.1466,30
D,275,9011200,baby,Germanic,31,9.8141,30
D,275,9011200,before,Germanic,64,10.1142,30
D,275,9011200,beverage,Latinate,32,42.8677,11
D,275,9011200,build,Germanic,9,11.3069,30
D,275,9011200,but,Germanic,60,5.8742,30
D,275,9011200,buy,Germanic,11,9.9507,30
D,275,9011200,choose,Germanic,21,13.1621,30
D,275,9011200,commence,Latinate,25,23.8981,14
D,275,9011200,comprehend,Latinate,0,38.9242,19
D,275,9011200,conceal,Latinate,19,22.4007,30
D,275,9011200,conclude,Latinate,24,29.6487,15
D,275,9011200,construct,Latinate,9,29.0552,18
D,275,9011200,currently,Latinate,66,15.3219,30
D,275,9011200,demonstrate,Latinate,10,22.4527,30
D,275,9011200,depart,Latinate,12,16.3079,30
D,275,9011200,desire,Latinate,4,14.9001,30
D,275,9011200,difficult,Latinate,43,14.0841,30
D,275,9011200,discover,Latinate,20,16.7695,30
D,275,9011200,do,Germanic,30,5.9697,30
D,275,9011200,drink,Germanic,32,13.7903,30
D,275,9011200,earlier,Germanic,50,14.3447,30
D,275,9011200,end,Germanic,24,8.5983,30
D,275,9011200,enormous,Latinate,38,15.7687,30
D,275,9011200,enough,Germanic,44,10.9826,30
D,275,9011200,entire,Latinate,45,14.1300,30
D,275,9011200,error,Latinate,34,16.5862,30
D,275,9011200,fast,Germanic,42,11.9219,30
D,275,9011200,final,Latinate,59,13.0073,30
D,275,9011200,find,Germanic,20,9.9901,30
D,275,9011200,first,Germanic,52,9.5665,30
D,275,9011200,fortunate,Latinate,54,17.5746,30
D,275,9011200,frequently,Latinate,63,18.3101,30
D,275,9011200,get,Germanic,1,5.8808,30
D,275,9011200,gigantic,Latinate,39,30.5232,30
D,275,9011200,give,Germanic,5,9.0017,30
D,275,9011200,hard,Germanic,43,11.0099,30
D,275,9011200,have,Germanic,23,5.6506,30
D,275,9011200,help,Germanic,8,9.2312,30
D,275,9011200,hide,Germanic,19,14.0620,30
D,275,9011200,home,Germanic,33,10.6876,30
D,275,9011200,however,Latinate,60,11.5092,30
D,275,9011200,huge,Germanic,38,14.1074,30
D,275,9011200,ill,Latinate,57,14.1547,30
D,275,9011200,illness,Latinate,35,15.3120,30
D,275,9011200,immense,Latinate,40,16.0339,30
D,275,9011200,infant,Latinate,31,21.0495,30
D,275,9011200,initial,Latinate,52,16.7678,30
D,275,9011200,inquire,Latinate,16,23.5067,30
D,275,9011200,keep,Germanic,28,9.5254,30
D,275,9011200,last,Germanic,59,10.8829,30
D,275,9011200,leave,Germanic,12,11.3310,30
D,275,9011200,let,Germanic,13,10.3223,30
D,275,9011200,lucky,Germanic,54,14.6979,30
D,275,9011200,maintain,Latinate,29,16.7935,30
D,275,9011200,many,Germanic,46,9.9060,30
D,275,9011200,massive,Latinate,41,17.3124,30
D,275,9011200,maybe,Germanic,62,12.2896,30
D,275,9011200,mend,Germanic,22,25.0481,30
D,275,9011200,mistake,Germanic,34,13.0008,30
D,275,9011200,more,Germanic,48,9.8914,30
D,275,9011200,multiple,Latinate,47,17.9193,30
D,275,9011200,need,Germanic,3,10.5718,30
D,275,9011200,next,Germanic,53,9.4746,30
D,275,9011200,now,Germanic,66,9.2395,30
D,275,9011200,numerous,Latinate,46,17.2634,30
D,275,9011200,observe,Latinate,26,25.7381,30
D,275,9011200,obtain,Latinate,2,14.3433,30
D,275,9011200,occasionally,Latinate,65,15.9362,30
D,275,9011200,odd,Germanic,55,14.5426,30
D,275,9011200,often,Germanic,63,11.3194,30
D,275,9011200,old,Germanic,49,8.2618,30
D,275,9011200,peculiar,Latinate,56,16.5979,30
D,275,9011200,perform,Latinate,30,14.6109,30
D,275,9011200,perhaps,Latinate,62,13.4696,30
D,275,9011200,permit,Latinate,13,18.1446,30
D,275,9011200,possess,Latinate,23,16.8634,30
D,275,9011200,previous,Latinate,50,14.1976,30
D,275,9011200,previously,Latinate,64,19.4073,30
D,275,9011200,prior,Latinate,51,16.5864,30
D,275,9011200,provide,Latinate,5,13.6627,30
D,275,9011200,purchase,Latinate,11,18.4295,30
D,275,9011200,rapid,Latinate,42,15.8530,30
D,275,9011200,receive,Latinate,6,12.9456,30
D,275,9011200,remain,Latinate,27,14.9819,30
D,275,9011200,remainder,Latinate,36,35.7541,30
D,275,9011200,repair,Latinate,22,18.4102,30
D,275,9011200,reply,Latinate,17,15.0797,30
D,275,9011200,request,Latinate,15,15.9937,30
D,275,9011200,require,Latinate,3,17.1953,30
D,275,9011200,residence,Latinate,33,16.8519,30
D,275,9011200,respond,Latinate,18,15.9885,30
D,275,9011200,rest,Germanic,36,8.1794,30
D,275,9011200,retain,Latinate,28,16.9875,30
D,275,9011200,safe,Germanic,58,12.7960,30
D,275,9011200,secure,Latinate,58,15.9049,30
D,275,9011200,see,Germanic,26,6.9591,30
D,275,9011200,select,Latinate,21,16.6321,30
D,275,9011200,shall,Latinate,67,9.2993,30
D,275,9011200,show,Germanic,10,11.1827,30
D,275,9011200,sick,Germanic,57,12.0210,30
D,275,9011200,sickness,Germanic,35,16.0897,30
D,275,9011200,so,Germanic,61,8.0512,30
D,275,9011200,sometimes,Germanic,65,12.0952,30
D,275,9011200,start,Germanic,25,10.3983,30
D,275,9011200,stay,Germanic,27,9.6342,30
D,275,9011200,strange,Latinate,55,13.7779,30
D,275,9011200,subsequent,Latinate,53,28.7140,30
D,275,9011200,sufficient,Latinate,44,18.1158,30
D,275,9011200,therefore,Latinate,61,13.2730,30
D,275,9011200,try,Germanic,7,9.5907,30
D,275,9011200,understand,Germanic,0,12.1710,30
D,275,9011200,want,Germanic,4,7.2338,30
D,275,9011200,whole,Germanic,45,8.7381,30
D,275,9011200,will,Germanic,67,8.6732,30
D,305,9994240,acquire,Latinate,1,28.6791,18
D,305,9994240,additional,Latinate,48,18.6466,30
D,305,9994240,allow,Latinate,14,13.4052,30
D,305,9994240,ancient,Latinate,49,14.7203,30
D,305,9994240,answer,Germanic,17,11.8233,30
D,305,9994240,ask,Germanic,15,9.7484,30
D,305,9994240,assist,Latinate,8,16.0711,30
D,305,9994240,assistance,Latinate,37,16.5893,30
D,305,9994240,attempt,Latinate,7,14.0789,30
D,305,9994240,baby,Germanic,31,10.4819,30
D,305,9994240,before,Germanic,64,9.2816,30
D,305,9994240,beverage,Latinate,32,42.0974,11
D,305,9994240,build,Germanic,9,11.5223,30
D,305,9994240,but,Germanic,60,5.9088,30
D,305,9994240,buy,Germanic,11,9.5215,30
D,305,9994240,choose,Germanic,21,14.2083,30
D,305,9994240,commence,Latinate,25,26.8489,14
D,305,9994240,comprehend,Latinate,0,38.4772,19
D,305,9994240,conceal,Latinate,19,22.7307,30
D,305,9994240,conclude,Latinate,24,29.1273,15
D,305,9994240,construct,Latinate,9,27.9918,18
D,305,9994240,currently,Latinate,66,15.3330,30
D,305,9994240,demonstrate,Latinate,10,23.8271,30
D,305,9994240,depart,Latinate,12,16.7022,30
D,305,9994240,desire,Latinate,4,14.1262,30
D,305,9994240,difficult,Latinate,43,14.2370,30
D,305,9994240,discover,Latinate,20,16.4371,30
D,305,9994240,do,Germanic,30,6.4303,30
D,305,9994240,drink,Germanic,32,13.5899,30
D,305,9994240,earlier,Germanic,50,15.4888,30
D,305,9994240,end,Germanic,24,8.9359,30
D,305,9994240,enormous,Latinate,38,14.5981,30
D,305,9994240,enough,Germanic,44,10.6096,30
D,305,9994240,entire,Latinate,45,14.2331,30
D,305,9994240,error,Latinate,34,16.1046,30
D,305,9994240,fast,Germanic,42,12.0125,30
D,305,9994240,final,Latinate,59,12.9588,30
D,305,9994240,find,Germanic,20,9.6828,30
D,305,9994240,first,Germanic,52,10.3817,30
D,305,9994240,fortunate,Latinate,54,16.9471,30
D,305,9994240,frequently,Latinate,63,17.7495,30
D,305,9994240,get,Germanic,1,6.1221,30
D,305,9994240,gigantic,Latinate,39,29.8622,30
D,305,9994240,give,Germanic,5,9.0932,30
D,305,9994240,hard,Germanic,43,11.0732,30
D,305,9994240,have,Germanic,23,6.1002,30
D,305,9994240,help,Germanic,8,8.7467,30
D,305,9994240,hide,Germanic,19,14.2314,30
D,305,9994240,home,Germanic,33,10.8695,30
D,305,9994240,however,Latinate,60,11.9060,30
D,305,9994240,huge,Germanic,38,13.6659,30
D,305,9994240,ill,Latinate,57,14.5488,30
D,305,9994240,illness,Latinate,35,15.2121,30
D,305,9994240,immense,Latinate,40,16.2983,30
D,305,9994240,infant,Latinate,31,22.6885,30
D,305,9994240,initial,Latinate,52,16.2283,30
D,305,9994240,inquire,Latinate,16,23.9448,30
D,305,9994240,keep,Germanic,28,10.4374,30
D,305,9994240,last,Germanic,59,10.6884,30
D,305,9994240,leave,Germanic,12,11.1477,30
D,305,9994240,let,Germanic,13,10.3117,30
D,305,9994240,lucky,Germanic,54,13.9479,30
D,305,9994240,maintain,Latinate,29,16.5903,30
D,305,9994240,many,Germanic,46,9.4382,30
D,305,9994240,massive,Latinate,41,16.6119,30
D,305,9994240,maybe,Germanic,62,12.7731,30
D,305,9994240,mend,Germanic,22,25.6155,30
D,305,9994240,mistake,Germanic,34,13.2841,30
D,305,9994240,more,Germanic,48,9.6938,30
D,305,9994240,multiple,Latinate,47,17.4758,30
D,305,9994240,need,Germanic,3,9.6060,30
D,305,9994240,next,Germanic,53,9.4285,30
D,305,9994240,now,Germanic,66,9.3373,30
D,305,9994240,numerous,Latinate,46,17.0814,30
D,305,9994240,observe,Latinate,26,27.3636,30
D,305,9994240,obtain,Latinate,2,14.6385,30
D,305,9994240,occasionally,Latinate,65,16.8095,30
D,305,9994240,odd,Germanic,55,14.4355,30
D,305,9994240,often,Germanic,63,11.9558,30
D,305,9994240,old,Germanic,49,8.1624,30
D,305,9994240,peculiar,Latinate,56,16.6274,30
D,305,9994240,perform,Latinate,30,15.3108,30
D,305,9994240,perhaps,Latinate,62,13.6902,30
D,305,9994240,permit,Latinate,13,18.1213,30
D,305,9994240,possess,Latinate,23,17.4275,30
D,305,9994240,previous,Latinate,50,15.0530,30
D,305,9994240,previously,Latinate,64,18.2228,30
D,305,9994240,prior,Latinate,51,15.7373,30
D,305,9994240,provide,Latinate,5,14.2667,30
D,305,9994240,purchase,Latinate,11,18.2458,30
D,305,9994240,rapid,Latinate,42,16.2727,30
D,305,9994240,receive,Latinate,6,14.4222,30
D,305,9994240,remain,Latinate,27,15.4037,30
D,305,9994240,remainder,Latinate,36,34.0851,30
D,305,9994240,repair,Latinate,22,16.4419,30
D,305,9994240,reply,Latinate,17,16.0281,30
D,305,9994240,request,Latinate,15,16.0938,30
D,305,9994240,require,Latinate,3,17.1879,30
D,305,9994240,residence,Latinate,33,15.3972,30
D,305,9994240,respond,Latinate,18,15.6276,30
D,305,9994240,rest,Germanic,36,8.4278,30
D,305,9994240,retain,Latinate,28,17.3652,30
D,305,9994240,safe,Germanic,58,13.2552,30
D,305,9994240,secure,Latinate,58,15.0036,30
D,305,9994240,see,Germanic,26,7.1970,30
D,305,9994240,select,Latinate,21,16.9003,30
D,305,9994240,shall,Latinate,67,9.2028,30
D,305,9994240,show,Germanic,10,10.8557,30
D,305,9994240,sick,Germanic,57,12.5271,30
D,305,9994240,sickness,Germanic,35,16.5255,30
D,305,9994240,so,Germanic,61,8.5319,30
D,305,9994240,sometimes,Germanic,65,11.5159,30
D,305,9994240,start,Germanic,25,10.9522,30
D,305,9994240,stay,Germanic,27,10.3672,30
D,305,9994240,strange,Latinate,55,13.8382,30
D,305,9994240,subsequent,Latinate,53,27.2329,30
D,305,9994240,sufficient,Latinate,44,17.8147,30
D,305,9994240,therefore,Latinate,61,13.7378,30
D,305,9994240,try,Germanic,7,9.8716,30
D,305,9994240,understand,Germanic,0,10.6590,30
D,305,9994240,want,Germanic,4,7.2140,30
D,305,9994240,whole,Germanic,45,8.9978,30
D,305,9994240,will,Germanic,67,9.2436,30
D,610,19988480,acquire,Latinate,1,26.5903,18
D,610,19988480,additional,Latinate,48,18.2630,30
D,610,19988480,allow,Latinate,14,12.3078,30
D,610,19988480,ancient,Latinate,49,14.5362,30
D,610,19988480,answer,Germanic,17,11.3271,30
D,610,19988480,ask,Germanic,15,8.8077,30
D,610,19988480,assist,Latinate,8,16.5324,30
D,610,19988480,assistance,Latinate,37,16.7306,30
D,610,19988480,attempt,Latinate,7,14.1346,30
D,610,19988480,baby,Germanic,31,9.4272,30
D,610,19988480,before,Germanic,64,9.7164,30
D,610,19988480,beverage,Latinate,32,40.3589,11
D,610,19988480,build,Germanic,9,11.1577,30
D,610,19988480,but,Germanic,60,5.7697,30
D,610,19988480,buy,Germanic,11,9.4550,30
D,610,19988480,choose,Germanic,21,14.4251,30
D,610,19988480,commence,Latinate,25,25.3265,14
D,610,19988480,comprehend,Latinate,0,35.7721,19
D,610,19988480,conceal,Latinate,19,21.5396,30
D,610,19988480,conclude,Latinate,24,26.8548,15
D,610,19988480,construct,Latinate,9,25.7547,18
D,610,19988480,currently,Latinate,66,15.9935,30
D,610,19988480,demonstrate,Latinate,10,22.4215,30
D,610,19988480,depart,Latinate,12,17.0319,30
D,610,19988480,desire,Latinate,4,14.2176,30
D,610,19988480,difficult,Latinate,43,11.4731,30
D,610,19988480,discover,Latinate,20,16.2591,30
D,610,19988480,do,Germanic,30,5.5864,30
D,610,19988480,drink,Germanic,32,12.4433,30
D,610,19988480,earlier,Germanic,50,15.2494,30
D,610,19988480,end,Germanic,24,7.9395,30
D,610,19988480,enormous,Latinate,38,14.1320,30
D,610,19988480,enough,Germanic,44,9.1537,30
D,610,19988480,entire,Latinate,45,15.4049,30
D,610,19988480,error,Latinate,34,13.8387,30
D,610,19988480,fast,Germanic,42,11.0920,30
D,610,19988480,final,Latinate,59,12.5148,30
D,610,19988480,find,Germanic,20,9.7456,30
D,610,19988480,first,Germanic,52,10.4920,30
D,610,19988480,fortunate,Latinate,54,15.8177,30
D,610,19988480,frequently,Latinate,63,16.8442,30
D,610,19988480,get,Germanic,1,5.4617,30
D,610,19988480,gigantic,Latinate,39,31.2113,30
D,610,19988480,give,Germanic,5,8.0933,30
D,610,19988480,hard,Germanic,43,9.8006,30
D,610,19988480,have,Germanic,23,5.5262,30
D,610,19988480,help,Germanic,8,8.3170,30
D,610,19988480,hide,Germanic,19,12.4399,30
D,610,19988480,home,Germanic,33,10.4142,30
D,610,19988480,however,Latinate,60,11.9253,30
D,610,19988480,huge,Germanic,38,13.3886,30
D,610,19988480,ill,Latinate,57,13.7533,30
D,610,19988480,illness,Latinate,35,15.1089,30
D,610,19988480,immense,Latinate,40,14.6431,30
D,610,19988480,infant,Latinate,31,21.5960,30
D,610,19988480,initial,Latinate,52,16.0916,30
D,610,19988480,inquire,Latinate,16,24.6735,30
D,610,19988480,keep,Germanic,28,8.7442,30
D,610,19988480,last,Germanic,59,10.0190,30
D,610,19988480,leave,Germanic,12,10.8331,30
D,610,19988480,let,Germanic,13,10.5717,30
D,610,19988480,lucky,Germanic,54,12.7794,30
D,610,19988480,maintain,Latinate,29,17.6206,30
D,610,19988480,many,Germanic,46,9.0745,30
D,610,19988480,massive,Latinate,41,17.3816,30
D,610,19988480,maybe,Germanic,62,12.4806,30
D,610,19988480,mend,Germanic,22,25.5708,30
D,610,19988480,mistake,Germanic,34,11.4044,30
D,610,19988480,more,Germanic,48,9.3087,30
D,610,19988480,multiple,Latinate,47,17.6733,30
D,610,19988480,need,Germanic,3,9.1707,30
D,610,19988480,next,Germanic,53,9.5745,30
D,610,19988480,now,Germanic,66,9.4170,30
D,610,19988480,numerous,Latinate,46,17.2730,30
D,610,19988480,observe,Latinate,26,25.5956,30
D,610,19988480,obtain,Latinate,2,14.8565,30
D,610,19988480,occasionally,Latinate,65,15.9986,30
D,610,19988480,odd,Germanic,55,13.9042,30
D,610,19988480,often,Germanic,63,11.0516,30
D,610,19988480,old,Germanic,49,8.3982,30
D,610,19988480,peculiar,Latinate,56,16.8612,30
D,610,19988480,perform,Latinate,30,13.2873,30
D,610,19988480,perhaps,Latinate,62,13.2085,30
D,610,19988480,permit,Latinate,13,16.7894,30
D,610,19988480,possess,Latinate,23,14.7759,30
D,610,19988480,previous,Latinate,50,14.2997,30
D,610,19988480,previously,Latinate,64,17.7943,30
D,610,19988480,prior,Latinate,51,17.2862,30
D,610,19988480,provide,Latinate,5,12.9844,30
D,610,19988480,purchase,Latinate,11,18.6195,30
D,610,19988480,rapid,Latinate,42,14.6761,30
D,610,19988480,receive,Latinate,6,13.8570,30
D,610,19988480,remain,Latinate,27,14.7692,30
D,610,19988480,remainder,Latinate,36,31.8536,30
D,610,19988480,repair,Latinate,22,17.9984,30
D,610,19988480,reply,Latinate,17,15.1088,30
D,610,19988480,request,Latinate,15,14.2062,30
D,610,19988480,require,Latinate,3,16.0299,30
D,610,19988480,residence,Latinate,33,17.6521,30
D,610,19988480,respond,Latinate,18,15.2981,30
D,610,19988480,rest,Germanic,36,8.3745,30
D,610,19988480,retain,Latinate,28,16.0225,30
D,610,19988480,safe,Germanic,58,11.8802,30
D,610,19988480,secure,Latinate,58,15.0811,30
D,610,19988480,see,Germanic,26,6.5887,30
D,610,19988480,select,Latinate,21,17.6975,30
D,610,19988480,shall,Latinate,67,9.1734,30
D,610,19988480,show,Germanic,10,10.9492,30
D,610,19988480,sick,Germanic,57,10.8163,30
D,610,19988480,sickness,Germanic,35,15.3059,30
D,610,19988480,so,Germanic,61,7.6087,30
D,610,19988480,sometimes,Germanic,65,12.4026,30
D,610,19988480,start,Germanic,25,10.3256,30
D,610,19988480,stay,Germanic,27,9.4369,30
D,610,19988480,strange,Latinate,55,12.3018,30
D,610,19988480,subsequent,Latinate,53,26.0621,30
D,610,19988480,sufficient,Latinate,44,17.4045,30
D,610,19988480,therefore,Latinate,61,13.6909,30
D,610,19988480,try,Germanic,7,9.2510,30
D,610,19988480,understand,Germanic,0,10.5268,30
D,610,19988480,want,Germanic,4,6.9612,30
D,610,19988480,whole,Germanic,45,8.7590,30
D,610,19988480,will,Germanic,67,8.2514,30
D,916,30015488,acquire,Latinate,1,25.7140,18
D,916,30015488,additional,Latinate,48,16.5746,30
D,916,30015488,allow,Latinate,14,12.6538,30
D,916,30015488,ancient,Latinate,49,14.0966,30
D,916,30015488,answer,Germanic,17,11.2103,30
D,916,30015488,ask,Germanic,15,9.2795,30
D,916,30015488,assist,Latinate,8,15.4069,30
D,916,30015488,assistance,Latinate,37,16.6343,30
D,916,30015488,attempt,Latinate,7,14.0298,30
D,916,30015488,baby,Germanic,31,10.8405,30
D,916,30015488,before,Germanic,64,10.2764,30
D,916,30015488,beverage,Latinate,32,40.2285,11
D,916,30015488,build,Germanic,9,11.8051,30
D,916,30015488,but,Germanic,60,5.4299,30
D,916,30015488,buy,Germanic,11,10.4286,30
D,916,30015488,choose,Germanic,21,14.4827,30
D,916,30015488,commence,Latinate,25,23.4473,14
D,916,30015488,comprehend,Latinate,0,34.5748,19
D,916,30015488,conceal,Latinate,19,22.3436,30
D,916,30015488,conclude,Latinate,24,25.2440,15
D,916,30015488,construct,Latinate,9,28.4891,18
D,916,30015488,currently,Latinate,66,13.4528,30
D,916,30015488,demonstrate,Latinate,10,17.6324,30
D,916,30015488,depart,Latinate,12,15.5731,30
D,916,30015488,desire,Latinate,4,13.3766,30
D,916,30015488,difficult,Latinate,43,10.4853,30
D,916,30015488,discover,Latinate,20,15.5345,30
D,916,30015488,do,Germanic,30,6.3537,30
D,916,30015488,drink,Germanic,32,13.5280,30
D,916,30015488,earlier,Germanic,50,13.6350,30
D,916,30015488,end,Germanic,24,7.9983,30
D,916,30015488,enormous,Latinate,38,12.0759,30
D,916,30015488,enough,Germanic,44,8.8849,30
D,916,30015488,entire,Latinate,45,14.2344,30
D,916,30015488,error,Latinate,34,14.4453,30
D,916,30015488,fast,Germanic,42,11.1514,30
D,916,30015488,final,Latinate,59,11.4779,30
D,916,30015488,find,Germanic,20,10.1957,30
D,916,30015488,first,Germanic,52,9.8341,30
D,916,30015488,fortunate,Latinate,54,15.3434,30
D,916,30015488,frequently,Latinate,63,17.6188,30
D,916,30015488,get,Germanic,1,5.4551,30
D,916,30015488,gigantic,Latinate,39,27.3783,30
D,916,30015488,give,Germanic,5,8.4768,30
D,916,30015488,hard,Germanic,43,9.1130,30
D,916,30015488,have,Germanic,23,5.6155,30
D,916,30015488,help,Germanic,8,8.4946,30
D,916,30015488,hide,Germanic,19,13.2480,30
D,916,30015488,home,Germanic,33,10.1980,30
D,916,30015488,however,Latinate,60,12.5201,30
D,916,30015488,huge,Germanic,38,12.5947,30
D,916,30015488,ill,Latinate,57,12.6442,30
D,916,30015488,illness,Latinate,35,14.9425,30
D,916,30015488,immense,Latinate,40,15.5341,30
D,916,30015488,infant,Latinate,31,19.0807,30
D,916,30015488,initial,Latinate,52,14.7645,30
D,916,30015488,inquire,Latinate,16,21.2070,30
D,916,30015488,keep,Germanic,28,8.8929,30
D,916,30015488,last,Germanic,59,9.7028,30
D,916,30015488,leave,Germanic,12,10.9537,30
D,916,30015488,let,Germanic,13,10.7217,30
D,916,30015488,lucky,Germanic,54,11.6238,30
D,916,30015488,maintain,Latinate,29,16.1738,30
D,916,30015488,many,Germanic,46,8.3809,30
D,916,30015488,massive,Latinate,41,15.3952,30
D,916,30015488,maybe,Germanic,62,12.1999,30
D,916,30015488,mend,Germanic,22,24.3216,30
D,916,30015488,mistake,Germanic,34,11.4013,30
D,916,30015488,more,Germanic,48,9.5374,30
D,916,30015488,multiple,Latinate,47,15.7407,30
D,916,30015488,need,Germanic,3,9.1065,30
D,916,30015488,next,Germanic,53,9.7718,30
D,916,30015488,now,Germanic,66,9.7061,30
D,916,30015488,numerous,Latinate,46,16.5039,30
D,916,30015488,observe,Latinate,26,22.6786,30
D,916,30015488,obtain,Latinate,2,14.7090,30
D,916,30015488,occasionally,Latinate,65,16.0904,30
D,916,30015488,odd,Germanic,55,13.2643,30
D,916,30015488,often,Germanic,63,10.4042,30
D,916,30015488,old,Germanic,49,8.0548,30
D,916,30015488,peculiar,Latinate,56,15.4967,30
D,916,30015488,perform,Latinate,30,15.0163,30
D,916,30015488,perhaps,Latinate,62,13.6404,30
D,916,30015488,permit,Latinate,13,15.7712,30
D,916,30015488,possess,Latinate,23,16.6937,30
D,916,30015488,previous,Latinate,50,14.0464,30
D,916,30015488,previously,Latinate,64,16.9604,30
D,916,30015488,prior,Latinate,51,15.9539,30
D,916,30015488,provide,Latinate,5,13.1242,30
D,916,30015488,purchase,Latinate,11,16.3387,30
D,916,30015488,rapid,Latinate,42,12.5765,30
D,916,30015488,receive,Latinate,6,12.9052,30
D,916,30015488,remain,Latinate,27,14.6819,30
D,916,30015488,remainder,Latinate,36,31.7197,30
D,916,30015488,repair,Latinate,22,16.7777,30
D,916,30015488,reply,Latinate,17,15.4828,30
D,916,30015488,request,Latinate,15,14.1235,30
D,916,30015488,require,Latinate,3,13.8037,30
D,916,30015488,residence,Latinate,33,16.4431,30
D,916,30015488,respond,Latinate,18,15.6750,30
D,916,30015488,rest,Germanic,36,8.1984,30
D,916,30015488,retain,Latinate,28,15.7571,30
D,916,30015488,safe,Germanic,58,11.6288,30
D,916,30015488,secure,Latinate,58,14.0078,30
D,916,30015488,see,Germanic,26,7.0167,30
D,916,30015488,select,Latinate,21,16.7978,30
D,916,30015488,shall,Latinate,67,9.6948,30
D,916,30015488,show,Germanic,10,10.5390,30
D,916,30015488,sick,Germanic,57,11.6845,30
D,916,30015488,sickness,Germanic,35,15.0639,30
D,916,30015488,so,Germanic,61,7.1365,30
D,916,30015488,sometimes,Germanic,65,12.2622,30
D,916,30015488,start,Germanic,25,10.6674,30
D,916,30015488,stay,Germanic,27,10.2848,30
D,916,30015488,strange,Latinate,55,12.6607,30
D,916,30015488,subsequent,Latinate,53,22.9968,30
D,916,30015488,sufficient,Latinate,44,16.1298,30
D,916,30015488,therefore,Latinate,61,12.3050,30
D,916,30015488,try,Germanic,7,9.0538,30
D,916,30015488,understand,Germanic,0,10.1222,30
D,916,30015488,want,Germanic,4,7.6583,30
D,916,30015488,whole,Germanic,45,8.7686,30
D,916,30015488,will,Germanic,67,8.7523,30
D,1221,40009728,acquire,Latinate,1,24.4821,18
D,1221,40009728,additional,Latinate,48,16.6545,30
D,1221,40009728,allow,Latinate,14,12.4290,30
D,1221,40009728,ancient,Latinate,49,13.7746,30
D,1221,40009728,answer,Germanic,17,11.2961,30
D,1221,40009728,ask,Germanic,15,7.9601,30
D,1221,40009728,assist,Latinate,8,14.9588,30
D,1221,40009728,assistance,Latinate,37,14.9542,30
D,1221,40009728,attempt,Latinate,7,13.3858,30
D,1221,40009728,baby,Germanic,31,11.0443,30
D,1221,40009728,before,Germanic,64,8.5501,30
D,1221,40009728,beverage,Latinate,32,39.8093,11
D,1221,40009728,build,Germanic,9,11.6988,30
D,1221,40009728,but,Germanic,60,5.1261,30
D,1221,40009728,buy,Germanic,11,9.1877,30
D,1221,40009728,choose,Germanic,21,13.4179,30
D,1221,40009728,commence,Latinate,25,22.4687,14
D,1221,40009728,comprehend,Latinate,0,28.5947,19
D,1221,40009728,conceal,Latinate,19,21.7767,30
D,1221,40009728,conclude,Latinate,24,22.9872,15
D,1221,40009728,construct,Latinate,9,23.8501,18
D,1221,40009728,currently,Latinate,66,13.8493,30
D,1221,40009728,demonstrate,Latinate,10,16.7200,30
D,1221,40009728,depart,Latinate,12,14.9128,30
D,1221,40009728,desire,Latinate,4,13.3641,30
D,1221,40009728,difficult,Latinate,43,10.6019,30
D,1221,40009728,discover,Latinate,20,13.9683,30
D,1221,40009728,do,Germanic,30,6.1126,30
D,1221,40009728,drink,Germanic,32,13.3212,30
D,1221,40009728,earlier,Germanic,50,13.2772,30
D,1221,40009728,end,Germanic,24,8.0512,30
D,1221,40009728,enormous,Latinate,38,12.7117,30
D,1221,40009728,enough,Germanic,44,8.7923,30
D,1221,40009728,entire,Latinate,45,14.1002,30
D,1221,40009728,error,Latinate,34,13.1029,30
D,1221,40009728,fast,Germanic,42,10.6063,30
D,1221,40009728,final,Latinate,59,10.9642,30
D,1221,40009728,find,Germanic,20,8.2897,30
D,1221,40009728,first,Germanic,52,9.9216,30
D,1221,40009728,fortunate,Latinate,54,15.5839,30
D,1221,40009728,frequently,Latinate,63,15.9798,30
D,1221,40009728,get,Germanic,1,4.9448,30
D,1221,40009728,gigantic,Latinate,39,26.4079,30
D,1221,40009728,give,Germanic,5,7.7638,30
D,1221,40009728,hard,Germanic,43,9.9584,30
D,1221,40009728,have,Germanic,23,5.1350,30
D,1221,40009728,help,Germanic,8,7.9933,30
D,1221,40009728,hide,Germanic,19,12.2281,30
D,1221,40009728,home,Germanic,33,8.8192,30
D,1221,40009728,however,Latinate,60,12.7826,30
D,1221,40009728,huge,Germanic,38,12.7819,30
D,1221,40009728,ill,Latinate,57,11.8933,30
D,1221,40009728,illness,Latinate,35,13.7279,30
D,1221,40009728,immense,Latinate,40,14.7925,30
D,1221,40009728,infant,Latinate,31,20.1779,30
D,1221,40009728,initial,Latinate,52,14.8079,30
D,1221,40009728,inquire,Latinate,16,19.8307,30
D,1221,40009728,keep,Germanic,28,8.8276,30
D,1221,40009728,last,Germanic,59,9.9545,30
D,1221,40009728,leave,Germanic,12,10.6983,30
D,1221,40009728,let,Germanic,13,9.9263,30
D,1221,40009728,lucky,Germanic,54,12.7639,30
D,1221,40009728,maintain,Latinate,29,17.0131,30
D,1221,40009728,many,Germanic,46,8.6181,30
D,1221,40009728,massive,Latinate,41,15.9638,30
D,1221,40009728,maybe,Germanic,62,12.4915,30
D,1221,40009728,mend,Germanic,22,23.5128,30
D,1221,40009728,mistake,Germanic,34,10.7832,30
D,1221,40009728,more,Germanic,48,8.2450,30
D,1221,40009728,multiple,Latinate,47,15.6456,30
D,1221,40009728,need,Germanic,3,9.0092,30
D,1221,40009728,next,Germanic,53,9.9448,30
D,1221,40009728,now,Germanic,66,9.3878,30
D,1221,40009728,numerous,Latinate,46,16.7544,30
D,1221,40009728,observe,Latinate,26,20.4573,30
D,1221,40009728,obtain,Latinate,2,12.2484,30
D,1221,40009728,occasionally,Latinate,65,16.8088,30
D,1221,40009728,odd,Germanic,55,13.4861,30
D,1221,40009728,often,Germanic,63,11.1951,30
D,1221,40009728,old,Germanic,49,8.7141,30
D,1221,40009728,peculiar,Latinate,56,16.6305,30
D,1221,40009728,perform,Latinate,30,13.7997,30
D,1221,40009728,perhaps,Latinate,62,13.0966,30
D,1221,40009728,permit,Latinate,13,16.0228,30
D,1221,40009728,possess,Latinate,23,16.5150,30
D,1221,40009728,previous,Latinate,50,13.6005,30
D,1221,40009728,previously,Latinate,64,17.6818,30
D,1221,40009728,prior,Latinate,51,14.6157,30
D,1221,40009728,provide,Latinate,5,12.5885,30
D,1221,40009728,purchase,Latinate,11,16.3091,30
D,1221,40009728,rapid,Latinate,42,13.6247,30
D,1221,40009728,receive,Latinate,6,13.2247,30
D,1221,40009728,remain,Latinate,27,14.0975,30
D,1221,40009728,remainder,Latinate,36,28.3595,30
D,1221,40009728,repair,Latinate,22,15.2147,30
D,1221,40009728,reply,Latinate,17,15.3868,30
D,1221,40009728,request,Latinate,15,13.9613,30
D,1221,40009728,require,Latinate,3,14.3655,30
D,1221,40009728,residence,Latinate,33,16.3070,30
D,1221,40009728,respond,Latinate,18,15.7078,30
D,1221,40009728,rest,Germanic,36,7.4522,30
D,1221,40009728,retain,Latinate,28,16.4252,30
D,1221,40009728,safe,Germanic,58,10.9112,30
D,1221,40009728,secure,Latinate,58,13.5725,30
D,1221,40009728,see,Germanic,26,6.6852,30
D,1221,40009728,select,Latinate,21,15.7747,30
D,1221,40009728,shall,Latinate,67,9.0028,30
D,1221,40009728,show,Germanic,10,10.6072,30
D,1221,40009728,sick,Germanic,57,12.5150,30
D,1221,40009728,sickness,Germanic,35,15.1135,30
D,1221,40009728,so,Germanic,61,6.8942,30
D,1221,40009728,sometimes,Germanic,65,12.0113,30
D,1221,40009728,start,Germanic,25,10.1108,30
D,1221,40009728,stay,Germanic,27,8.9388,30
D,1221,40009728,strange,Latinate,55,12.7708,30
D,1221,40009728,subsequent,Latinate,53,22.1211,30
D,1221,40009728,sufficient,Latinate,44,17.0116,30
D,1221,40009728,therefore,Latinate,61,13.0042,30
D,1221,40009728,try,Germanic,7,8.6821,30
D,1221,40009728,understand,Germanic,0,10.1383,30
D,1221,40009728,want,Germanic,4,7.2036,30
D,1221,40009728,whole,Germanic,45,9.0313,30
D,1221,40009728,will,Germanic,67,8.3684,30
D,1526,50003968,acquire,Latinate,1,22.7087,18
D,1526,50003968,additional,Latinate,48,15.1252,30
D,1526,50003968,allow,Latinate,14,12.3615,30
D,1526,50003968,ancient,Latinate,49,12.6771,30
D,1526,50003968,answer,Germanic,17,10.2892,30
D,1526,50003968,ask,Germanic,15,8.0372,30
D,1526,50003968,assist,Latinate,8,14.8920,30
D,1526,50003968,assistance,Latinate,37,14.6101,30
D,1526,50003968,attempt,Latinate,7,12.5112,30
D,1526,50003968,baby,Germanic,31,10.9296,30
D,1526,50003968,before,Germanic,64,9.7160,30
D,1526,50003968,beverage,Latinate,32,32.6783,11
D,1526,50003968,build,Germanic,9,10.7298,30
D,1526,50003968,but,Germanic,60,5.4060,30
D,1526,50003968,buy,Germanic,11,8.4458,30
D,1526,50003968,choose,Germanic,21,13.0230,30
D,1526,50003968,commence,Latinate,25,22.1622,14
D,1526,50003968,comprehend,Latinate,0,26.2513,19
D,1526,50003968,conceal,Latinate,19,20.3913,30
D,1526,50003968,conclude,Latinate,24,20.0649,15
D,1526,50003968,construct,Latinate,9,20.5047,18
D,1526,50003968,currently,Latinate,66,11.3532,30
D,1526,50003968,demonstrate,Latinate,10,16.1713,30
D,1526,50003968,depart,Latinate,12,14.1254,30
D,1526,50003968,desire,Latinate,4,11.9261,30
D,1526,50003968,difficult,Latinate,43,9.7884,30
D,1526,50003968,discover,Latinate,20,12.6557,30
D,1526,50003968,do,Germanic,30,7.0202,30
D,1526,50003968,drink,Germanic,32,12.5352,30
D,1526,50003968,earlier,Germanic,50,13.5223,30
D,1526,50003968,end,Germanic,24,7.6465,30
D,1526,50003968,enormous,Latinate,38,13.3916,30
D,1526,50003968,enough,Germanic,44,7.1366,30
D,1526,50003968,entire,Latinate,45,13.1547,30
D,1526,50003968,error,Latinate,34,12.6237,30
D,1526,50003968,fast,Germanic,42,9.9287,30
D,1526,50003968,final,Latinate,59,10.6436,30
D,1526,50003968,find,Germanic,20,7.9225,30
D,1526,50003968,first,Germanic,52,9.5936,30
D,1526,50003968,fortunate,Latinate,54,13.9709,30
D,1526,50003968,frequently,Latinate,63,15.8796,30
D,1526,50003968,get,Germanic,1,5.3026,30
D,1526,50003968,gigantic,Latinate,39,22.5504,30
D,1526,50003968,give,Germanic,5,7.6198,30
D,1526,50003968,hard,Germanic,43,9.3645,30
D,1526,50003968,have,Germanic,23,5.3775,30
D,1526,50003968,help,Germanic,8,7.8318,30
D,1526,50003968,hide,Germanic,19,11.7932,30
D,1526,50003968,home,Germanic,33,8.8279,30
D,1526,50003968,however,Latinate,60,12.0023,30
D,1526,50003968,huge,Germanic,38,13.3510,30
D,1526,50003968,ill,Latinate,57,12.3489,30
D,1526,50003968,illness,Latinate,35,13.6287,30
D,1526,50003968,immense,Latinate,40,14.0451,30
D,1526,50003968,infant,Latinate,31,18.9852,30
D,1526,50003968,initial,Latinate,52,14.4760,30
D,1526,50003968,inquire,Latinate,16,20.7970,30
D,1526,50003968,keep,Germanic,28,8.4550,30
D,1526,50003968,last,Germanic,59,10.2847,30
D,1526,50003968,leave,Germanic,12,10.9899,30
D,1526,50003968,let,Germanic,13,9.8749,30
D,1526,50003968,lucky,Germanic,54,12.1447,30
D,1526,50003968,maintain,Latinate,29,15.4877,30
D,1526,50003968,many,Germanic,46,8.1215,30
D,1526,50003968,massive,Latinate,41,14.7027,30
D,1526,50003968,maybe,Germanic,62,12.4398,30
D,1526,50003968,mend,Germanic,22,20.8510,30
D,1526,50003968,mistake,Germanic,34,10.7464,30
D,1526,50003968,more,Germanic,48,8.7521,30
D,1526,50003968,multiple,Latinate,47,14.7393,30
D,1526,50003968,need,Germanic,3,8.2240,30
D,1526,50003968,next,Germanic,53,9.1419,30
D,1526,50003968,now,Germanic,66,9.2949,30
D,1526,50003968,numerous,Latinate,46,16.9138,30
D,1526,50003968,observe,Latinate,26,21.2361,30
D,1526,50003968,obtain,Latinate,2,13.0953,30
D,1526,50003968,occasionally,Latinate,65,15.9549,30
D,1526,50003968,odd,Germanic,55,13.8988,30
D,1526,50003968,often,Germanic,63,10.7948,30
D,1526,50003968,old,Germanic,49,8.7731,30
D,1526,50003968,peculiar,Latinate,56,16.4896,30
D,1526,50003968,perform,Latinate,30,13.2433,30
D,1526,50003968,perhaps,Latinate,62,14.1109,30
D,1526,50003968,permit,Latinate,13,14.2358,30
D,1526,50003968,possess,Latinate,23,14.7643,30
D,1526,50003968,previous,Latinate,50,12.2362,30
D,1526,50003968,previously,Latinate,64,15.1008,30
D,1526,50003968,prior,Latinate,51,14.1449,30
D,1526,50003968,provide,Latinate,5,12.7516,30
D,1526,50003968,purchase,Latinate,11,15.6348,30
D,1526,50003968,rapid,Latinate,42,13.0454,30
D,1526,50003968,receive,Latinate,6,13.6777,30
D,1526,50003968,remain,Latinate,27,14.0724,30
D,1526,50003968,remainder,Latinate,36,22.7489,30
D,1526,50003968,repair,Latinate,22,14.4355,30
D,1526,50003968,reply,Latinate,17,13.9629,30
D,1526,50003968,request,Latinate,15,13.2748,30
D,1526,50003968,require,Latinate,3,13.2693,30
D,1526,50003968,residence,Latinate,33,16.4028,30
D,1526,50003968,respond,Latinate,18,14.6586,30
D,1526,50003968,rest,Germanic,36,7.2641,30
D,1526,50003968,retain,Latinate,28,14.2059,30
D,1526,50003968,safe,Germanic,58,11.2345,30
D,1526,50003968,secure,Latinate,58,12.9648,30
D,1526,50003968,see,Germanic,26,6.2003,30
D,1526,50003968,select,Latinate,21,17.5251,30
D,1526,50003968,shall,Latinate,67,8.0011,30
D,1526,50003968,show,Germanic,10,9.3390,30
D,1526,50003968,sick,Germanic,57,12.0251,30
D,1526,50003968,sickness,Germanic,35,14.9329,30
D,1526,50003968,so,Germanic,61,7.0120,30
D,1526,50003968,sometimes,Germanic,65,12.2182,30
D,1526,50003968,start,Germanic,25,9.4761,30
D,1526,50003968,stay,Germanic,27,8.8631,30
D,1526,50003968,strange,Latinate,55,13.4839,30
D,1526,50003968,subsequent,Latinate,53,20.6353,30
D,1526,50003968,sufficient,Latinate,44,16.5284,30
D,1526,50003968,therefore,Latinate,61,12.4368,30
D,1526,50003968,try,Germanic,7,7.0858,30
D,1526,50003968,understand,Germanic,0,9.7227,30
D,1526,50003968,want,Germanic,4,6.9808,30
D,1526,50003968,whole,Germanic,45,8.6781,30
D,1526,50003968,will,Germanic,67,8.7623,30
D,1831,59998208,acquire,Latinate,1,21.7649,18
D,1831,59998208,additional,Latinate,48,15.5511,30
D,1831,59998208,allow,Latinate,14,11.1991,30
D,1831,59998208,ancient,Latinate,49,13.2962,30
D,1831,59998208,answer,Germanic,17,10.5803,30
D,1831,59998208,ask,Germanic,15,7.9306,30
D,1831,59998208,assist,Latinate,8,15.5846,30
D,1831,59998208,assistance,Latinate,37,13.8196,30
D,1831,59998208,attempt,Latinate,7,14.0892,30
D,1831,59998208,baby,Germanic,31,10.3895,30
D,1831,59998208,before,Germanic,64,9.1708,30
D,1831,59998208,beverage,Latinate,32,33.1734,11
D,1831,59998208,build,Germanic,9,10.4085,30
D,1831,59998208,but,Germanic,60,5.2896,30
D,1831,59998208,buy,Germanic,11,9.0625,30
D,1831,59998208,choose,Germanic,21,14.3045,30
D,1831,59998208,commence,Latinate,25,21.3259,14
D,1831,59998208,comprehend,Latinate,0,24.8097,19
D,1831,59998208,conceal,Latinate,19,17.3169,30
D,1831,59998208,conclude,Latinate,24,20.8737,15
D,1831,59998208,construct,Latinate,9,17.7832,18
D,1831,59998208,currently,Latinate,66,13.5017,30
D,1831,59998208,demonstrate,Latinate,10,14.7454,30
D,1831,59998208,depart,Latinate,12,12.7763,30
D,1831,59998208,desire,Latinate,4,11.7148,30
D,1831,59998208,difficult,Latinate,43,9.2653,30
D,1831,59998208,discover,Latinate,20,12.7030,30
D,1831,59998208,do,Germanic,30,6.4536,30
D,1831,59998208,drink,Germanic,32,11.7173,30
D,1831,59998208,earlier,Germanic,50,12.9750,30
D,1831,59998208,end,Germanic,24,6.1284,30
D,1831,59998208,enormous,Latinate,38,12.5267,30
D,1831,59998208,enough,Germanic,44,7.5426,30
D,1831,59998208,entire,Latinate,45,13.4874,30
D,1831,59998208,error,Latinate,34,10.8942,30
D,1831,59998208,fast,Germanic,42,9.4412,30
D,1831,59998208,final,Latinate,59,10.7388,30
D,1831,59998208,find,Germanic,20,7.8190,30
D,1831,59998208,first,Germanic,52,9.5602,30
D,1831,59998208,fortunate,Latinate,54,14.4586,30
D,1831,59998208,frequently,Latinate,63,15.1100,30
D,1831,59998208,get,Germanic,1,4.6473,30
D,1831,59998208,gigantic,Latinate,39,21.2750,30
D,1831,59998208,give,Germanic,5,8.0572,30
D,1831,59998208,hard,Germanic,43,9.3418,30
D,1831,59998208,have,Germanic,23,5.0003,30
D,1831,59998208,help,Germanic,8,7.8493,30
D,1831,59998208,hide,Germanic,19,11.5513,30
D,1831,59998208,home,Germanic,33,8.8579,30
D,1831,59998208,however,Latinate,60,12.3675,30
D,1831,59998208,huge,Germanic,38,12.5887,30
D,1831,59998208,ill,Latinate,57,11.9082,30
D,1831,59998208,illness,Latinate,35,12.5435,30
D,1831,59998208,immense,Latinate,40,14.5151,30
D,1831,59998208,infant,Latinate,31,20.2307,30
D,1831,59998208,initial,Latinate,52,14.4315,30
D,1831,59998208,inquire,Latinate,16,14.5573,30
D,1831,59998208,keep,Germanic,28,8.2828,30
D,1831,59998208,last,Germanic,59,9.0724,30
D,1831,59998208,leave,Germanic,12,10.5346,30
D,1831,59998208,let,Germanic,13,9.4024,30
D,1831,59998208,lucky,Germanic,54,11.9232,30
D,1831,59998208,maintain,Latinate,29,13.6193,30
D,1831,59998208,many,Germanic,46,8.0399,30
D,1831,59998208,massive,Latinate,41,16.0912,30
D,1831,59998208,maybe,Germanic,62,11.4244,30
D,1831,59998208,mend,Germanic,22,22.7779,30
D,1831,59998208,mistake,Germanic,34,8.3506,30
D,1831,59998208,more,Germanic,48,8.6938,30
D,1831,59998208,multiple,Latinate,47,15.4150,30
D,1831,59998208,need,Germanic,3,7.8122,30
D,1831,59998208,next,Germanic,53,9.2031,30
D,1831,59998208,now,Germanic,66,9.4860,30
D,1831,59998208,numerous,Latinate,46,16.9021,30
D,1831,59998208,observe,Latinate,26,18.9742,30
D,1831,59998208,obtain,Latinate,2,13.5759,30
D,1831,59998208,occasionally,Latinate,65,15.8051,30
D,1831,59998208,odd,Germanic,55,12.7914,30
D,1831,59998208,often,Germanic,63,10.9619,30
D,1831,59998208,old,Germanic,49,8.7714,30
D,1831,59998208,peculiar,Latinate,56,16.5929,30
D,1831,59998208,perform,Latinate,30,13.5187,30
D,1831,59998208,perhaps,Latinate,62,12.7201,30
D,1831,59998208,permit,Latinate,13,13.5211,30
D,1831,59998208,possess,Latinate,23,13.3420,30
D,1831,59998208,previous,Latinate,50,13.2725,30
D,1831,59998208,previously,Latinate,64,14.5272,30
D,1831,59998208,prior,Latinate,51,14.4532,30
D,1831,59998208,provide,Latinate,5,11.4227,30
D,1831,59998208,purchase,Latinate,11,16.2746,30
D,1831,59998208,rapid,Latinate,42,12.6909,30
D,1831,59998208,receive,Latinate,6,11.5241,30
D,1831,59998208,remain,Latinate,27,13.6463,30
D,1831,59998208,remainder,Latinate,36,24.1688,30
D,1831,59998208,repair,Latinate,22,15.9231,30
D,1831,59998208,reply,Latinate,17,14.3786,30
D,1831,59998208,request,Latinate,15,13.1251,30
D,1831,59998208,require,Latinate,3,13.9719,30
D,1831,59998208,residence,Latinate,33,15.2249,30
D,1831,59998208,respond,Latinate,18,15.6128,30
D,1831,59998208,rest,Germanic,36,6.7202,30
D,1831,59998208,retain,Latinate,28,15.0617,30
D,1831,59998208,safe,Germanic,58,11.0830,30
D,1831,59998208,secure,Latinate,58,12.1279,30
D,1831,59998208,see,Germanic,26,6.3265,30
D,1831,59998208,select,Latinate,21,16.6346,30
D,1831,59998208,shall,Latinate,67,8.4426,30
D,1831,59998208,show,Germanic,10,9.4155,30
D,1831,59998208,sick,Germanic,57,12.3669,30
D,1831,59998208,sickness,Germanic,35,16.0917,30
D,1831,59998208,so,Germanic,61,6.8199,30
D,1831,59998208,sometimes,Germanic,65,12.5903,30
D,1831,59998208,start,Germanic,25,9.4591,30
D,1831,59998208,stay,Germanic,27,8.9551,30
D,1831,59998208,strange,Latinate,55,12.3859,30
D,1831,59998208,subsequent,Latinate,53,18.5080,30
D,1831,59998208,sufficient,Latinate,44,16.2053,30
D,1831,59998208,therefore,Latinate,61,11.7014,30
D,1831,59998208,try,Germanic,7,8.1641,30
D,1831,59998208,understand,Germanic,0,9.9717,30
D,1831,59998208,want,Germanic,4,6.9684,30
D,1831,59998208,whole,Germanic,45,9.0163,30
D,1831,59998208,will,Germanic,67,7.7126,30
D,2136,69992448,acquire,Latinate,1,21.5918,18
D,2136,69992448,additional,Latinate,48,16.4846,30
D,2136,69992448,allow,Latinate,14,11.5857,30
D,2136,69992448,ancient,Latinate,49,12.3156,30
D,2136,69992448,answer,Germanic,17,10.6348,30
D,2136,69992448,ask,Germanic,15,7.2272,30
D,2136,69992448,assist,Latinate,8,14.4176,30
D,2136,69992448,assistance,Latinate,37,13.4008,30
D,2136,69992448,attempt,Latinate,7,13.4694,30
D,2136,69992448,baby,Germanic,31,10.6886,30
D,2136,69992448,before,Germanic,64,9.7204,30
D,2136,69992448,beverage,Latinate,32,29.4948,11
D,2136,69992448,build,Germanic,9,9.8982,30
D,2136,69992448,but,Germanic,60,5.3496,30
D,2136,69992448,buy,Germanic,11,8.9479,30
D,2136,69992448,choose,Germanic,21,12.6576,30
D,2136,69992448,commence,Latinate,25,20.2197,14
D,2136,69992448,comprehend,Latinate,0,21.4717,19
D,2136,69992448,conceal,Latinate,19,17.1030,30
D,2136,69992448,conclude,Latinate,24,19.1569,15
D,2136,69992448,construct,Latinate,9,20.0465,18
D,2136,69992448,currently,Latinate,66,12.7684,30
D,2136,69992448,demonstrate,Latinate,10,14.6529,30
D,2136,69992448,depart,Latinate,12,13.7085,30
D,2136,69992448,desire,Latinate,4,12.8558,30
D,2136,69992448,difficult,Latinate,43,10.3464,30
D,2136,69992448,discover,Latinate,20,13.0152,30
D,2136,69992448,do,Germanic,30,5.8330,30
D,2136,69992448,drink,Germanic,32,11.6934,30
D,2136,69992448,earlier,Germanic,50,12.6841,30
D,2136,69992448,end,Germanic,24,7.1040,30
D,2136,69992448,enormous,Latinate,38,11.9775,30
D,2136,69992448,enough,Germanic,44,8.0760,30
D,2136,69992448,entire,Latinate,45,12.8871,30
D,2136,69992448,error,Latinate,34,10.0656,30
D,2136,69992448,fast,Germanic,42,9.9567,30
D,2136,69992448,final,Latinate,59,10.1297,30
D,2136,69992448,find,Germanic,20,8.0318,30
D,2136,69992448,first,Germanic,52,9.1855,30
D,2136,69992448,fortunate,Latinate,54,14.9681,30
D,2136,69992448,frequently,Latinate,63,15.4888,30
D,2136,69992448,get,Germanic,1,4.6639,30
D,2136,69992448,gigantic,Latinate,39,19.9159,30
D,2136,69992448,give,Germanic,5,7.1559,30
D,2136,69992448,hard,Germanic,43,9.5292,30
D,2136,69992448,have,Germanic,23,4.9565,30
D,2136,69992448,help,Germanic,8,6.2437,30
D,2136,69992448,hide,Germanic,19,11.2949,30
D,2136,69992448,home,Germanic,33,9.2864,30
D,2136,69992448,however,Latinate,60,13.4146,30
D,2136,69992448,huge,Germanic,38,12.3929,30
D,2136,69992448,ill,Latinate,57,12.2779,30
D,2136,69992448,illness,Latinate,35,13.0223,30
D,2136,69992448,immense,Latinate,40,15.2486,30
D,2136,69992448,infant,Latinate,31,17.3119,30
D,2136,69992448,initial,Latinate,52,12.6961,30
D,2136,69992448,inquire,Latinate,16,15.2744,30
D,2136,69992448,keep,Germanic,28,8.2007,30
D,2136,69992448,last,Germanic,59,8.7545,30
D,2136,69992448,leave,Germanic,12,10.3710,30
D,2136,69992448,let,Germanic,13,9.4456,30
D,2136,69992448,lucky,Germanic,54,11.7594,30
D,2136,69992448,maintain,Latinate,29,13.2414,30
D,2136,69992448,many,Germanic,46,7.5797,30
D,2136,69992448,massive,Latinate,41,14.4746,30
D,2136,69992448,maybe,Germanic,62,11.1403,30
D,2136,69992448,mend,Germanic,22,21.0437,30
D,2136,69992448,mistake,Germanic,34,7.4116,30
D,2136,69992448,more,Germanic,48,9.2561,30
D,2136,69992448,multiple,Latinate,47,15.1010,30
D,2136,69992448,need,Germanic,3,8.5484,30
D,2136,69992448,next,Germanic,53,8.7507,30
D,2136,69992448,now,Germanic,66,9.6519,30
D,2136,69992448,numerous,Latinate,46,15.9608,30
D,2136,69992448,observe,Latinate,26,17.5486,30
D,2136,69992448,obtain,Latinate,2,14.0577,30
D,2136,69992448,occasionally,Latinate,65,15.7306,30
D,2136,69992448,odd,Germanic,55,12.5723,30
D,2136,69992448,often,Germanic,63,9.8754,30
D,2136,69992448,old,Germanic,49,8.5206,30
D,2136,69992448,peculiar,Latinate,56,16.6189,30
D,2136,69992448,perform,Latinate,30,12.8356,30
D,2136,69992448,perhaps,Latinate,62,13.3389,30
D,2136,69992448,permit,Latinate,13,14.2313,30
D,2136,69992448,possess,Latinate,23,14.0677,30
D,2136,69992448,previous,Latinate,50,12.4126,30
D,2136,69992448,previously,Latinate,64,14.5248,30
D,2136,69992448,prior,Latinate,51,14.3179,30
D,2136,69992448,provide,Latinate,5,12.4725,30
D,2136,69992448,purchase,Latinate,11,15.5880,30
D,2136,69992448,rapid,Latinate,42,11.8226,30
D,2136,69992448,receive,Latinate,6,12.6734,30
D,2136,69992448,remain,Latinate,27,14.2806,30
D,2136,69992448,remainder,Latinate,36,20.9675,30
D,2136,69992448,repair,Latinate,22,14.9534,30
D,2136,69992448,reply,Latinate,17,14.6263,30
D,2136,69992448,request,Latinate,15,11.9620,30
D,2136,69992448,require,Latinate,3,13.6357,30
D,2136,69992448,residence,Latinate,33,14.3269,30
D,2136,69992448,respond,Latinate,18,14.8605,30
D,2136,69992448,rest,Germanic,36,7.4516,30
D,2136,69992448,retain,Latinate,28,14.3757,30
D,2136,69992448,safe,Germanic,58,11.1637,30
D,2136,69992448,secure,Latinate,58,14.2362,30
D,2136,69992448,see,Germanic,26,6.0578,30
D,2136,69992448,select,Latinate,21,16.4647,30
D,2136,69992448,shall,Latinate,67,8.7371,30
D,2136,69992448,show,Germanic,10,8.8562,30
D,2136,69992448,sick,Germanic,57,12.2942,30
D,2136,69992448,sickness,Germanic,35,14.4350,30
D,2136,69992448,so,Germanic,61,7.2542,30
D,2136,69992448,sometimes,Germanic,65,12.0989,30
D,2136,69992448,start,Germanic,25,9.4967,30
D,2136,69992448,stay,Germanic,27,7.9662,30
D,2136,69992448,strange,Latinate,55,11.9877,30
D,2136,69992448,subsequent,Latinate,53,18.9451,30
D,2136,69992448,sufficient,Latinate,44,16.9153,30
D,2136,69992448,therefore,Latinate,61,11.5553,30
D,2136,69992448,try,Germanic,7,7.4288,30
D,2136,69992448,understand,Germanic,0,9.2401,30
D,2136,69992448,want,Germanic,4,7.0892,30
D,2136,69992448,whole,Germanic,45,8.7423,30
D,2136,69992448,will,Germanic,67,8.0607,30
D,2441,79986688,acquire,Latinate,1,22.7566,18
D,2441,79986688,additional,Latinate,48,15.5490,30
D,2441,79986688,allow,Latinate,14,11.6072,30
D,2441,79986688,ancient,Latinate,49,13.3494,30
D,2441,79986688,answer,Germanic,17,10.1400,30
D,2441,79986688,ask,Germanic,15,8.3607,30
D,2441,79986688,assist,Latinate,8,15.6445,30
D,2441,79986688,assistance,Latinate,37,13.3345,30
D,2441,79986688,attempt,Latinate,7,12.7016,30
D,2441,79986688,baby,Germanic,31,10.3588,30
D,2441,79986688,before,Germanic,64,9.3696,30
D,2441,79986688,beverage,Latinate,32,28.8858,11
D,2441,79986688,build,Germanic,9,9.9315,30
D,2441,79986688,but,Germanic,60,4.5909,30
D,2441,79986688,buy,Germanic,11,8.9994,30
D,2441,79986688,choose,Germanic,21,12.9582,30
D,2441,79986688,commence,Latinate,25,18.0088,14
D,2441,79986688,comprehend,Latinate,0,24.1573,19
D,2441,79986688,conceal,Latinate,19,15.7367,30
D,2441,79986688,conclude,Latinate,24,18.2043,15
D,2441,79986688,construct,Latinate,9,16.6661,18
D,2441,79986688,currently,Latinate,66,11.5343,30
D,2441,79986688,demonstrate,Latinate,10,14.0491,30
D,2441,79986688,depart,Latinate,12,13.0866,30
D,2441,79986688,desire,Latinate,4,11.4881,30
D,2441,79986688,difficult,Latinate,43,8.5746,30
D,2441,79986688,discover,Latinate,20,13.1210,30
D,2441,79986688,do,Germanic,30,5.5054,30
D,2441,79986688,drink,Germanic,32,10.8120,30
D,2441,79986688,earlier,Germanic,50,12.7343,30
D,2441,79986688,end,Germanic,24,7.2280,30
D,2441,79986688,enormous,Latinate,38,10.3242,30
D,2441,79986688,enough,Germanic,44,7.1632,30
D,2441,79986688,entire,Latinate,45,12.7120,30
D,2441,79986688,error,Latinate,34,10.1664,30
D,2441,79986688,fast,Germanic,42,9.8239,30
D,2441,79986688,final,Latinate,59,11.1113,30
D,2441,79986688,find,Germanic,20,7.9596,30
D,2441,79986688,first,Germanic,52,9.2897,30
D,2441,79986688,fortunate,Latinate,54,13.1842,30
D,2441,79986688,frequently,Latinate,63,13.5090,30
D,2441,79986688,get,Germanic,1,4.6008,30
D,2441,79986688,gigantic,Latinate,39,18.2355,30
D,2441,79986688,give,Germanic,5,8.4920,30
D,2441,79986688,hard,Germanic,43,9.1791,30
D,2441,79986688,have,Germanic,23,4.7550,30
D,2441,79986688,help,Germanic,8,7.5286,30
D,2441,79986688,hide,Germanic,19,10.9529,30
D,2441,79986688,home,Germanic,33,8.7025,30
D,2441,79986688,however,Latinate,60,12.6046,30
D,2441,79986688,huge,Germanic,38,12.3664,30
D,2441,79986688,ill,Latinate,57,10.7403,30
D,2441,79986688,illness,Latinate,35,12.2045,30
D,2441,79986688,immense,Latinate,40,13.7702,30
D,2441,79986688,infant,Latinate,31,17.9678,30
D,2441,79986688,initial,Latinate,52,15.1157,30
D,2441,79986688,inquire,Latinate,16,14.1771,30
D,2441,79986688,keep,Germanic,28,8.2791,30
D,2441,79986688,last,Germanic,59,9.0519,30
D,2441,79986688,leave,Germanic,12,10.4635,30
D,2441,79986688,let,Germanic,13,9.7594,30
D,2441,79986688,lucky,Germanic,54,11.3281,30
D,2441,79986688,maintain,Latinate,29,14.8491,30
D,2441,79986688,many,Germanic,46,7.8769,30
D,2441,79986688,massive,Latinate,41,14.8715,30
D,2441,79986688,maybe,Germanic,62,11.2262,30
D,2441,79986688,mend,Germanic,22,22.0690,30
D,2441,79986688,mistake,Germanic,34,6.4822,30
D,2441,79986688,more,Germanic,48,9.2925,30
D,2441,79986688,multiple,Latinate,47,15.0365,30
D,2441,79986688,need,Germanic,3,7.7706,30
D,2441,79986688,next,Germanic,53,8.2363,30
D,2441,79986688,now,Germanic,66,9.2382,30
D,2441,79986688,numerous,Latinate,46,16.6179,30
D,2441,79986688,observe,Latinate,26,17.4763,30
D,2441,79986688,obtain,Latinate,2,11.9179,30
D,2441,79986688,occasionally,Latinate,65,14.4014,30
D,2441,79986688,odd,Germanic,55,11.7651,30
D,2441,79986688,often,Germanic,63,10.2222,30
D,2441,79986688,old,Germanic,49,8.3477,30
D,2441,79986688,peculiar,Latinate,56,15.9926,30
D,2441,79986688,perform,Latinate,30,12.5162,30
D,2441,79986688,perhaps,Latinate,62,12.3806,30
D,2441,79986688,permit,Latinate,13,11.8232,30
D,2441,79986688,possess,Latinate,23,13.2220,30
D,2441,79986688,previous,Latinate,50,12.6073,30
D,2441,79986688,previously,Latinate,64,12.0431,30
D,2441,79986688,prior,Latinate,51,14.2828,30
D,2441,79986688,provide,Latinate,5,12.2971,30
D,2441,79986688,purchase,Latinate,11,15.0211,30
D,2441,79986688,rapid,Latinate,42,10.3133,30
D,2441,79986688,receive,Latinate,6,11.5600,30
D,2441,79986688,remain,Latinate,27,13.1059,30
D,2441,79986688,remainder,Latinate,36,16.9928,30
D,2441,79986688,repair,Latinate,22,14.0845,30
D,2441,79986688,reply,Latinate,17,13.0650,30
D,2441,79986688,request,Latinate,15,12.4432,30
D,2441,79986688,require,Latinate,3,12.4953,30
D,2441,79986688,residence,Latinate,33,14.9102,30
D,2441,79986688,respond,Latinate,18,11.9903,30
D,2441,79986688,rest,Germanic,36,7.2124,30
D,2441,79986688,retain,Latinate,28,15.1151,30
D,2441,79986688,safe,Germanic,58,11.5036,30
D,2441,79986688,secure,Latinate,58,12.6091,30
D,2441,79986688,see,Germanic,26,5.2728,30
D,2441,79986688,select,Latinate,21,15.4086,30
D,2441,79986688,shall,Latinate,67,8.8907,30
D,2441,79986688,show,Germanic,10,9.0236,30
D,2441,79986688,sick,Germanic,57,12.8678,30
D,2441,79986688,sickness,Germanic,35,15.0786,30
D,2441,79986688,so,Germanic,61,6.6118,30
D,2441,79986688,sometimes,Germanic,65,11.5493,30
D,2441,79986688,start,Germanic,25,9.5100,30
D,2441,79986688,stay,Germanic,27,7.9464,30
D,2441,79986688,strange,Latinate,55,12.2443,30
D,2441,79986688,subsequent,Latinate,53,18.0553,30
D,2441,79986688,sufficient,Latinate,44,15.3063,30
D,2441,79986688,therefore,Latinate,61,12.0866,30
D,2441,79986688,try,Germanic,7,7.6109,30
D,2441,79986688,understand,Germanic,0,8.8373,30
D,2441,79986688,want,Germanic,4,6.6799,30
D,2441,79986688,whole,Germanic,45,8.8396,30
D,2441,79986688,will,Germanic,67,7.7853,30
D,2747,90013696,acquire,Latinate,1,20.6097,18
D,2747,90013696,additional,Latinate,48,16.3823,30
D,2747,90013696,allow,Latinate,14,10.6599,30
D,2747,90013696,ancient,Latinate,49,12.1733,30
D,2747,90013696,answer,Germanic,17,9.8693,30
D,2747,90013696,ask,Germanic,15,7.8046,30
D,2747,90013696,assist,Latinate,8,13.3815,30
D,2747,90013696,assistance,Latinate,37,11.0246,30
D,2747,90013696,attempt,Latinate,7,11.7818,30
D,2747,90013696,baby,Germanic,31,10.7575,30
D,2747,90013696,before,Germanic,64,9.0795,30
D,2747,90013696,beverage,Latinate,32,27.3842,11
D,2747,90013696,build,Germanic,9,10.1835,30
D,2747,90013696,but,Germanic,60,5.5069,30
D,2747,90013696,buy,Germanic,11,9.0505,30
D,2747,90013696,choose,Germanic,21,13.3932,30
D,2747,90013696,commence,Latinate,25,19.6068,14
D,2747,90013696,comprehend,Latinate,0,21.6980,19
D,2747,90013696,conceal,Latinate,19,15.0457,30
D,2747,90013696,conclude,Latinate,24,16.0959,15
D,2747,90013696,construct,Latinate,9,17.2203,18
D,2747,90013696,currently,Latinate,66,12.1419,30
D,2747,90013696,demonstrate,Latinate,10,14.3775,30
D,2747,90013696,depart,Latinate,12,13.6612,30
D,2747,90013696,desire,Latinate,4,12.1344,30
D,2747,90013696,difficult,Latinate,43,8.5237,30
D,2747,90013696,discover,Latinate,20,11.6757,30
D,2747,90013696,do,Germanic,30,6.0289,30
D,2747,90013696,drink,Germanic,32,10.9796,30
D,2747,90013696,earlier,Germanic,50,12.5494,30
D,2747,90013696,end,Germanic,24,6.4522,30
D,2747,90013696,enormous,Latinate,38,11.0603,30
D,2747,90013696,enough,Germanic,44,7.0765,30
D,2747,90013696,entire,Latinate,45,12.0080,30
D,2747,90013696,error,Latinate,34,10.1857,30
D,2747,90013696,fast,Germanic,42,9.8181,30
D,2747,90013696,final,Latinate,59,10.0623,30
D,2747,90013696,find,Germanic,20,7.7764,30
D,2747,90013696,first,Germanic,52,9.1645,30
D,2747,90013696,fortunate,Latinate,54,14.0466,30
D,2747,90013696,frequently,Latinate,63,14.4284,30
D,2747,90013696,get,Germanic,1,4.7478,30
D,2747,90013696,gigantic,Latinate,39,18.7827,30
D,2747,90013696,give,Germanic,5,8.0573,30
D,2747,90013696,hard,Germanic,43,8.6749,30
D,2747,90013696,have,Germanic,23,4.4308,30
D,2747,90013696,help,Germanic,8,7.5338,30
D,2747,90013696,hide,Germanic,19,10.6557,30
D,2747,90013696,home,Germanic,33,9.0748,30
D,2747,90013696,however,Latinate,60,13.0125,30
D,2747,90013696,huge,Germanic,38,12.1137,30
D,2747,90013696,ill,Latinate,57,10.1179,30
D,2747,90013696,illness,Latinate,35,11.0567,30
D,2747,90013696,immense,Latinate,40,13.4693,30
D,2747,90013696,infant,Latinate,31,16.8793,30
D,2747,90013696,initial,Latinate,52,14.1855,30
D,2747,90013696,inquire,Latinate,16,14.1522,30
D,2747,90013696,keep,Germanic,28,7.9783,30
D,2747,90013696,last,Germanic,59,9.0388,30
D,2747,90013696,leave,Germanic,12,10.2414,30
D,2747,90013696,let,Germanic,13,9.9860,30
D,2747,90013696,lucky,Germanic,54,10.9869,30
D,2747,90013696,maintain,Latinate,29,14.4106,30
D,2747,90013696,many,Germanic,46,7.4446,30
D,2747,90013696,massive,Latinate,41,14.5169,30
D,2747,90013696,maybe,Germanic,62,10.8620,30
D,2747,90013696,mend,Germanic,22,19.8779,30
D,2747,90013696,mistake,Germanic,34,6.2680,30
D,2747,90013696,more,Germanic,48,8.8306,30
D,2747,90013696,multiple,Latinate,47,14.7601,30
D,2747,90013696,need,Germanic,3,7.9678,30
D,2747,90013696,next,Germanic,53,9.0563,30
D,2747,90013696,now,Germanic,66,8.6963,30
D,2747,90013696,numerous,Latinate,46,16.1644,30
D,2747,90013696,observe,Latinate,26,15.8119,30
D,2747,90013696,obtain,Latinate,2,12.2277,30
D,2747,90013696,occasionally,Latinate,65,15.0633,30
D,2747,90013696,odd,Germanic,55,12.0636,30
D,2747,90013696,often,Germanic,63,9.6536,30
D,2747,90013696,old,Germanic,49,8.3410,30
D,2747,90013696,peculiar,Latinate,56,16.1139,30
D,2747,90013696,perform,Latinate,30,11.8333,30
D,2747,90013696,perhaps,Latinate,62,12.5540,30
D,2747,90013696,permit,Latinate,13,11.5370,30
D,2747,90013696,possess,Latinate,23,12.9001,30
D,2747,90013696,previous,Latinate,50,13.0627,30
D,2747,90013696,previously,Latinate,64,12.1954,30
D,2747,90013696,prior,Latinate,51,12.6659,30
D,2747,90013696,provide,Latinate,5,10.4128,30
D,2747,90013696,purchase,Latinate,11,14.1040,30
D,2747,90013696,rapid,Latinate,42,10.4027,30
D,2747,90013696,receive,Latinate,6,11.6384,30
D,2747,90013696,remain,Latinate,27,13.0748,30
D,2747,90013696,remainder,Latinate,36,16.9379,30
D,2747,90013696,repair,Latinate,22,14.7881,30
D,2747,90013696,reply,Latinate,17,12.4699,30
D,2747,90013696,request,Latinate,15,11.0236,30
D,2747,90013696,require,Latinate,3,12.4135,30
D,2747,90013696,residence,Latinate,33,14.3520,30
D,2747,90013696,respond,Latinate,18,13.2609,30
D,2747,90013696,rest,Germanic,36,6.8804,30
D,2747,90013696,retain,Latinate,28,14.8910,30
D,2747,90013696,safe,Germanic,58,11.1840,30
D,2747,90013696,secure,Latinate,58,12.1783,30
D,2747,90013696,see,Germanic,26,5.6081,30
D,2747,90013696,select,Latinate,21,15.2817,30
D,2747,90013696,shall,Latinate,67,7.8963,30
D,2747,90013696,show,Germanic,10,9.6247,30
D,2747,90013696,sick,Germanic,57,12.4052,30
D,2747,90013696,sickness,Germanic,35,14.2577,30
D,2747,90013696,so,Germanic,61,7.2022,30
D,2747,90013696,sometimes,Germanic,65,12.0565,30
D,2747,90013696,start,Germanic,25,9.3216,30
D,2747,90013696,stay,Germanic,27,8.5286,30
D,2747,90013696,strange,Latinate,55,12.5961,30
D,2747,90013696,subsequent,Latinate,53,18.4931,30
D,2747,90013696,sufficient,Latinate,44,15.4980,30
D,2747,90013696,therefore,Latinate,61,11.6900,30
D,2747,90013696,try,Germanic,7,7.4480,30
D,2747,90013696,understand,Germanic,0,9.3539,30
D,2747,90013696,want,Germanic,4,6.4883,30
D,2747,90013696,whole,Germanic,45,9.1094,30
D,2747,90013696,will,Germanic,67,7.2679,30
D,3052,100007936,acquire,Latinate,1,19.7813,18
D,3052,100007936,additional,Latinate,48,15.3840,30
D,3052,100007936,allow,Latinate,14,11.0730,30
D,3052,100007936,ancient,Latinate,49,11.3321,30
D,3052,100007936,answer,Germanic,17,10.3009,30
D,3052,100007936,ask,Germanic,15,7.8801,30
D,3052,100007936,assist,Latinate,8,15.4458,30
D,3052,100007936,assistance,Latinate,37,12.7337,30
D,3052,100007936,attempt,Latinate,7,12.4617,30
D,3052,100007936,baby,Germanic,31,10.2261,30
D,3052,100007936,before,Germanic,64,8.8130,30
D,3052,100007936,beverage,Latinate,32,23.8574,11
D,3052,100007936,build,Germanic,9,10.1273,30
D,3052,100007936,but,Germanic,60,5.6786,30
D,3052,100007936,buy,Germanic,11,8.5218,30
D,3052,100007936,choose,Germanic,21,12.9913,30
D,3052,100007936,commence,Latinate,25,19.5191,14
D,3052,100007936,comprehend,Latinate,0,20.7177,19
D,3052,100007936,conceal,Latinate,19,14.0854,30
D,3052,100007936,conclude,Latinate,24,16.4277,15
D,3052,100007936,construct,Latinate,9,17.7843,18
D,3052,100007936,currently,Latinate,66,11.8305,30
D,3052,100007936,demonstrate,Latinate,10,14.5911,30
D,3052,100007936,depart,Latinate,12,12.4922,30
D,3052,100007936,desire,Latinate,4,12.1521,30
D,3052,100007936,difficult,Latinate,43,8.0099,30
D,3052,100007936,discover,Latinate,20,12.6553,30
D,3052,100007936,do,Germanic,30,5.7535,30
D,3052,100007936,drink,Germanic,32,11.3214,30
D,3052,100007936,earlier,Germanic,50,12.5292,30
D,3052,100007936,end,Germanic,24,7.0148,30
D,3052,100007936,enormous,Latinate,38,8.8259,30
D,3052,100007936,enough,Germanic,44,7.2045,30
D,3052,100007936,entire,Latinate,45,12.3717,30
D,3052,100007936,error,Latinate,34,10.3297,30
D,3052,100007936,fast,Germanic,42,10.3159,30
D,3052,100007936,final,Latinate,59,10.7864,30
D,3052,100007936,find,Germanic,20,8.1723,30
D,3052,100007936,first,Germanic,52,9.4036,30
D,3052,100007936,fortunate,Latinate,54,13.3475,30
D,3052,100007936,frequently,Latinate,63,14.1615,30
D,3052,100007936,get,Germanic,1,4.2803,30
D,3052,100007936,gigantic,Latinate,39,19.6861,30
D,3052,100007936,give,Germanic,5,7.7398,30
D,3052,100007936,hard,Germanic,43,9.0430,30
D,3052,100007936,have,Germanic,23,4.1829,30
D,3052,100007936,help,Germanic,8,7.0058,30
D,3052,100007936,hide,Germanic,19,10.8721,30
D,3052,100007936,home,Germanic,33,8.6938,30
D,3052,100007936,however,Latinate,60,12.6963,30
D,3052,100007936,huge,Germanic,38,11.9079,30
D,3052,100007936,ill,Latinate,57,10.5880,30
D,3052,100007936,illness,Latinate,35,11.3601,30
D,3052,100007936,immense,Latinate,40,13.7599,30
D,3052,100007936,infant,Latinate,31,17.9550,30
D,3052,100007936,initial,Latinate,52,14.0278,30
D,3052,100007936,inquire,Latinate,16,14.6091,30
D,3052,100007936,keep,Germanic,28,8.6284,30
D,3052,100007936,last,Germanic,59,8.4994,30
D,3052,100007936,leave,Germanic,12,10.2851,30
D,3052,100007936,let,Germanic,13,10.3657,30
D,3052,100007936,lucky,Germanic,54,11.1896,30
D,3052,100007936,maintain,Latinate,29,13.9637,30
D,3052,100007936,many,Germanic,46,7.2380,30
D,3052,100007936,massive,Latinate,41,14.7626,30
D,3052,100007936,maybe,Germanic,62,10.4545,30
D,3052,100007936,mend,Germanic,22,19.2718,30
D,3052,100007936,mistake,Germanic,34,6.8808,30
D,3052,100007936,more,Germanic,48,8.3495,30
D,3052,100007936,multiple,Latinate,47,15.4515,30
D,3052,100007936,need,Germanic,3,8.0167,30
D,3052,100007936,next,Germanic,53,9.2048,30
D,3052,100007936,now,Germanic,66,9.2280,30
D,3052,100007936,numerous,Latinate,46,15.4908,30
D,3052,100007936,observe,Latinate,26,16.6517,30
D,3052,100007936,obtain,Latinate,2,12.2326,30
D,3052,100007936,occasionally,Latinate,65,14.9620,30
D,3052,100007936,odd,Germanic,55,10.6504,30
D,3052,100007936,often,Germanic,63,10.3868,30
D,3052,100007936,old,Germanic,49,7.5265,30
D,3052,100007936,peculiar,Latinate,56,15.1480,30
D,3052,100007936,perform,Latinate,30,13.2493,30
D,3052,100007936,perhaps,Latinate,62,11.7840,30
D,3052,100007936,permit,Latinate,13,12.2426,30
D,3052,100007936,possess,Latinate,23,11.0976,30
D,3052,100007936,previous,Latinate,50,12.6477,30
D,3052,100007936,previously,Latinate,64,12.3062,30
D,3052,100007936,prior,Latinate,51,13.5490,30
D,3052,100007936,provide,Latinate,5,11.9768,30
D,3052,100007936,purchase,Latinate,11,14.4710,30
D,3052,100007936,rapid,Latinate,42,9.5298,30
D,3052,100007936,receive,Latinate,6,12.1842,30
D,3052,100007936,remain,Latinate,27,12.6367,30
D,3052,100007936,remainder,Latinate,36,16.2014,30
D,3052,100007936,repair,Latinate,22,14.4211,30
D,3052,100007936,reply,Latinate,17,13.2474,30
D,3052,100007936,request,Latinate,15,12.1939,30
D,3052,100007936,require,Latinate,3,13.2521,30
D,3052,100007936,residence,Latinate,33,14.8029,30
D,3052,100007936,respond,Latinate,18,12.8565,30
D,3052,100007936,rest,Germanic,36,7.6199,30
D,3052,100007936,retain,Latinate,28,13.1609,30
D,3052,100007936,safe,Germanic,58,11.1844,30
D,3052,100007936,secure,Latinate,58,12.5222,30
D,3052,100007936,see,Germanic,26,5.5284,30
D,3052,100007936,select,Latinate,21,15.1112,30
D,3052,100007936,shall,Latinate,67,8.7929,30
D,3052,100007936,show,Germanic,10,9.0885,30
D,3052,100007936,sick,Germanic,57,12.1240,30
D,3052,100007936,sickness,Germanic,35,13.9066,30
D,3052,100007936,so,Germanic,61,7.0581,30
D,3052,100007936,sometimes,Germanic,65,11.6747,30
D,3052,100007936,start,Germanic,25,9.7009,30
D,3052,100007936,stay,Germanic,27,8.2763,30
D,3052,100007936,strange,Latinate,55,11.9149,30
D,3052,100007936,subsequent,Latinate,53,18.1736,30
D,3052,100007936,sufficient,Latinate,44,15.4352,30
D,3052,100007936,therefore,Latinate,61,11.3149,30
D,3052,100007936,try,Germanic,7,7.7823,30
D,3052,100007936,understand,Germanic,0,9.7378,30
D,3052,100007936,want,Germanic,4,6.9860,30
D,3052,100007936,whole,Germanic,45,8.6054,30
D,3052,100007936,will,Germanic,67,7.8650,30
D,4578,150011904,acquire,Latinate,1,17.2966,18
D,4578,150011904,additional,Latinate,48,15.3348,30
D,4578,150011904,allow,Latinate,14,10.3236,30
D,4578,150011904,ancient,Latinate,49,11.3285,30
D,4578,150011904,answer,Germanic,17,9.9844,30
D,4578,150011904,ask,Germanic,15,6.9100,30
D,4578,150011904,assist,Latinate,8,13.4716,30
D,4578,150011904,assistance,Latinate,37,11.1103,30
D,4578,150011904,attempt,Latinate,7,11.8188,30
D,4578,150011904,baby,Germanic,31,9.4251,30
D,4578,150011904,before,Germanic,64,8.3926,30
D,4578,150011904,beverage,Latinate,32,19.7495,11
D,4578,150011904,build,Germanic,9,10.9856,30
D,4578,150011904,but,Germanic,60,4.8331,30
D,4578,150011904,buy,Germanic,11,8.7098,30
D,4578,150011904,choose,Germanic,21,12.2554,30
D,4578,150011904,commence,Latinate,25,18.3928,14
D,4578,150011904,comprehend,Latinate,0,15.2236,19
D,4578,150011904,conceal,Latinate,19,13.4979,30
D,4578,150011904,conclude,Latinate,24,15.3478,15
D,4578,150011904,construct,Latinate,9,15.0884,18
D,4578,150011904,currently,Latinate,66,11.5992,30
D,4578,150011904,demonstrate,Latinate,10,13.4776,30
D,4578,150011904,depart,Latinate,12,12.1971,30
D,4578,150011904,desire,Latinate,4,11.0072,30
D,4578,150011904,difficult,Latinate,43,7.7374,30
D,4578,150011904,discover,Latinate,20,10.6279,30
D,4578,150011904,do,Germanic,30,5.8786,30
D,4578,150011904,drink,Germanic,32,10.3041,30
D,4578,150011904,earlier,Germanic,50,11.9417,30
D,4578,150011904,end,Germanic,24,6.9583,30
D,4578,150011904,enormous,Latinate,38,9.8318,30
D,4578,150011904,enough,Germanic,44,6.2612,30
D,4578,150011904,entire,Latinate,45,11.8717,30
D,4578,150011904,error,Latinate,34,10.2663,30
D,4578,150011904,fast,Germanic,42,9.9506,30
D,4578,150011904,final,Latinate,59,10.7444,30
D,4578,150011904,find,Germanic,20,7.6879,30
D,4578,150011904,first,Germanic,52,9.1332,30
D,4578,150011904,fortunate,Latinate,54,12.8479,30
D,4578,150011904,frequently,Latinate,63,13.4747,30
D,4578,150011904,get,Germanic,1,4.6071,30
D,4578,150011904,gigantic,Latinate,39,17.8821,30
D,4578,150011904,give,Germanic,5,6.9641,30
D,4578,150011904,hard,Germanic,43,9.3175,30
D,4578,150011904,have,Germanic,23,4.4334,30
D,4578,150011904,help,Germanic,8,7.4532,30
D,4578,150011904,hide,Germanic,19,9.9699,30
D,4578,150011904,home,Germanic,33,7.9793,30
D,4578,150011904,however,Latinate,60,11.5973,30
D,4578,150011904,huge,Germanic,38,11.5055,30
D,4578,150011904,ill,Latinate,57,10.0168,30
D,4578,150011904,illness,Latinate,35,10.8545,30
D,4578,150011904,immense,Latinate,40,13.2918,30
D,4578,150011904,infant,Latinate,31,15.7785,30
D,4578,150011904,initial,Latinate,52,13.7870,30
D,4578,150011904,inquire,Latinate,16,11.6285,30
D,4578,150011904,keep,Germanic,28,8.4113,30
D,4578,150011904,last,Germanic,59,7.7825,30
D,4578,150011904,leave,Germanic,12,10.4701,30
D,4578,150011904,let,Germanic,13,9.1848,30
D,4578,150011904,lucky,Germanic,54,10.2915,30
D,4578,150011904,maintain,Latinate,29,14.3403,30
D,4578,150011904,many,Germanic,46,7.3363,30
D,4578,150011904,massive,Latinate,41,15.5993,30
D,4578,150011904,maybe,Germanic,62,11.3406,30
D,4578,150011904,mend,Germanic,22,18.3728,30
D,4578,150011904,mistake,Germanic,34,5.9494,30
D,4578,150011904,more,Germanic,48,8.5966,30
D,4578,150011904,multiple,Latinate,47,15.6260,30
D,4578,150011904,need,Germanic,3,8.0472,30
D,4578,150011904,next,Germanic,53,8.6116,30
D,4578,150011904,now,Germanic,66,9.2722,30
D,4578,150011904,numerous,Latinate,46,14.9714,30
D,4578,150011904,observe,Latinate,26,16.7390,30
D,4578,150011904,obtain,Latinate,2,11.3569,30
D,4578,150011904,occasionally,Latinate,65,14.0507,30
D,4578,150011904,odd,Germanic,55,10.1392,30
D,4578,150011904,often,Germanic,63,9.5154,30
D,4578,150011904,old,Germanic,49,8.1352,30
D,4578,150011904,peculiar,Latinate,56,14.4916,30
D,4578,150011904,perform,Latinate,30,13.1197,30
D,4578,150011904,perhaps,Latinate,62,12.4071,30
D,4578,150011904,permit,Latinate,13,11.8502,30
D,4578,150011904,possess,Latinate,23,10.7913,30
D,4578,150011904,previous,Latinate,50,11.4931,30
D,4578,150011904,previously,Latinate,64,11.7875,30
D,4578,150011904,prior,Latinate,51,12.9617,30
D,4578,150011904,provide,Latinate,5,11.0603,30
D,4578,150011904,purchase,Latinate,11,14.7176,30
D,4578,150011904,rapid,Latinate,42,9.8048,30
D,4578,150011904,receive,Latinate,6,11.7603,30
D,4578,150011904,remain,Latinate,27,11.4455,30
D,4578,150011904,remainder,Latinate,36,13.8338,30
D,4578,150011904,repair,Latinate,22,13.3227,30
D,4578,150011904,reply,Latinate,17,12.3479,30
D,4578,150011904,request,Latinate,15,12.0369,30
D,4578,150011904,require,Latinate,3,13.3083,30
D,4578,150011904,residence,Latinate,33,14.0746,30
D,4578,150011904,respond,Latinate,18,12.2030,30
D,4578,150011904,rest,Germanic,36,7.2012,30
D,4578,150011904,retain,Latinate,28,13.6417,30
D,4578,150011904,safe,Germanic,58,11.5538,30
D,4578,150011904,secure,Latinate,58,12.8077,30
D,4578,150011904,see,Germanic,26,5.0208,30
D,4578,150011904,select,Latinate,21,14.2435,30
D,4578,150011904,shall,Latinate,67,9.0089,30
D,4578,150011904,show,Germanic,10,8.4458,30
D,4578,150011904,sick,Germanic,57,12.5160,30
D,4578,150011904,sickness,Germanic,35,13.3791,30
D,4578,150011904,so,Germanic,61,6.7355,30
D,4578,150011904,sometimes,Germanic,65,11.6280,30
D,4578,150011904,start,Germanic,25,8.9843,30
D,4578,150011904,stay,Germanic,27,8.1580,30
D,4578,150011904,strange,Latinate,55,11.0749,30
D,4578,150011904,subsequent,Latinate,53,16.7229,30
D,4578,150011904,sufficient,Latinate,44,14.6182,30
D,4578,150011904,therefore,Latinate,61,11.2707,30
D,4578,150011904,try,Germanic,7,7.8429,30
D,4578,150011904,understand,Germanic,0,9.7715,30
D,4578,150011904,want,Germanic,4,6.7804,30
D,4578,150011904,whole,Germanic,45,8.3559,30
D,4578,150011904,will,Germanic,67,8.2742,30
D,6104,200015872,acquire,Latinate,1,16.9392,18
D,6104,200015872,additional,Latinate,48,14.7393,30
D,6104,200015872,allow,Latinate,14,8.9764,30
D,6104,200015872,ancient,Latinate,49,11.0011,30
D,6104,200015872,answer,Germanic,17,9.3050,30
D,6104,200015872,ask,Germanic,15,7.8499,30
D,6104,200015872,assist,Latinate,8,12.2978,30
D,6104,200015872,assistance,Latinate,37,10.2914,30
D,6104,200015872,attempt,Latinate,7,11.9505,30
D,6104,200015872,baby,Germanic,31,10.5282,30
D,6104,200015872,before,Germanic,64,8.2833,30
D,6104,200015872,beverage,Latinate,32,19.1954,11
D,6104,200015872,build,Germanic,9,10.7337,30
D,6104,200015872,but,Germanic,60,4.5205,30
D,6104,200015872,buy,Germanic,11,8.4210,30
D,6104,200015872,choose,Germanic,21,12.3687,30
D,6104,200015872,commence,Latinate,25,15.9480,14
D,6104,200015872,comprehend,Latinate,0,15.3603,19
D,6104,200015872,conceal,Latinate,19,12.5995,30
D,6104,200015872,conclude,Latinate,24,14.5391,15
D,6104,200015872,construct,Latinate,9,13.8724,18
D,6104,200015872,currently,Latinate,66,11.4878,30
D,6104,200015872,demonstrate,Latinate,10,13.2534,30
D,6104,200015872,depart,Latinate,12,11.9869,30
D,6104,200015872,desire,Latinate,4,11.0597,30
D,6104,200015872,difficult,Latinate,43,6.9721,30
D,6104,200015872,discover,Latinate,20,11.0839,30
D,6104,200015872,do,Germanic,30,5.6940,30
D,6104,200015872,drink,Germanic,32,10.6280,30
D,6104,200015872,earlier,Germanic,50,12.6741,30
D,6104,200015872,end,Germanic,24,6.8652,30
D,6104,200015872,enormous,Latinate,38,10.1409,30
D,6104,200015872,enough,Germanic,44,7.1311,30
D,6104,200015872,entire,Latinate,45,11.6337,30
D,6104,200015872,error,Latinate,34,10.7789,30
D,6104,200015872,fast,Germanic,42,9.4099,30
D,6104,200015872,final,Latinate,59,10.7200,30
D,6104,200015872,find,Germanic,20,7.7900,30
D,6104,200015872,first,Germanic,52,8.5191,30
D,6104,200015872,fortunate,Latinate,54,11.8819,30
D,6104,200015872,frequently,Latinate,63,12.6734,30
D,6104,200015872,get,Germanic,1,4.4964,30
D,6104,200015872,gigantic,Latinate,39,18.0838,30
D,6104,200015872,give,Germanic,5,7.6945,30
D,6104,200015872,hard,Germanic,43,8.9992,30
D,6104,200015872,have,Germanic,23,4.6362,30
D,6104,200015872,help,Germanic,8,6.7372,30
D,6104,200015872,hide,Germanic,19,10.3063,30
D,6104,200015872,home,Germanic,33,7.8976,30
D,6104,200015872,however,Latinate,60,11.8526,30
D,6104,200015872,huge,Germanic,38,11.6799,30
D,6104,200015872,ill,Latinate,57,9.6730,30
D,6104,200015872,illness,Latinate,35,10.1945,30
D,6104,200015872,immense,Latinate,40,13.5380,30
D,6104,200015872,infant,Latinate,31,14.8699,30
D,6104,200015872,initial,Latinate,52,13.9788,30
D,6104,200015872,inquire,Latinate,16,10.7686,30
D,6104,200015872,keep,Germanic,28,8.6603,30
D,6104,200015872,last,Germanic,59,7.5968,30
D,6104,200015872,leave,Germanic,12,10.3628,30
D,6104,200015872,let,Germanic,13,9.7489,30
D,6104,200015872,lucky,Germanic,54,10.3892,30
D,6104,200015872,maintain,Latinate,29,14.7320,30
D,6104,200015872,many,Germanic,46,7.2263,30
D,6104,200015872,massive,Latinate,41,15.6092,30
D,6104,200015872,maybe,Germanic,62,11.0026,30
D,6104,200015872,mend,Germanic,22,18.8748,30
D,6104,200015872,mistake,Germanic,34,5.1844,30
D,6104,200015872,more,Germanic,48,9.1368,30
D,6104,200015872,multiple,Latinate,47,15.1130,30
D,6104,200015872,need,Germanic,3,7.9616,30
D,6104,200015872,next,Germanic,53,7.9830,30
D,6104,200015872,now,Germanic,66,9.6070,30
D,6104,200015872,numerous,Latinate,46,15.6461,30
D,6104,200015872,observe,Latinate,26,14.6786,30
D,6104,200015872,obtain,Latinate,2,10.9515,30
D,6104,200015872,occasionally,Latinate,65,13.2301,30
D,6104,200015872,odd,Germanic,55,10.5397,30
D,6104,200015872,often,Germanic,63,9.5858,30
D,6104,200015872,old,Germanic,49,8.2612,30
D,6104,200015872,peculiar,Latinate,56,14.4338,30
D,6104,200015872,perform,Latinate,30,11.8621,30
D,6104,200015872,perhaps,Latinate,62,12.8932,30
D,6104,200015872,permit,Latinate,13,10.6575,30
D,6104,200015872,possess,Latinate,23,10.3498,30
D,6104,200015872,previous,Latinate,50,11.2530,30
D,6104,200015872,previously,Latinate,64,10.7350,30
D,6104,200015872,prior,Latinate,51,13.2089,30
D,6104,200015872,provide,Latinate,5,11.0189,30
D,6104,200015872,purchase,Latinate,11,14.0796,30
D,6104,200015872,rapid,Latinate,42,9.1221,30
D,6104,200015872,receive,Latinate,6,10.9625,30
D,6104,200015872,remain,Latinate,27,10.8790,30
D,6104,200015872,remainder,Latinate,36,13.1213,30
D,6104,200015872,repair,Latinate,22,13.1516,30
D,6104,200015872,reply,Latinate,17,12.4865,30
D,6104,200015872,request,Latinate,15,12.5160,30
D,6104,200015872,require,Latinate,3,12.6146,30
D,6104,200015872,residence,Latinate,33,13.3955,30
D,6104,200015872,respond,Latinate,18,12.3170,30
D,6104,200015872,rest,Germanic,36,6.6770,30
D,6104,200015872,retain,Latinate,28,14.2187,30
D,6104,200015872,safe,Germanic,58,11.1711,30
D,6104,200015872,secure,Latinate,58,12.1597,30
D,6104,200015872,see,Germanic,26,5.0423,30
D,6104,200015872,select,Latinate,21,12.6747,30
D,6104,200015872,shall,Latinate,67,8.6821,30
D,6104,200015872,show,Germanic,10,8.3763,30
D,6104,200015872,sick,Germanic,57,12.2750,30
D,6104,200015872,sickness,Germanic,35,13.4742,30
D,6104,200015872,so,Germanic,61,6.6563,30
D,6104,200015872,sometimes,Germanic,65,11.5244,30
D,6104,200015872,start,Germanic,25,9.0382,30
D,6104,200015872,stay,Germanic,27,7.9484,30
D,6104,200015872,strange,Latinate,55,10.9857,30
D,6104,200015872,subsequent,Latinate,53,16.8382,30
D,6104,200015872,sufficient,Latinate,44,14.0134,30
D,6104,200015872,therefore,Latinate,61,11.2275,30
D,6104,200015872,try,Germanic,7,7.4319,30
D,6104,200015872,understand,Germanic,0,9.4997,30
D,6104,200015872,want,Germanic,4,7.5710,30
D,6104,200015872,whole,Germanic,45,8.6874,30
D,6104,200015872,will,Germanic,67,7.6459,30
D,7629,249987072,acquire,Latinate,1,16.9876,18
D,7629,249987072,additional,Latinate,48,15.3685,30
D,7629,249987072,allow,Latinate,14,8.7386,30
D,7629,249987072,ancient,Latinate,49,11.3350,30
D,7629,249987072,answer,Germanic,17,9.3331,30
D,7629,249987072,ask,Germanic,15,7.9269,30
D,7629,249987072,assist,Latinate,8,12.6346,30
D,7629,249987072,assistance,Latinate,37,10.6212,30
D,7629,249987072,attempt,Latinate,7,12.4891,30
D,7629,249987072,baby,Germanic,31,10.3340,30
D,7629,249987072,before,Germanic,64,8.1970,30
D,7629,249987072,beverage,Latinate,32,19.2459,11
D,7629,249987072,build,Germanic,9,11.1217,30
D,7629,249987072,but,Germanic,60,4.8248,30
D,7629,249987072,buy,Germanic,11,9.0243,30
D,7629,249987072,choose,Germanic,21,12.6654,30
D,7629,249987072,commence,Latinate,25,15.3455,14
D,7629,249987072,comprehend,Latinate,0,13.4067,19
D,7629,249987072,conceal,Latinate,19,12.8465,30
D,7629,249987072,conclude,Latinate,24,14.1275,15
D,7629,249987072,construct,Latinate,9,14.2791,18
D,7629,249987072,currently,Latinate,66,11.1330,30
D,7629,249987072,demonstrate,Latinate,10,14.0486,30
D,7629,249987072,depart,Latinate,12,11.2313,30
D,7629,249987072,desire,Latinate,4,11.4249,30
D,7629,249987072,difficult,Latinate,43,7.7683,30
D,7629,249987072,discover,Latinate,20,10.3494,30
D,7629,249987072,do,Germanic,30,5.9844,30
D,7629,249987072,drink,Germanic,32,10.7165,30
D,7629,249987072,earlier,Germanic,50,12.1924,30
D,7629,249987072,end,Germanic,24,6.8533,30
D,7629,249987072,enormous,Latinate,38,10.8640,30
D,7629,249987072,enough,Germanic,44,7.0796,30
D,7629,249987072,entire,Latinate,45,11.9982,30
D,7629,249987072,error,Latinate,34,10.8511,30
D,7629,249987072,fast,Germanic,42,9.8340,30
D,7629,249987072,final,Latinate,59,10.7155,30
D,7629,249987072,find,Germanic,20,7.9433,30
D,7629,249987072,first,Germanic,52,8.9573,30
D,7629,249987072,fortunate,Latinate,54,11.9708,30
D,7629,249987072,frequently,Latinate,63,12.7011,30
D,7629,249987072,get,Germanic,1,4.5319,30
D,7629,249987072,gigantic,Latinate,39,17.7407,30
D,7629,249987072,give,Germanic,5,7.8292,30
D,7629,249987072,hard,Germanic,43,8.9072,30
D,7629,249987072,have,Germanic,23,4.6947,30
D,7629,249987072,help,Germanic,8,7.2599,30
D,7629,249987072,hide,Germanic,19,9.5610,30
D,7629,249987072,home,Germanic,33,8.2409,30
D,7629,249987072,however,Latinate,60,12.1829,30
D,7629,249987072,huge,Germanic,38,12.1461,30
D,7629,249987072,ill,Latinate,57,9.8780,30
D,7629,249987072,illness,Latinate,35,10.1288,30
D,7629,249987072,immense,Latinate,40,13.9609,30
D,7629,249987072,infant,Latinate,31,16.0695,30
D,7629,249987072,initial,Latinate,52,13.7506,30
D,7629,249987072,inquire,Latinate,16,10.9990,30
D,7629,249987072,keep,Germanic,28,9.0622,30
D,7629,249987072,last,Germanic,59,7.7217,30
D,7629,249987072,leave,Germanic,12,10.5136,30
D,7629,249987072,let,Germanic,13,9.5314,30
D,7629,249987072,lucky,Germanic,54,10.7149,30
D,7629,249987072,maintain,Latinate,29,15.4925,30
D,7629,249987072,many,Germanic,46,7.6953,30
D,7629,249987072,massive,Latinate,41,15.7025,30
D,7629,249987072,maybe,Germanic,62,11.0657,30
D,7629,249987072,mend,Germanic,22,18.3972,30
D,7629,249987072,mistake,Germanic,34,4.8918,30
D,7629,249987072,more,Germanic,48,9.2784,30
D,7629,249987072,multiple,Latinate,47,15.4054,30
D,7629,249987072,need,Germanic,3,8.1870,30
D,7629,249987072,next,Germanic,53,8.2358,30
D,7629,249987072,now,Germanic,66,9.2952,30
D,7629,249987072,numerous,Latinate,46,15.6383,30
D,7629,249987072,observe,Latinate,26,14.8919,30
D,7629,249987072,obtain,Latinate,2,12.2626,30
D,7629,249987072,occasionally,Latinate,65,13.2366,30
D,7629,249987072,odd,Germanic,55,10.0820,30
D,7629,249987072,often,Germanic,63,9.5607,30
D,7629,249987072,old,Germanic,49,8.7296,30
D,7629,249987072,peculiar,Latinate,56,14.9372,30
D,7629,249987072,perform,Latinate,30,12.0550,30
D,7629,249987072,perhaps,Latinate,62,12.8326,30
D,7629,249987072,permit,Latinate,13,10.5390,30
D,7629,249987072,possess,Latinate,23,9.8656,30
D,7629,249987072,previous,Latinate,50,11.9744,30
D,7629,249987072,previously,Latinate,64,10.7939,30
D,7629,249987072,prior,Latinate,51,13.8617,30
D,7629,249987072,provide,Latinate,5,11.6517,30
D,7629,249987072,purchase,Latinate,11,13.7009,30
D,7629,249987072,rapid,Latinate,42,9.3825,30
D,7629,249987072,receive,Latinate,6,10.8035,30
D,7629,249987072,remain,Latinate,27,11.2752,30
D,7629,249987072,remainder,Latinate,36,13.2701,30
D,7629,249987072,repair,Latinate,22,12.7282,30
D,7629,249987072,reply,Latinate,17,12.2817,30
D,7629,249987072,request,Latinate,15,12.4713,30
D,7629,249987072,require,Latinate,3,12.5156,30
D,7629,249987072,residence,Latinate,33,13.4010,30
D,7629,249987072,respond,Latinate,18,12.4941,30
D,7629,249987072,rest,Germanic,36,7.1189,30
D,7629,249987072,retain,Latinate,28,14.7190,30
D,7629,249987072,safe,Germanic,58,11.7128,30
D,7629,249987072,secure,Latinate,58,12.3402,30
D,7629,249987072,see,Germanic,26,5.2590,30
D,7629,249987072,select,Latinate,21,12.5086,30
D,7629,249987072,shall,Latinate,67,8.6599,30
D,7629,249987072,show,Germanic,10,8.3660,30
D,7629,249987072,sick,Germanic,57,12.4704,30
D,7629,249987072,sickness,Germanic,35,13.2950,30
D,7629,249987072,so,Germanic,61,7.0884,30
D,7629,249987072,sometimes,Germanic,65,11.6681,30
D,7629,249987072,start,Germanic,25,8.8487,30
D,7629,249987072,stay,Germanic,27,7.8332,30
D,7629,249987072,strange,Latinate,55,10.9736,30
D,7629,249987072,subsequent,Latinate,53,17.1394,30
D,7629,249987072,sufficient,Latinate,44,14.3799,30
D,7629,249987072,therefore,Latinate,61,11.5267,30
D,7629,249987072,try,Germanic,7,7.3224,30
D,7629,249987072,understand,Germanic,0,9.9439,30
D,7629,249987072,want,Germanic,4,7.6798,30
D,7629,249987072,whole,Germanic,45,8.9600,30
D,7629,249987072,will,Germanic,67,7.9043,30
