arm,step,tokens_seen,word,klass,pair_id,surprisal_bits,n
B,31,1015808,acquire,Latinate,1,33.3475,18
B,31,1015808,additional,Latinate,48,19.1822,30
B,31,1015808,allow,Latinate,14,14.8168,30
B,31,1015808,ancient,Latinate,49,16.3179,30
B,31,1015808,answer,Germanic,17,12.5388,30
B,31,1015808,ask,Germanic,15,11.9343,30
B,31,1015808,assist,Latinate,8,18.0043,30
B,31,1015808,assistance,Latinate,37,20.2774,30
B,31,1015808,attempt,Latinate,7,16.0782,30
B,31,1015808,baby,Germanic,31,12.3879,30
B,31,1015808,before,Germanic,64,9.8340,30
B,31,1015808,beverage,Latinate,32,34.8494,11
B,31,1015808,build,Germanic,9,14.8585,30
B,31,1015808,but,Germanic,60,9.4784,30
B,31,1015808,buy,Germanic,11,12.9799,30
B,31,1015808,choose,Germanic,21,14.3627,30
B,31,1015808,commence,Latinate,25,29.8462,14
B,31,1015808,comprehend,Latinate,0,46.3432,19
B,31,1015808,conceal,Latinate,19,28.2854,30
B,31,1015808,conclude,Latinate,24,33.4682,15
B,31,1015808,construct,Latinate,9,31.6246,18
B,31,1015808,currently,Latinate,66,15.8097,30
B,31,1015808,demonstrate,Latinate,10,30.1428,30
B,31,1015808,depart,Latinate,12,18.6903,30
B,31,1015808,desire,Latinate,4,15.3004,30
B,31,1015808,difficult,Latinate,43,13.4897,30
B,31,1015808,discover,Latinate,20,16.0261,30
B,31,1015808,do,Germanic,30,9.2264,30
B,31,1015808,drink,Germanic,32,13.3258,30
B,31,1015808,earlier,Germanic,50,16.7927,30
B,31,1015808,end,Germanic,24,11.9007,30
B,31,1015808,enormous,Latinate,38,19.8067,30
B,31,1015808,enough,Germanic,44,11.8918,30
B,31,1015808,entire,Latinate,45,15.9628,30
B,31,1015808,error,Latinate,34,17.4393,30
B,31,1015808,fast,Germanic,42,12.7249,30
B,31,1015808,final,Latinate,59,12.8990,30
B,31,1015808,find,Germanic,20,11.0202,30
B,31,1015808,first,Germanic,52,11.5661,30
B,31,1015808,fortunate,Latinate,54,19.0883,30
B,31,1015808,frequently,Latinate,63,16.5406,30
B,31,1015808,get,Germanic,1,9.3927,30
B,31,1015808,gigantic,Latinate,39,33.1285,30
B,31,1015808,give,Germanic,5,11.7734,30
B,31,1015808,hard,Germanic,43,11.0920,30
B,31,1015808,have,Germanic,23,7.8540,30
B,31,1015808,help,Germanic,8,10.1172,30
B,31,1015808,hide,Germanic,19,14.9315,30
B,31,1015808,home,Germanic,33,10.9788,30
B,31,1015808,however,Latinate,60,14.1556,30
B,31,1015808,huge,Germanic,38,15.5259,30
B,31,1015808,ill,Latinate,57,14.1373,30
B,31,1015808,illness,Latinate,35,16.9346,30
B,31,1015808,immense,Latinate,40,17.1648,30
B,31,1015808,infant,Latinate,31,29.0099,30
B,31,1015808,initial,Latinate,52,17.8236,30
B,31,1015808,inquire,Latinate,16,33.9019,30
B,31,1015808,keep,Germanic,28,11.4248,30
B,31,1015808,last,Germanic,59,11.8979,30
B,31,1015808,leave,Germanic,12,11.3794,30
B,31,1015808,let,Germanic,13,10.9827,30
B,31,1015808,lucky,Germanic,54,14.3460,30
B,31,1015808,maintain,Latinate,29,19.6195,30
B,31,1015808,many,Germanic,46,10.0437,30
B,31,1015808,massive,Latinate,41,17.8609,30
B,31,1015808,maybe,Germanic,62,13.2436,30
B,31,1015808,mend,Germanic,22,23.0868,30
B,31,1015808,mistake,Germanic,34,14.6088,30
B,31,1015808,more,Germanic,48,10.7189,30
B,31,1015808,multiple,Latinate,47,17.1240,30
B,31,1015808,need,Germanic,3,10.9034,30
B,31,1015808,next,Germanic,53,11.8861,30
B,31,1015808,now,Germanic,66,10.3803,30
B,31,1015808,numerous,Latinate,46,19.8448,30
B,31,1015808,observe,Latinate,26,32.7241,30
B,31,1015808,obtain,Latinate,2,18.5089,30
B,31,1015808,occasionally,Latinate,65,18.6977,30
B,31,1015808,odd,Germanic,55,16.8354,30
B,31,1015808,often,Germanic,63,12.8854,30
B,31,1015808,old,Germanic,49,10.5526,30
B,31,1015808,peculiar,Latinate,56,18.3078,30
B,31,1015808,perform,Latinate,30,17.1950,30
B,31,1015808,perhaps,Latinate,62,14.7743,30
B,31,1015808,permit,Latinate,13,19.8210,30
B,31,1015808,possess,Latinate,23,18.5007,30
B,31,1015808,previous,Latinate,50,16.6009,30
B,31,1015808,previously,Latinate,64,17.6186,30
B,31,1015808,prior,Latinate,51,16.3139,30
B,31,1015808,provide,Latinate,5,17.8871,30
B,31,1015808,purchase,Latinate,11,17.1916,30
B,31,1015808,rapid,Latinate,42,18.1431,30
B,31,1015808,receive,Latinate,6,17.1568,30
B,31,1015808,remain,Latinate,27,15.8648,30
B,31,1015808,remainder,Latinate,36,30.5131,30
B,31,1015808,repair,Latinate,22,17.2063,30
B,31,1015808,reply,Latinate,17,16.3197,30
B,31,1015808,request,Latinate,15,17.4084,30
B,31,1015808,require,Latinate,3,17.6968,30
B,31,1015808,residence,Latinate,33,18.6836,30
B,31,1015808,respond,Latinate,18,16.8833,30
B,31,1015808,rest,Germanic,36,13.0514,30
B,31,1015808,retain,Latinate,28,17.9753,30
B,31,1015808,safe,Germanic,58,12.7541,30
B,31,1015808,secure,Latinate,58,15.0137,30
B,31,1015808,see,Germanic,26,9.8771,30
B,31,1015808,select,Latinate,21,18.1639,30
B,31,1015808,shall,Latinate,67,12.5418,30
B,31,1015808,show,Germanic,10,11.8756,30
B,31,1015808,sick,Germanic,57,12.9979,30
B,31,1015808,sickness,Germanic,35,19.3294,30
B,31,1015808,so,Germanic,61,8.8423,30
B,31,1015808,sometimes,Germanic,65,13.6529,30
B,31,1015808,start,Germanic,25,13.2878,30
B,31,1015808,stay,Germanic,27,11.9233,30
B,31,1015808,strange,Latinate,55,14.1155,30
B,31,1015808,subsequent,Latinate,53,32.3018,30
B,31,1015808,sufficient,Latinate,44,18.4125,30
B,31,1015808,therefore,Latinate,61,15.2424,30
B,31,1015808,try,Germanic,7,12.0631,30
B,31,1015808,understand,Germanic,0,12.7991,30
B,31,1015808,want,Germanic,4,9.3720,30
B,31,1015808,whole,Germanic,45,12.2164,30
B,31,1015808,will,Germanic,67,9.4651,30
B,61,1998848,acquire,Latinate,1,33.0140,18
B,61,1998848,additional,Latinate,48,20.8847,30
B,61,1998848,allow,Latinate,14,15.0460,30
B,61,1998848,ancient,Latinate,49,14.4154,30
B,61,1998848,answer,Germanic,17,14.3865,30
B,61,1998848,ask,Germanic,15,12.1531,30
B,61,1998848,assist,Latinate,8,17.7609,30
B,61,1998848,assistance,Latinate,37,19.0033,30
B,61,1998848,attempt,Latinate,7,16.9570,30
B,61,1998848,baby,Germanic,31,12.3231,30
B,61,1998848,before,Germanic,64,11.4762,30
B,61,1998848,beverage,Latinate,32,36.0068,11
B,61,1998848,build,Germanic,9,13.7348,30
B,61,1998848,but,Germanic,60,8.1323,30
B,61,1998848,buy,Germanic,11,13.5021,30
B,61,1998848,choose,Germanic,21,14.2570,30
B,61,1998848,commence,Latinate,25,27.6087,14
B,61,1998848,comprehend,Latinate,0,47.1576,19
B,61,1998848,conceal,Latinate,19,27.6791,30
B,61,1998848,conclude,Latinate,24,33.3066,15
B,61,1998848,construct,Latinate,9,35.4189,18
B,61,1998848,currently,Latinate,66,15.8091,30
B,61,1998848,demonstrate,Latinate,10,29.5231,30
B,61,1998848,depart,Latinate,12,17.1427,30
B,61,1998848,desire,Latinate,4,17.1125,30
B,61,1998848,difficult,Latinate,43,15.4871,30
B,61,1998848,discover,Latinate,20,17.6515,30
B,61,1998848,do,Germanic,30,8.6735,30
B,61,1998848,drink,Germanic,32,14.5274,30
B,61,1998848,earlier,Germanic,50,14.7690,30
B,61,1998848,end,Germanic,24,11.9930,30
B,61,1998848,enormous,Latinate,38,18.0863,30
B,61,1998848,enough,Germanic,44,12.3266,30
B,61,1998848,entire,Latinate,45,14.4152,30
B,61,1998848,error,Latinate,34,18.0371,30
B,61,1998848,fast,Germanic,42,13.3901,30
B,61,1998848,final,Latinate,59,12.3811,30
B,61,1998848,find,Germanic,20,12.0366,30
B,61,1998848,first,Germanic,52,12.0302,30
B,61,1998848,fortunate,Latinate,54,17.0302,30
B,61,1998848,frequently,Latinate,63,19.3096,30
B,61,1998848,get,Germanic,1,9.2635,30
B,61,1998848,gigantic,Latinate,39,33.6440,30
B,61,1998848,give,Germanic,5,10.5877,30
B,61,1998848,hard,Germanic,43,11.8121,30
B,61,1998848,have,Germanic,23,7.8754,30
B,61,1998848,help,Germanic,8,10.7763,30
B,61,1998848,hide,Germanic,19,15.0690,30
B,61,1998848,home,Germanic,33,11.7096,30
B,61,1998848,however,Latinate,60,15.2788,30
B,61,1998848,huge,Germanic,38,15.2633,30
B,61,1998848,ill,Latinate,57,15.2412,30
B,61,1998848,illness,Latinate,35,16.3153,30
B,61,1998848,immense,Latinate,40,17.6751,30
B,61,1998848,infant,Latinate,31,26.2813,30
B,61,1998848,initial,Latinate,52,16.2759,30
B,61,1998848,inquire,Latinate,16,30.0497,30
B,61,1998848,keep,Germanic,28,12.0740,30
B,61,1998848,last,Germanic,59,12.4401,30
B,61,1998848,leave,Germanic,12,11.9730,30
B,61,1998848,let,Germanic,13,11.4596,30
B,61,1998848,lucky,Germanic,54,15.2900,30
B,61,1998848,maintain,Latinate,29,19.2007,30
B,61,1998848,many,Germanic,46,10.4838,30
B,61,1998848,massive,Latinate,41,16.6025,30
B,61,1998848,maybe,Germanic,62,12.8470,30
B,61,1998848,mend,Germanic,22,22.9422,30
B,61,1998848,mistake,Germanic,34,13.9096,30
B,61,1998848,more,Germanic,48,10.1101,30
B,61,1998848,multiple,Latinate,47,18.0103,30
B,61,1998848,need,Germanic,3,11.2047,30
B,61,1998848,next,Germanic,53,12.0150,30
B,61,1998848,now,Germanic,66,10.5361,30
B,61,1998848,numerous,Latinate,46,17.9302,30
B,61,1998848,observe,Latinate,26,33.5552,30
B,61,1998848,obtain,Latinate,2,18.9605,30
B,61,1998848,occasionally,Latinate,65,20.5208,30
B,61,1998848,odd,Germanic,55,18.2509,30
B,61,1998848,often,Germanic,63,12.6537,30
B,61,1998848,old,Germanic,49,10.3480,30
B,61,1998848,peculiar,Latinate,56,17.0393,30
B,61,1998848,perform,Latinate,30,17.8387,30
B,61,1998848,perhaps,Latinate,62,13.6577,30
B,61,1998848,permit,Latinate,13,20.3583,30
B,61,1998848,possess,Latinate,23,17.9054,30
B,61,1998848,previous,Latinate,50,15.9535,30
B,61,1998848,previously,Latinate,64,17.4381,30
B,61,1998848,prior,Latinate,51,18.0659,30
B,61,1998848,provide,Latinate,5,18.0085,30
B,61,1998848,purchase,Latinate,11,18.4876,30
B,61,1998848,rapid,Latinate,42,16.9302,30
B,61,1998848,receive,Latinate,6,17.1330,30
B,61,1998848,remain,Latinate,27,17.6126,30
B,61,1998848,remainder,Latinate,36,31.3477,30
B,61,1998848,repair,Latinate,22,17.4413,30
B,61,1998848,reply,Latinate,17,17.0309,30
B,61,1998848,request,Latinate,15,17.2467,30
B,61,1998848,require,Latinate,3,17.0502,30
B,61,1998848,residence,Latinate,33,18.1203,30
B,61,1998848,respond,Latinate,18,17.6213,30
B,61,1998848,rest,Germanic,36,12.5269,30
B,61,1998848,retain,Latinate,28,19.8697,30
B,61,1998848,safe,Germanic,58,12.7793,30
B,61,1998848,secure,Latinate,58,16.4113,30
B,61,1998848,see,Germanic,26,9.5605,30
B,61,1998848,select,Latinate,21,19.7987,30
B,61,1998848,shall,Latinate,67,11.5215,30
B,61,1998848,show,Germanic,10,12.0276,30
B,61,1998848,sick,Germanic,57,14.0752,30
B,61,1998848,sickness,Germanic,35,18.6629,30
B,61,1998848,so,Germanic,61,9.6709,30
B,61,1998848,sometimes,Germanic,65,12.9936,30
B,61,1998848,start,Germanic,25,13.1389,30
B,61,1998848,stay,Germanic,27,12.8226,30
B,61,1998848,strange,Latinate,55,13.9403,30
B,61,1998848,subsequent,Latinate,53,31.1002,30
B,61,1998848,sufficient,Latinate,44,17.8912,30
B,61,1998848,therefore,Latinate,61,15.7885,30
B,61,1998848,try,Germanic,7,11.9745,30
B,61,1998848,understand,Germanic,0,12.6789,30
B,61,1998848,want,Germanic,4,9.2146,30
B,61,1998848,whole,Germanic,45,11.3398,30
B,61,1998848,will,Germanic,67,8.6889,30
B,92,3014656,acquire,Latinate,1,30.8126,18
B,92,3014656,additional,Latinate,48,20.2533,30
B,92,3014656,allow,Latinate,14,14.1074,30
B,92,3014656,ancient,Latinate,49,14.3036,30
B,92,3014656,answer,Germanic,17,12.8993,30
B,92,3014656,ask,Germanic,15,11.2821,30
B,92,3014656,assist,Latinate,8,16.1565,30
B,92,3014656,assistance,Latinate,37,18.8021,30
B,92,3014656,attempt,Latinate,7,14.5000,30
B,92,3014656,baby,Germanic,31,12.9694,30
B,92,3014656,before,Germanic,64,10.7291,30
B,92,3014656,beverage,Latinate,32,39.6865,11
B,92,3014656,build,Germanic,9,13.3921,30
B,92,3014656,but,Germanic,60,8.1545,30
B,92,3014656,buy,Germanic,11,13.1480,30
B,92,3014656,choose,Germanic,21,15.0817,30
B,92,3014656,commence,Latinate,25,28.5472,14
B,92,3014656,comprehend,Latinate,0,47.9798,19
B,92,3014656,conceal,Latinate,19,26.0347,30
B,92,3014656,conclude,Latinate,24,32.4627,15
B,92,3014656,construct,Latinate,9,30.9542,18
B,92,3014656,currently,Latinate,66,13.4024,30
B,92,3014656,demonstrate,Latinate,10,28.5927,30
B,92,3014656,depart,Latinate,12,16.2912,30
B,92,3014656,desire,Latinate,4,15.5669,30
B,92,3014656,difficult,Latinate,43,14.2731,30
B,92,3014656,discover,Latinate,20,16.1965,30
B,92,3014656,do,Germanic,30,8.0563,30
B,92,3014656,drink,Germanic,32,14.0698,30
B,92,3014656,earlier,Germanic,50,15.5405,30
B,92,3014656,end,Germanic,24,11.5888,30
B,92,3014656,enormous,Latinate,38,15.5640,30
B,92,3014656,enough,Germanic,44,11.2500,30
B,92,3014656,entire,Latinate,45,14.3216,30
B,92,3014656,error,Latinate,34,18.0498,30
B,92,3014656,fast,Germanic,42,12.1417,30
B,92,3014656,final,Latinate,59,11.4751,30
B,92,3014656,find,Germanic,20,10.8707,30
B,92,3014656,first,Germanic,52,10.0479,30
B,92,3014656,fortunate,Latinate,54,16.3747,30
B,92,3014656,frequently,Latinate,63,17.7425,30
B,92,3014656,get,Germanic,1,8.4961,30
B,92,3014656,gigantic,Latinate,39,32.2677,30
B,92,3014656,give,Germanic,5,9.8741,30
B,92,3014656,hard,Germanic,43,12.0168,30
B,92,3014656,have,Germanic,23,7.5880,30
B,92,3014656,help,Germanic,8,10.4334,30
B,92,3014656,hide,Germanic,19,14.1268,30
B,92,3014656,home,Germanic,33,12.4489,30
B,92,3014656,however,Latinate,60,13.4437,30
B,92,3014656,huge,Germanic,38,15.2360,30
B,92,3014656,ill,Latinate,57,14.1118,30
B,92,3014656,illness,Latinate,35,14.6309,30
B,92,3014656,immense,Latinate,40,17.4729,30
B,92,3014656,infant,Latinate,31,24.3429,30
B,92,3014656,initial,Latinate,52,16.3320,30
B,92,3014656,inquire,Latinate,16,25.9251,30
B,92,3014656,keep,Germanic,28,11.4016,30
B,92,3014656,last,Germanic,59,12.0327,30
B,92,3014656,leave,Germanic,12,12.3421,30
B,92,3014656,let,Germanic,13,12.4052,30
B,92,3014656,lucky,Germanic,54,14.5679,30
B,92,3014656,maintain,Latinate,29,19.2185,30
B,92,3014656,many,Germanic,46,9.7414,30
B,92,3014656,massive,Latinate,41,16.7119,30
B,92,3014656,maybe,Germanic,62,13.7583,30
B,92,3014656,mend,Germanic,22,23.7512,30
B,92,3014656,mistake,Germanic,34,13.6611,30
B,92,3014656,more,Germanic,48,10.0822,30
B,92,3014656,multiple,Latinate,47,16.7911,30
B,92,3014656,need,Germanic,3,11.7858,30
B,92,3014656,next,Germanic,53,11.3231,30
B,92,3014656,now,Germanic,66,10.2415,30
B,92,3014656,numerous,Latinate,46,17.4330,30
B,92,3014656,observe,Latinate,26,30.1118,30
B,92,3014656,obtain,Latinate,2,19.3394,30
B,92,3014656,occasionally,Latinate,65,19.2533,30
B,92,3014656,odd,Germanic,55,16.0968,30
B,92,3014656,often,Germanic,63,12.2769,30
B,92,3014656,old,Germanic,49,10.8131,30
B,92,3014656,peculiar,Latinate,56,18.9459,30
B,92,3014656,perform,Latinate,30,14.7951,30
B,92,3014656,perhaps,Latinate,62,13.4371,30
B,92,3014656,permit,Latinate,13,18.6216,30
B,92,3014656,possess,Latinate,23,16.6778,30
B,92,3014656,previous,Latinate,50,15.3139,30
B,92,3014656,previously,Latinate,64,16.8401,30
B,92,3014656,prior,Latinate,51,16.6405,30
B,92,3014656,provide,Latinate,5,15.3790,30
B,92,3014656,purchase,Latinate,11,19.1143,30
B,92,3014656,rapid,Latinate,42,16.8426,30
B,92,3014656,receive,Latinate,6,14.7527,30
B,92,3014656,remain,Latinate,27,15.7833,30
B,92,3014656,remainder,Latinate,36,31.5728,30
B,92,3014656,repair,Latinate,22,17.1386,30
B,92,3014656,reply,Latinate,17,15.2698,30
B,92,3014656,request,Latinate,15,15.7803,30
B,92,3014656,require,Latinate,3,17.3073,30
B,92,3014656,residence,Latinate,33,16.9907,30
B,92,3014656,respond,Latinate,18,17.7122,30
B,92,3014656,rest,Germanic,36,11.4646,30
B,92,3014656,retain,Latinate,28,18.3325,30
B,92,3014656,safe,Germanic,58,13.4636,30
B,92,3014656,secure,Latinate,58,15.5238,30
B,92,3014656,see,Germanic,26,8.4994,30
B,92,3014656,select,Latinate,21,20.5467,30
B,92,3014656,shall,Latinate,67,10.5677,30
B,92,3014656,show,Germanic,10,12.1984,30
B,92,3014656,sick,Germanic,57,12.7578,30
B,92,3014656,sickness,Germanic,35,17.2810,30
B,92,3014656,so,Germanic,61,10.6268,30
B,92,3014656,sometimes,Germanic,65,13.5540,30
B,92,3014656,start,Germanic,25,12.2765,30
B,92,3014656,stay,Germanic,27,12.0263,30
B,92,3014656,strange,Latinate,55,13.6867,30
B,92,3014656,subsequent,Latinate,53,27.3247,30
B,92,3014656,sufficient,Latinate,44,17.2559,30
B,92,3014656,therefore,Latinate,61,14.5479,30
B,92,3014656,try,Germanic,7,11.4185,30
B,92,3014656,understand,Germanic,0,12.2799,30
B,92,3014656,want,Germanic,4,8.1535,30
B,92,3014656,whole,Germanic,45,11.6100,30
B,92,3014656,will,Germanic,67,9.9172,30
B,122,3997696,acquire,Latinate,1,28.7790,18
B,122,3997696,additional,Latinate,48,18.8565,30
B,122,3997696,allow,Latinate,14,14.8962,30
B,122,3997696,ancient,Latinate,49,13.1495,30
B,122,3997696,answer,Germanic,17,13.0019,30
B,122,3997696,ask,Germanic,15,11.5368,30
B,122,3997696,assist,Latinate,8,16.7543,30
B,122,3997696,assistance,Latinate,37,17.7328,30
B,122,3997696,attempt,Latinate,7,15.6561,30
B,122,3997696,baby,Germanic,31,12.3142,30
B,122,3997696,before,Germanic,64,10.5448,30
B,122,3997696,beverage,Latinate,32,39.9846,11
B,122,3997696,build,Germanic,9,12.2009,30
B,122,3997696,but,Germanic,60,7.0930,30
B,122,3997696,buy,Germanic,11,11.6409,30
B,122,3997696,choose,Germanic,21,13.9779,30
B,122,3997696,commence,Latinate,25,27.6093,14
B,122,3997696,comprehend,Latinate,0,51.6971,19
B,122,3997696,conceal,Latinate,19,24.5320,30
B,122,3997696,conclude,Latinate,24,29.7356,15
B,122,3997696,construct,Latinate,9,29.5424,18
B,122,3997696,currently,Latinate,66,14.5532,30
B,122,3997696,demonstrate,Latinate,10,25.9518,30
B,122,3997696,depart,Latinate,12,17.3016,30
B,122,3997696,desire,Latinate,4,14.8256,30
B,122,3997696,difficult,Latinate,43,13.8867,30
B,122,3997696,discover,Latinate,20,15.7649,30
B,122,3997696,do,Germanic,30,7.9955,30
B,122,3997696,drink,Germanic,32,14.7850,30
B,122,3997696,earlier,Germanic,50,15.7158,30
B,122,3997696,end,Germanic,24,10.7526,30
B,122,3997696,enormous,Latinate,38,14.9791,30
B,122,3997696,enough,Germanic,44,11.7075,30
B,122,3997696,entire,Latinate,45,13.6667,30
B,122,3997696,error,Latinate,34,16.8738,30
B,122,3997696,fast,Germanic,42,12.4865,30
B,122,3997696,final,Latinate,59,11.9230,30
B,122,3997696,find,Germanic,20,9.9932,30
B,122,3997696,first,Germanic,52,10.3120,30
B,122,3997696,fortunate,Latinate,54,15.9064,30
B,122,3997696,frequently,Latinate,63,17.8185,30
B,122,3997696,get,Germanic,1,7.9556,30
B,122,3997696,gigantic,Latinate,39,33.7977,30
B,122,3997696,give,Germanic,5,9.4224,30
B,122,3997696,hard,Germanic,43,11.1680,30
B,122,3997696,have,Germanic,23,7.2110,30
B,122,3997696,help,Germanic,8,10.2382,30
B,122,3997696,hide,Germanic,19,14.9512,30
B,122,3997696,home,Germanic,33,11.5812,30
B,122,3997696,however,Latinate,60,11.8033,30
B,122,3997696,huge,Germanic,38,14.6384,30
B,122,3997696,ill,Latinate,57,13.5383,30
B,122,3997696,illness,Latinate,35,15.4882,30
B,122,3997696,immense,Latinate,40,17.2979,30
B,122,3997696,infant,Latinate,31,22.4208,30
B,122,3997696,initial,Latinate,52,15.2854,30
B,122,3997696,inquire,Latinate,16,27.7591,30
B,122,3997696,keep,Germanic,28,11.2147,30
B,122,3997696,last,Germanic,59,11.1864,30
B,122,3997696,leave,Germanic,12,11.2937,30
B,122,3997696,let,Germanic,13,11.9395,30
B,122,3997696,lucky,Germanic,54,15.3743,30
B,122,3997696,maintain,Latinate,29,19.0521,30
B,122,3997696,many,Germanic,46,8.8152,30
B,122,3997696,massive,Latinate,41,16.4262,30
B,122,3997696,maybe,Germanic,62,12.9788,30
B,122,3997696,mend,Germanic,22,26.9390,30
B,122,3997696,mistake,Germanic,34,13.8965,30
B,122,3997696,more,Germanic,48,9.4583,30
B,122,3997696,multiple,Latinate,47,16.8544,30
B,122,3997696,need,Germanic,3,12.5852,30
B,122,3997696,next,Germanic,53,11.4200,30
B,122,3997696,now,Germanic,66,9.9989,30
B,122,3997696,numerous,Latinate,46,16.6209,30
B,122,3997696,observe,Latinate,26,29.1828,30
B,122,3997696,obtain,Latinate,2,18.8689,30
B,122,3997696,occasionally,Latinate,65,17.8900,30
B,122,3997696,odd,Germanic,55,16.4555,30
B,122,3997696,often,Germanic,63,12.0894,30
B,122,3997696,old,Germanic,49,9.8115,30
B,122,3997696,peculiar,Latinate,56,17.9385,30
B,122,3997696,perform,Latinate,30,16.7750,30
B,122,3997696,perhaps,Latinate,62,14.1869,30
B,122,3997696,permit,Latinate,13,18.2486,30
B,122,3997696,possess,Latinate,23,18.0039,30
B,122,3997696,previous,Latinate,50,12.8296,30
B,122,3997696,previously,Latinate,64,17.1281,30
B,122,3997696,prior,Latinate,51,16.2975,30
B,122,3997696,provide,Latinate,5,15.5434,30
B,122,3997696,purchase,Latinate,11,17.7051,30
B,122,3997696,rapid,Latinate,42,16.5994,30
B,122,3997696,receive,Latinate,6,14.2767,30
B,122,3997696,remain,Latinate,27,15.2209,30
B,122,3997696,remainder,Latinate,36,29.6067,30
B,122,3997696,repair,Latinate,22,17.4398,30
B,122,3997696,reply,Latinate,17,17.7791,30
B,122,3997696,request,Latinate,15,16.0440,30
B,122,3997696,require,Latinate,3,16.4060,30
B,122,3997696,residence,Latinate,33,17.0933,30
B,122,3997696,respond,Latinate,18,16.1649,30
B,122,3997696,rest,Germanic,36,9.8974,30
B,122,3997696,retain,Latinate,28,18.6802,30
B,122,3997696,safe,Germanic,58,13.0798,30
B,122,3997696,secure,Latinate,58,15.6351,30
B,122,3997696,see,Germanic,26,8.2427,30
B,122,3997696,select,Latinate,21,18.2373,30
B,122,3997696,shall,Latinate,67,11.5564,30
B,122,3997696,show,Germanic,10,11.2627,30
B,122,3997696,sick,Germanic,57,12.7932,30
B,122,3997696,sickness,Germanic,35,17.1831,30
B,122,3997696,so,Germanic,61,9.9064,30
B,122,3997696,sometimes,Germanic,65,13.3538,30
B,122,3997696,start,Germanic,25,12.0326,30
B,122,3997696,stay,Germanic,27,11.5613,30
B,122,3997696,strange,Latinate,55,13.6195,30
B,122,3997696,subsequent,Latinate,53,27.9722,30
B,122,3997696,sufficient,Latinate,44,17.4338,30
B,122,3997696,therefore,Latinate,61,14.5328,30
B,122,3997696,try,Germanic,7,11.1990,30
B,122,3997696,understand,Germanic,0,11.7449,30
B,122,3997696,want,Germanic,4,8.8014,30
B,122,3997696,whole,Germanic,45,11.1650,30
B,122,3997696,will,Germanic,67,9.7164,30
B,153,5013504,acquire,Latinate,1,27.2778,18
B,153,5013504,additional,Latinate,48,16.9296,30
B,153,5013504,allow,Latinate,14,13.8901,30
B,153,5013504,ancient,Latinate,49,13.9521,30
B,153,5013504,answer,Germanic,17,12.8476,30
B,153,5013504,ask,Germanic,15,10.4590,30
B,153,5013504,assist,Latinate,8,17.6751,30
B,153,5013504,assistance,Latinate,37,16.2587,30
B,153,5013504,attempt,Latinate,7,15.7398,30
B,153,5013504,baby,Germanic,31,11.8732,30
B,153,5013504,before,Germanic,64,10.9015,30
B,153,5013504,beverage,Latinate,32,42.4199,11
B,153,5013504,build,Germanic,9,12.4673,30
B,153,5013504,but,Germanic,60,7.1810,30
B,153,5013504,buy,Germanic,11,12.2532,30
B,153,5013504,choose,Germanic,21,14.0333,30
B,153,5013504,commence,Latinate,25,25.7919,14
B,153,5013504,comprehend,Latinate,0,51.6492,19
B,153,5013504,conceal,Latinate,19,24.1105,30
B,153,5013504,conclude,Latinate,24,30.7123,15
B,153,5013504,construct,Latinate,9,30.2083,18
B,153,5013504,currently,Latinate,66,15.1326,30
B,153,5013504,demonstrate,Latinate,10,25.4987,30
B,153,5013504,depart,Latinate,12,17.5863,30
B,153,5013504,desire,Latinate,4,15.4701,30
B,153,5013504,difficult,Latinate,43,14.7816,30
B,153,5013504,discover,Latinate,20,16.9734,30
B,153,5013504,do,Germanic,30,7.1797,30
B,153,5013504,drink,Germanic,32,13.9777,30
B,153,5013504,earlier,Germanic,50,15.8984,30
B,153,5013504,end,Germanic,24,10.4762,30
B,153,5013504,enormous,Latinate,38,15.7338,30
B,153,5013504,enough,Germanic,44,10.9623,30
B,153,5013504,entire,Latinate,45,13.2977,30
B,153,5013504,error,Latinate,34,17.5208,30
B,153,5013504,fast,Germanic,42,12.6113,30
B,153,5013504,final,Latinate,59,10.7887,30
B,153,5013504,find,Germanic,20,9.8548,30
B,153,5013504,first,Germanic,52,10.4185,30
B,153,5013504,fortunate,Latinate,54,16.1955,30
B,153,5013504,frequently,Latinate,63,17.4723,30
B,153,5013504,get,Germanic,1,7.0525,30
B,153,5013504,gigantic,Latinate,39,33.2493,30
B,153,5013504,give,Germanic,5,9.0279,30
B,153,5013504,hard,Germanic,43,10.6880,30
B,153,5013504,have,Germanic,23,6.6729,30
B,153,5013504,help,Germanic,8,8.8709,30
B,153,5013504,hide,Germanic,19,14.0270,30
B,153,5013504,home,Germanic,33,11.6472,30
B,153,5013504,however,Latinate,60,12.1213,30
B,153,5013504,huge,Germanic,38,14.5703,30
B,153,5013504,ill,Latinate,57,13.1548,30
B,153,5013504,illness,Latinate,35,14.8248,30
B,153,5013504,immense,Latinate,40,17.0418,30
B,153,5013504,infant,Latinate,31,23.3797,30
B,153,5013504,initial,Latinate,52,15.4032,30
B,153,5013504,inquire,Latinate,16,25.3663,30
B,153,5013504,keep,Germanic,28,9.7615,30
B,153,5013504,last,Germanic,59,10.7671,30
B,153,5013504,leave,Germanic,12,10.8219,30
B,153,5013504,let,Germanic,13,11.2738,30
B,153,5013504,lucky,Germanic,54,13.9864,30
B,153,5013504,maintain,Latinate,29,18.3102,30
B,153,5013504,many,Germanic,46,9.2880,30
B,153,5013504,massive,Latinate,41,14.7440,30
B,153,5013504,maybe,Germanic,62,12.5562,30
B,153,5013504,mend,Germanic,22,25.9068,30
B,153,5013504,mistake,Germanic,34,12.5255,30
B,153,5013504,more,Germanic,48,9.1841,30
B,153,5013504,multiple,Latinate,47,16.2506,30
B,153,5013504,need,Germanic,3,11.0689,30
B,153,5013504,next,Germanic,53,10.5136,30
B,153,5013504,now,Germanic,66,9.3776,30
B,153,5013504,numerous,Latinate,46,17.3399,30
B,153,5013504,observe,Latinate,26,30.8929,30
B,153,5013504,obtain,Latinate,2,17.0545,30
B,153,5013504,occasionally,Latinate,65,16.9596,30
B,153,5013504,odd,Germanic,55,16.1895,30
B,153,5013504,often,Germanic,63,12.1361,30
B,153,5013504,old,Germanic,49,9.3639,30
B,153,5013504,peculiar,Latinate,56,17.4067,30
B,153,5013504,perform,Latinate,30,15.8973,30
B,153,5013504,perhaps,Latinate,62,12.6804,30
B,153,5013504,permit,Latinate,13,18.1074,30
B,153,5013504,possess,Latinate,23,16.8788,30
B,153,5013504,previous,Latinate,50,14.5085,30
B,153,5013504,previously,Latinate,64,17.1556,30
B,153,5013504,prior,Latinate,51,15.9983,30
B,153,5013504,provide,Latinate,5,16.0445,30
B,153,5013504,purchase,Latinate,11,18.5577,30
B,153,5013504,rapid,Latinate,42,16.6904,30
B,153,5013504,receive,Latinate,6,14.3549,30
B,153,5013504,remain,Latinate,27,15.2151,30
B,153,5013504,remainder,Latinate,36,29.6803,30
B,153,5013504,repair,Latinate,22,17.7917,30
B,153,5013504,reply,Latinate,17,16.5215,30
B,153,5013504,request,Latinate,15,16.0432,30
B,153,5013504,require,Latinate,3,16.5462,30
B,153,5013504,residence,Latinate,33,17.3334,30
B,153,5013504,respond,Latinate,18,15.3666,30
B,153,5013504,rest,Germanic,36,9.9662,30
B,153,5013504,retain,Latinate,28,19.1336,30
B,153,5013504,safe,Germanic,58,12.0531,30
B,153,5013504,secure,Latinate,58,15.2998,30
B,153,5013504,see,Germanic,26,7.6223,30
B,153,5013504,select,Latinate,21,17.2137,30
B,153,5013504,shall,Latinate,67,10.0916,30
B,153,5013504,show,Germanic,10,10.5760,30
B,153,5013504,sick,Germanic,57,11.4497,30
B,153,5013504,sickness,Germanic,35,16.6327,30
B,153,5013504,so,Germanic,61,9.5698,30
B,153,5013504,sometimes,Germanic,65,13.3029,30
B,153,5013504,start,Germanic,25,11.4958,30
B,153,5013504,stay,Germanic,27,10.0027,30
B,153,5013504,strange,Latinate,55,13.1375,30
B,153,5013504,subsequent,Latinate,53,29.1862,30
B,153,5013504,sufficient,Latinate,44,17.3947,30
B,153,5013504,therefore,Latinate,61,14.0683,30
B,153,5013504,try,Germanic,7,9.9628,30
B,153,5013504,understand,Germanic,0,10.6140,30
B,153,5013504,want,Germanic,4,8.3174,30
B,153,5013504,whole,Germanic,45,9.7666,30
B,153,5013504,will,Germanic,67,9.3597,30
B,183,5996544,acquire,Latinate,1,28.2410,18
B,183,5996544,additional,Latinate,48,16.5582,30
B,183,5996544,allow,Latinate,14,13.5483,30
B,183,5996544,ancient,Latinate,49,15.0729,30
B,183,5996544,answer,Germanic,17,12.9353,30
B,183,5996544,ask,Germanic,15,10.1429,30
B,183,5996544,assist,Latinate,8,17.2983,30
B,183,5996544,assistance,Latinate,37,17.2225,30
B,183,5996544,attempt,Latinate,7,14.5889,30
B,183,5996544,baby,Germanic,31,10.9368,30
B,183,5996544,before,Germanic,64,11.0506,30
B,183,5996544,beverage,Latinate,32,39.3313,11
B,183,5996544,build,Germanic,9,11.3876,30
B,183,5996544,but,Germanic,60,7.0998,30
B,183,5996544,buy,Germanic,11,11.4897,30
B,183,5996544,choose,Germanic,21,13.8851,30
B,183,5996544,commence,Latinate,25,26.7225,14
B,183,5996544,comprehend,Latinate,0,46.1089,19
B,183,5996544,conceal,Latinate,19,24.7314,30
B,183,5996544,conclude,Latinate,24,30.2717,15
B,183,5996544,construct,Latinate,9,31.3461,18
B,183,5996544,currently,Latinate,66,13.3689,30
B,183,5996544,demonstrate,Latinate,10,26.1586,30
B,183,5996544,depart,Latinate,12,17.7918,30
B,183,5996544,desire,Latinate,4,16.1088,30
B,183,5996544,difficult,Latinate,43,13.7946,30
B,183,5996544,discover,Latinate,20,15.4565,30
B,183,5996544,do,Germanic,30,6.6570,30
B,183,5996544,drink,Germanic,32,12.7389,30
B,183,5996544,earlier,Germanic,50,15.8812,30
B,183,5996544,end,Germanic,24,9.3845,30
B,183,5996544,enormous,Latinate,38,15.6720,30
B,183,5996544,enough,Germanic,44,10.5551,30
B,183,5996544,entire,Latinate,45,13.7494,30
B,183,5996544,error,Latinate,34,16.5205,30
B,183,5996544,fast,Germanic,42,13.0513,30
B,183,5996544,final,Latinate,59,11.0768,30
B,183,5996544,find,Germanic,20,10.1327,30
B,183,5996544,first,Germanic,52,9.9873,30
B,183,5996544,fortunate,Latinate,54,16.8947,30
B,183,5996544,frequently,Latinate,63,17.7924,30
B,183,5996544,get,Germanic,1,6.6829,30
B,183,5996544,gigantic,Latinate,39,32.6296,30
B,183,5996544,give,Germanic,5,8.8267,30
B,183,5996544,hard,Germanic,43,11.0658,30
B,183,5996544,have,Germanic,23,6.4959,30
B,183,5996544,help,Germanic,8,9.2028,30
B,183,5996544,hide,Germanic,19,14.9304,30
B,183,5996544,home,Germanic,33,11.6323,30
B,183,5996544,however,Latinate,60,12.5761,30
B,183,5996544,huge,Germanic,38,14.4557,30
B,183,5996544,ill,Latinate,57,14.4533,30
B,183,5996544,illness,Latinate,35,14.2973,30
B,183,5996544,immense,Latinate,40,17.8755,30
B,183,5996544,infant,Latinate,31,21.8170,30
B,183,5996544,initial,Latinate,52,15.7805,30
B,183,5996544,inquire,Latinate,16,25.3705,30
B,183,5996544,keep,Germanic,28,9.7041,30
B,183,5996544,last,Germanic,59,10.5791,30
B,183,5996544,leave,Germanic,12,11.0384,30
B,183,5996544,let,Germanic,13,11.2449,30
B,183,5996544,lucky,Germanic,54,13.8465,30
B,183,5996544,maintain,Latinate,29,18.0575,30
B,183,5996544,many,Germanic,46,9.4309,30
B,183,5996544,massive,Latinate,41,16.4325,30
B,183,5996544,maybe,Germanic,62,12.6429,30
B,183,5996544,mend,Germanic,22,24.3802,30
B,183,5996544,mistake,Germanic,34,13.1286,30
B,183,5996544,more,Germanic,48,9.3828,30
B,183,5996544,multiple,Latinate,47,16.3843,30
B,183,5996544,need,Germanic,3,10.6218,30
B,183,5996544,next,Germanic,53,9.7569,30
B,183,5996544,now,Germanic,66,9.7358,30
B,183,5996544,numerous,Latinate,46,17.1202,30
B,183,5996544,observe,Latinate,26,31.2164,30
B,183,5996544,obtain,Latinate,2,16.7576,30
B,183,5996544,occasionally,Latinate,65,17.9060,30
B,183,5996544,odd,Germanic,55,15.0043,30
B,183,5996544,often,Germanic,63,12.3821,30
B,183,5996544,old,Germanic,49,9.7013,30
B,183,5996544,peculiar,Latinate,56,17.1596,30
B,183,5996544,perform,Latinate,30,15.1838,30
B,183,5996544,perhaps,Latinate,62,13.4253,30
B,183,5996544,permit,Latinate,13,17.8893,30
B,183,5996544,possess,Latinate,23,16.4825,30
B,183,5996544,previous,Latinate,50,13.5334,30
B,183,5996544,previously,Latinate,64,17.2485,30
B,183,5996544,prior,Latinate,51,16.8861,30
B,183,5996544,provide,Latinate,5,13.6718,30
B,183,5996544,purchase,Latinate,11,18.7120,30
B,183,5996544,rapid,Latinate,42,15.8910,30
B,183,5996544,receive,Latinate,6,15.4540,30
B,183,5996544,remain,Latinate,27,15.1269,30
B,183,5996544,remainder,Latinate,36,30.4685,30
B,183,5996544,repair,Latinate,22,15.6707,30
B,183,5996544,reply,Latinate,17,15.9832,30
B,183,5996544,request,Latinate,15,15.7420,30
B,183,5996544,require,Latinate,3,16.8299,30
B,183,5996544,residence,Latinate,33,16.2249,30
B,183,5996544,respond,Latinate,18,14.5034,30
B,183,5996544,rest,Germanic,36,8.9975,30
B,183,5996544,retain,Latinate,28,18.7903,30
B,183,5996544,safe,Germanic,58,12.8121,30
B,183,5996544,secure,Latinate,58,15.3078,30
B,183,5996544,see,Germanic,26,7.6763,30
B,183,5996544,select,Latinate,21,17.2671,30
B,183,5996544,shall,Latinate,67,11.7194,30
B,183,5996544,show,Germanic,10,10.5260,30
B,183,5996544,sick,Germanic,57,11.7450,30
B,183,5996544,sickness,Germanic,35,17.1728,30
B,183,5996544,so,Germanic,61,9.2621,30
B,183,5996544,sometimes,Germanic,65,12.9034,30
B,183,5996544,start,Germanic,25,11.3675,30
B,183,5996544,stay,Germanic,27,10.0374,30
B,183,5996544,strange,Latinate,55,13.8856,30
B,183,5996544,subsequent,Latinate,53,29.1606,30
B,183,5996544,sufficient,Latinate,44,17.4536,30
B,183,5996544,therefore,Latinate,61,13.4046,30
B,183,5996544,try,Germanic,7,10.1122,30
B,183,5996544,understand,Germanic,0,10.7591,30
B,183,5996544,want,Germanic,4,7.3836,30
B,183,5996544,whole,Germanic,45,10.5072,30
B,183,5996544,will,Germanic,67,9.2468,30
B,214,7012352,acquire,Latinate,1,27.8199,18
B,214,7012352,additional,Latinate,48,17.7178,30
B,214,7012352,allow,Latinate,14,13.4822,30
B,214,7012352,ancient,Latinate,49,15.4030,30
B,214,7012352,answer,Germanic,17,12.3163,30
B,214,7012352,ask,Germanic,15,9.3205,30
B,214,7012352,assist,Latinate,8,16.2478,30
B,214,7012352,assistance,Latinate,37,17.0545,30
B,214,7012352,attempt,Latinate,7,15.5057,30
B,214,7012352,baby,Germanic,31,11.5291,30
B,214,7012352,before,Germanic,64,10.2648,30
B,214,7012352,beverage,Latinate,32,40.8249,11
B,214,7012352,build,Germanic,9,11.3071,30
B,214,7012352,but,Germanic,60,6.5257,30
B,214,7012352,buy,Germanic,11,11.5640,30
B,214,7012352,choose,Germanic,21,14.2813,30
B,214,7012352,commence,Latinate,25,24.1394,14
B,214,7012352,comprehend,Latinate,0,42.6964,19
B,214,7012352,conceal,Latinate,19,24.7016,30
B,214,7012352,conclude,Latinate,24,30.9564,15
B,214,7012352,construct,Latinate,9,29.0862,18
B,214,7012352,currently,Latinate,66,14.0888,30
B,214,7012352,demonstrate,Latinate,10,22.9120,30
B,214,7012352,depart,Latinate,12,15.7315,30
B,214,7012352,desire,Latinate,4,15.0277,30
B,214,7012352,difficult,Latinate,43,13.7640,30
B,214,7012352,discover,Latinate,20,15.8786,30
B,214,7012352,do,Germanic,30,6.3371,30
B,214,7012352,drink,Germanic,32,13.4793,30
B,214,7012352,earlier,Germanic,50,15.3339,30
B,214,7012352,end,Germanic,24,10.0016,30
B,214,7012352,enormous,Latinate,38,15.7308,30
B,214,7012352,enough,Germanic,44,10.6911,30
B,214,7012352,entire,Latinate,45,13.9990,30
B,214,7012352,error,Latinate,34,17.1335,30
B,214,7012352,fast,Germanic,42,12.5179,30
B,214,7012352,final,Latinate,59,11.1563,30
B,214,7012352,find,Germanic,20,9.6694,30
B,214,7012352,first,Germanic,52,10.7540,30
B,214,7012352,fortunate,Latinate,54,16.4811,30
B,214,7012352,frequently,Latinate,63,18.5471,30
B,214,7012352,get,Germanic,1,6.9643,30
B,214,7012352,gigantic,Latinate,39,31.3275,30
B,214,7012352,give,Germanic,5,8.4286,30
B,214,7012352,hard,Germanic,43,10.5887,30
B,214,7012352,have,Germanic,23,6.0312,30
B,214,7012352,help,Germanic,8,8.2802,30
B,214,7012352,hide,Germanic,19,13.5542,30
B,214,7012352,home,Germanic,33,11.5847,30
B,214,7012352,however,Latinate,60,11.8318,30
B,214,7012352,huge,Germanic,38,14.6474,30
B,214,7012352,ill,Latinate,57,14.2510,30
B,214,7012352,illness,Latinate,35,14.7325,30
B,214,7012352,immense,Latinate,40,16.8464,30
B,214,7012352,infant,Latinate,31,22.5359,30
B,214,7012352,initial,Latinate,52,15.8259,30
B,214,7012352,inquire,Latinate,16,23.2333,30
B,214,7012352,keep,Germanic,28,9.2538,30
B,214,7012352,last,Germanic,59,10.6068,30
B,214,7012352,leave,Germanic,12,10.6885,30
B,214,7012352,let,Germanic,13,10.6363,30
B,214,7012352,lucky,Germanic,54,13.5418,30
B,214,7012352,maintain,Latinate,29,17.8467,30
B,214,7012352,many,Germanic,46,9.2018,30
B,214,7012352,massive,Latinate,41,17.5213,30
B,214,7012352,maybe,Germanic,62,12.3825,30
B,214,7012352,mend,Germanic,22,25.3003,30
B,214,7012352,mistake,Germanic,34,13.2476,30
B,214,7012352,more,Germanic,48,9.8497,30
B,214,7012352,multiple,Latinate,47,17.0535,30
B,214,7012352,need,Germanic,3,9.9735,30
B,214,7012352,next,Germanic,53,10.2491,30
B,214,7012352,now,Germanic,66,9.2724,30
B,214,7012352,numerous,Latinate,46,18.0673,30
B,214,7012352,observe,Latinate,26,29.9894,30
B,214,7012352,obtain,Latinate,2,15.3894,30
B,214,7012352,occasionally,Latinate,65,17.6557,30
B,214,7012352,odd,Germanic,55,15.7714,30
B,214,7012352,often,Germanic,63,12.3584,30
B,214,7012352,old,Germanic,49,9.0099,30
B,214,7012352,peculiar,Latinate,56,16.8279,30
B,214,7012352,perform,Latinate,30,14.0865,30
B,214,7012352,perhaps,Latinate,62,11.9766,30
B,214,7012352,permit,Latinate,13,17.6159,30
B,214,7012352,possess,Latinate,23,17.8441,30
B,214,7012352,previous,Latinate,50,13.8935,30
B,214,7012352,previously,Latinate,64,16.0432,30
B,214,7012352,prior,Latinate,51,17.2324,30
B,214,7012352,provide,Latinate,5,13.5852,30
B,214,7012352,purchase,Latinate,11,17.9620,30
B,214,7012352,rapid,Latinate,42,16.4581,30
B,214,7012352,receive,Latinate,6,14.3566,30
B,214,7012352,remain,Latinate,27,15.4239,30
B,214,7012352,remainder,Latinate,36,31.1583,30
B,214,7012352,repair,Latinate,22,16.7479,30
B,214,7012352,reply,Latinate,17,16.8639,30
B,214,7012352,request,Latinate,15,14.4342,30
B,214,7012352,require,Latinate,3,16.8256,30
B,214,7012352,residence,Latinate,33,17.2824,30
B,214,7012352,respond,Latinate,18,15.9595,30
B,214,7012352,rest,Germanic,36,9.2917,30
B,214,7012352,retain,Latinate,28,17.9541,30
B,214,7012352,safe,Germanic,58,12.2630,30
B,214,7012352,secure,Latinate,58,13.8898,30
B,214,7012352,see,Germanic,26,7.1720,30
B,214,7012352,select,Latinate,21,17.4753,30
B,214,7012352,shall,Latinate,67,10.4751,30
B,214,7012352,show,Germanic,10,9.7716,30
B,214,7012352,sick,Germanic,57,11.1977,30
B,214,7012352,sickness,Germanic,35,16.2082,30
B,214,7012352,so,Germanic,61,8.1921,30
B,214,7012352,sometimes,Germanic,65,12.9166,30
B,214,7012352,start,Germanic,25,11.7176,30
B,214,7012352,stay,Germanic,27,10.2049,30
B,214,7012352,strange,Latinate,55,13.4260,30
B,214,7012352,subsequent,Latinate,53,29.7910,30
B,214,7012352,sufficient,Latinate,44,17.6043,30
B,214,7012352,therefore,Latinate,61,13.2556,30
B,214,7012352,try,Germanic,7,10.0759,30
B,214,7012352,understand,Germanic,0,10.1193,30
B,214,7012352,want,Germanic,4,6.7654,30
B,214,7012352,whole,Germanic,45,10.8743,30
B,214,7012352,will,Germanic,67,8.3913,30
B,244,7995392,acquire,Latinate,1,28.8177,18
B,244,7995392,additional,Latinate,48,18.0004,30
B,244,7995392,allow,Latinate,14,12.7789,30
B,244,7995392,ancient,Latinate,49,15.2111,30
B,244,7995392,answer,Germanic,17,12.2304,30
B,244,7995392,ask,Germanic,15,8.9385,30
B,244,7995392,assist,Latinate,8,15.1855,30
B,244,7995392,assistance,Latinate,37,17.6687,30
B,244,7995392,attempt,Latinate,7,14.8716,30
B,244,7995392,baby,Germanic,31,10.9804,30
B,244,7995392,before,Germanic,64,10.4239,30
B,244,7995392,beverage,Latinate,32,40.6689,11
B,244,7995392,build,Germanic,9,11.3496,30
B,244,7995392,but,Germanic,60,6.4973,30
B,244,7995392,buy,Germanic,11,11.0909,30
B,244,7995392,choose,Germanic,21,15.2094,30
B,244,7995392,commence,Latinate,25,25.0181,14
B,244,7995392,comprehend,Latinate,0,41.2798,19
B,244,7995392,conceal,Latinate,19,23.8232,30
B,244,7995392,conclude,Latinate,24,32.8346,15
B,244,7995392,construct,Latinate,9,29.6916,18
B,244,7995392,currently,Latinate,66,14.7622,30
B,244,7995392,demonstrate,Latinate,10,23.7486,30
B,244,7995392,depart,Latinate,12,16.3897,30
B,244,7995392,desire,Latinate,4,13.6432,30
B,244,7995392,difficult,Latinate,43,12.5765,30
B,244,7995392,discover,Latinate,20,15.0265,30
B,244,7995392,do,Germanic,30,6.3287,30
B,244,7995392,drink,Germanic,32,12.8051,30
B,244,7995392,earlier,Germanic,50,15.6532,30
B,244,7995392,end,Germanic,24,9.7485,30
B,244,7995392,enormous,Latinate,38,15.6345,30
B,244,7995392,enough,Germanic,44,10.9908,30
B,244,7995392,entire,Latinate,45,13.2261,30
B,244,7995392,error,Latinate,34,16.4980,30
B,244,7995392,fast,Germanic,42,12.1529,30
B,244,7995392,final,Latinate,59,11.4070,30
B,244,7995392,find,Germanic,20,9.6719,30
B,244,7995392,first,Germanic,52,10.4095,30
B,244,7995392,fortunate,Latinate,54,15.5996,30
B,244,7995392,frequently,Latinate,63,18.2731,30
B,244,7995392,get,Germanic,1,6.7897,30
B,244,7995392,gigantic,Latinate,39,31.5541,30
B,244,7995392,give,Germanic,5,9.0030,30
B,244,7995392,hard,Germanic,43,10.7804,30
B,244,7995392,have,Germanic,23,6.0514,30
B,244,7995392,help,Germanic,8,8.3345,30
B,244,7995392,hide,Germanic,19,12.5160,30
B,244,7995392,home,Germanic,33,10.8663,30
B,244,7995392,however,Latinate,60,12.8736,30
B,244,7995392,huge,Germanic,38,14.2210,30
B,244,7995392,ill,Latinate,57,13.3769,30
B,244,7995392,illness,Latinate,35,14.8861,30
B,244,7995392,immense,Latinate,40,16.5691,30
B,244,7995392,infant,Latinate,31,21.9427,30
B,244,7995392,initial,Latinate,52,14.9206,30
B,244,7995392,inquire,Latinate,16,23.7669,30
B,244,7995392,keep,Germanic,28,9.0197,30
B,244,7995392,last,Germanic,59,10.4565,30
B,244,7995392,leave,Germanic,12,10.7202,30
B,244,7995392,let,Germanic,13,10.6669,30
B,244,7995392,lucky,Germanic,54,13.4483,30
B,244,7995392,maintain,Latinate,29,18.3519,30
B,244,7995392,many,Germanic,46,9.1350,30
B,244,7995392,massive,Latinate,41,15.3257,30
B,244,7995392,maybe,Germanic,62,13.3585,30
B,244,7995392,mend,Germanic,22,24.6901,30
B,244,7995392,mistake,Germanic,34,12.2466,30
B,244,7995392,more,Germanic,48,9.7373,30
B,244,7995392,multiple,Latinate,47,17.6004,30
B,244,7995392,need,Germanic,3,10.0970,30
B,244,7995392,next,Germanic,53,10.2181,30
B,244,7995392,now,Germanic,66,9.7430,30
B,244,7995392,numerous,Latinate,46,17.0700,30
B,244,7995392,observe,Latinate,26,29.6299,30
B,244,7995392,obtain,Latinate,2,13.0602,30
B,244,7995392,occasionally,Latinate,65,17.4286,30
B,244,7995392,odd,Germanic,55,14.9994,30
B,244,7995392,often,Germanic,63,12.6257,30
B,244,7995392,old,Germanic,49,9.3809,30
B,244,7995392,peculiar,Latinate,56,16.3384,30
B,244,7995392,perform,Latinate,30,15.1945,30
B,244,7995392,perhaps,Latinate,62,13.1750,30
B,244,7995392,permit,Latinate,13,18.1517,30
B,244,7995392,possess,Latinate,23,17.2749,30
B,244,7995392,previous,Latinate,50,13.6375,30
B,244,7995392,previously,Latinate,64,16.5966,30
B,244,7995392,prior,Latinate,51,16.2942,30
B,244,7995392,provide,Latinate,5,14.7895,30
B,244,7995392,purchase,Latinate,11,18.0017,30
B,244,7995392,rapid,Latinate,42,16.4124,30
B,244,7995392,receive,Latinate,6,13.9793,30
B,244,7995392,remain,Latinate,27,14.6981,30
B,244,7995392,remainder,Latinate,36,31.7668,30
B,244,7995392,repair,Latinate,22,16.0445,30
B,244,7995392,reply,Latinate,17,15.9212,30
B,244,7995392,request,Latinate,15,15.3144,30
B,244,7995392,require,Latinate,3,17.3368,30
B,244,7995392,residence,Latinate,33,17.6531,30
B,244,7995392,respond,Latinate,18,16.2848,30
B,244,7995392,rest,Germanic,36,8.9261,30
B,244,7995392,retain,Latinate,28,18.6179,30
B,244,7995392,safe,Germanic,58,11.9644,30
B,244,7995392,secure,Latinate,58,14.1852,30
B,244,7995392,see,Germanic,26,6.8266,30
B,244,7995392,select,Latinate,21,16.4325,30
B,244,7995392,shall,Latinate,67,10.0590,30
B,244,7995392,show,Germanic,10,9.8295,30
B,244,7995392,sick,Germanic,57,11.6427,30
B,244,7995392,sickness,Germanic,35,16.4182,30
B,244,7995392,so,Germanic,61,8.4194,30
B,244,7995392,sometimes,Germanic,65,13.0143,30
B,244,7995392,start,Germanic,25,11.8480,30
B,244,7995392,stay,Germanic,27,9.2650,30
B,244,7995392,strange,Latinate,55,12.1745,30
B,244,7995392,subsequent,Latinate,53,30.0469,30
B,244,7995392,sufficient,Latinate,44,17.2700,30
B,244,7995392,therefore,Latinate,61,14.4860,30
B,244,7995392,try,Germanic,7,9.9511,30
B,244,7995392,understand,Germanic,0,9.1777,30
B,244,7995392,want,Germanic,4,6.8181,30
B,244,7995392,whole,Germanic,45,10.0155,30
B,244,7995392,will,Germanic,67,8.7114,30
B,275,9011200,acquire,Latinate,1,29.7297,18
B,275,9011200,additional,Latinate,48,17.5828,30
B,275,9011200,allow,Latinate,14,12.8373,30
B,275,9011200,ancient,Latinate,49,15.0291,30
B,275,9011200,answer,Germanic,17,11.3984,30
B,275,9011200,ask,Germanic,15,9.0318,30
B,275,9011200,assist,Latinate,8,15.7177,30
B,275,9011200,assistance,Latinate,37,16.6576,30
B,275,9011200,attempt,Latinate,7,14.8978,30
B,275,9011200,baby,Germanic,31,10.3811,30
B,275,9011200,before,Germanic,64,9.7489,30
B,275,9011200,beverage,Latinate,32,41.0329,11
B,275,9011200,build,Germanic,9,11.6729,30
B,275,9011200,but,Germanic,60,6.2628,30
B,275,9011200,buy,Germanic,11,11.4115,30
B,275,9011200,choose,Germanic,21,13.5810,30
B,275,9011200,commence,Latinate,25,24.1145,14
B,275,9011200,comprehend,Latinate,0,38.1391,19
B,275,9011200,conceal,Latinate,19,23.5613,30
B,275,9011200,conclude,Latinate,24,30.2968,15
B,275,9011200,construct,Latinate,9,28.2747,18
B,275,9011200,currently,Latinate,66,14.8339,30
B,275,9011200,demonstrate,Latinate,10,23.6167,30
B,275,9011200,depart,Latinate,12,17.0313,30
B,275,9011200,desire,Latinate,4,14.2948,30
B,275,9011200,difficult,Latinate,43,12.3357,30
B,275,9011200,discover,Latinate,20,15.8466,30
B,275,9011200,do,Germanic,30,6.9411,30
B,275,9011200,drink,Germanic,32,13.4274,30
B,275,9011200,earlier,Germanic,50,16.2982,30
B,275,9011200,end,Germanic,24,9.6990,30
B,275,9011200,enormous,Latinate,38,15.7567,30
B,275,9011200,enough,Germanic,44,9.3090,30
B,275,9011200,entire,Latinate,45,13.7525,30
B,275,9011200,error,Latinate,34,17.2549,30
B,275,9011200,fast,Germanic,42,12.1656,30
B,275,9011200,final,Latinate,59,11.6125,30
B,275,9011200,find,Germanic,20,9.3797,30
B,275,9011200,first,Germanic,52,10.2860,30
B,275,9011200,fortunate,Latinate,54,16.7220,30
B,275,9011200,frequently,Latinate,63,18.7474,30
B,275,9011200,get,Germanic,1,7.0857,30
B,275,9011200,gigantic,Latinate,39,31.6563,30
B,275,9011200,give,Germanic,5,8.9073,30
B,275,9011200,hard,Germanic,43,10.6288,30
B,275,9011200,have,Germanic,23,6.4923,30
B,275,9011200,help,Germanic,8,7.8051,30
B,275,9011200,hide,Germanic,19,12.6693,30
B,275,9011200,home,Germanic,33,10.5490,30
B,275,9011200,however,Latinate,60,11.8781,30
B,275,9011200,huge,Germanic,38,13.7731,30
B,275,9011200,ill,Latinate,57,13.7828,30
B,275,9011200,illness,Latinate,35,14.8248,30
B,275,9011200,immense,Latinate,40,16.6976,30
B,275,9011200,infant,Latinate,31,21.3414,30
B,275,9011200,initial,Latinate,52,16.7161,30
B,275,9011200,inquire,Latinate,16,23.7265,30
B,275,9011200,keep,Germanic,28,8.6342,30
B,275,9011200,last,Germanic,59,10.0441,30
B,275,9011200,leave,Germanic,12,11.1173,30
B,275,9011200,let,Germanic,13,10.7144,30
B,275,9011200,lucky,Germanic,54,13.5856,30
B,275,9011200,maintain,Latinate,29,18.7251,30
B,275,9011200,many,Germanic,46,9.1479,30
B,275,9011200,massive,Latinate,41,14.7241,30
B,275,9011200,maybe,Germanic,62,13.4196,30
B,275,9011200,mend,Germanic,22,25.5113,30
B,275,9011200,mistake,Germanic,34,12.7128,30
B,275,9011200,more,Germanic,48,9.3982,30
B,275,9011200,multiple,Latinate,47,17.2965,30
B,275,9011200,need,Germanic,3,10.2975,30
B,275,9011200,next,Germanic,53,10.2146,30
B,275,9011200,now,Germanic,66,9.2185,30
B,275,9011200,numerous,Latinate,46,17.3355,30
B,275,9011200,observe,Latinate,26,28.8708,30
B,275,9011200,obtain,Latinate,2,14.1877,30
B,275,9011200,occasionally,Latinate,65,17.4510,30
B,275,9011200,odd,Germanic,55,14.5494,30
B,275,9011200,often,Germanic,63,12.3686,30
B,275,9011200,old,Germanic,49,9.3199,30
B,275,9011200,peculiar,Latinate,56,16.8218,30
B,275,9011200,perform,Latinate,30,15.2243,30
B,275,9011200,perhaps,Latinate,62,12.3301,30
B,275,9011200,permit,Latinate,13,17.4636,30
B,275,9011200,possess,Latinate,23,17.1068,30
B,275,9011200,previous,Latinate,50,14.0161,30
B,275,9011200,previously,Latinate,64,15.9577,30
B,275,9011200,prior,Latinate,51,16.5938,30
B,275,9011200,provide,Latinate,5,13.0297,30
B,275,9011200,purchase,Latinate,11,17.7663,30
B,275,9011200,rapid,Latinate,42,16.7306,30
B,275,9011200,receive,Latinate,6,13.7583,30
B,275,9011200,remain,Latinate,27,14.3084,30
B,275,9011200,remainder,Latinate,36,31.0727,30
B,275,9011200,repair,Latinate,22,17.1347,30
B,275,9011200,reply,Latinate,17,15.4074,30
B,275,9011200,request,Latinate,15,14.7042,30
B,275,9011200,require,Latinate,3,16.0914,30
B,275,9011200,residence,Latinate,33,18.0375,30
B,275,9011200,respond,Latinate,18,16.1103,30
B,275,9011200,rest,Germanic,36,8.7010,30
B,275,9011200,retain,Latinate,28,18.8583,30
B,275,9011200,safe,Germanic,58,11.9955,30
B,275,9011200,secure,Latinate,58,14.8910,30
B,275,9011200,see,Germanic,26,6.8718,30
B,275,9011200,select,Latinate,21,17.2820,30
B,275,9011200,shall,Latinate,67,9.6448,30
B,275,9011200,show,Germanic,10,9.9940,30
B,275,9011200,sick,Germanic,57,11.2575,30
B,275,9011200,sickness,Germanic,35,16.5992,30
B,275,9011200,so,Germanic,61,7.9171,30
B,275,9011200,sometimes,Germanic,65,12.7574,30
B,275,9011200,start,Germanic,25,11.8409,30
B,275,9011200,stay,Germanic,27,9.8116,30
B,275,9011200,strange,Latinate,55,12.6249,30
B,275,9011200,subsequent,Latinate,53,29.2974,30
B,275,9011200,sufficient,Latinate,44,17.2950,30
B,275,9011200,therefore,Latinate,61,13.1963,30
B,275,9011200,try,Germanic,7,9.6123,30
B,275,9011200,understand,Germanic,0,9.8677,30
B,275,9011200,want,Germanic,4,6.9281,30
B,275,9011200,whole,Germanic,45,10.2989,30
B,275,9011200,will,Germanic,67,8.4997,30
B,305,9994240,acquire,Latinate,1,28.4118,18
B,305,9994240,additional,Latinate,48,17.3341,30
B,305,9994240,allow,Latinate,14,13.0072,30
B,305,9994240,ancient,Latinate,49,14.6004,30
B,305,9994240,answer,Germanic,17,11.8230,30
B,305,9994240,ask,Germanic,15,9.3999,30
B,305,9994240,assist,Latinate,8,14.6753,30
B,305,9994240,assistance,Latinate,37,15.8360,30
B,305,9994240,attempt,Latinate,7,15.4448,30
B,305,9994240,baby,Germanic,31,9.8976,30
B,305,9994240,before,Germanic,64,9.9802,30
B,305,9994240,beverage,Latinate,32,41.0389,11
B,305,9994240,build,Germanic,9,10.8568,30
B,305,9994240,but,Germanic,60,6.5960,30
B,305,9994240,buy,Germanic,11,10.9965,30
B,305,9994240,choose,Germanic,21,13.5243,30
B,305,9994240,commence,Latinate,25,26.3739,14
B,305,9994240,comprehend,Latinate,0,38.6472,19
B,305,9994240,conceal,Latinate,19,23.5340,30
B,305,9994240,conclude,Latinate,24,29.5892,15
B,305,9994240,construct,Latinate,9,29.8873,18
B,305,9994240,currently,Latinate,66,15.7530,30
B,305,9994240,demonstrate,Latinate,10,24.2697,30
B,305,9994240,depart,Latinate,12,17.6078,30
B,305,9994240,desire,Latinate,4,14.3317,30
B,305,9994240,difficult,Latinate,43,12.1366,30
B,305,9994240,discover,Latinate,20,14.7275,30
B,305,9994240,do,Germanic,30,6.9574,30
B,305,9994240,drink,Germanic,32,12.6683,30
B,305,9994240,earlier,Germanic,50,15.9263,30
B,305,9994240,end,Germanic,24,9.6407,30
B,305,9994240,enormous,Latinate,38,14.9586,30
B,305,9994240,enough,Germanic,44,9.6244,30
B,305,9994240,entire,Latinate,45,14.3212,30
B,305,9994240,error,Latinate,34,15.2696,30
B,305,9994240,fast,Germanic,42,11.7743,30
B,305,9994240,final,Latinate,59,12.5047,30
B,305,9994240,find,Germanic,20,9.3443,30
B,305,9994240,first,Germanic,52,10.3712,30
B,305,9994240,fortunate,Latinate,54,15.5905,30
B,305,9994240,frequently,Latinate,63,19.1742,30
B,305,9994240,get,Germanic,1,6.2597,30
B,305,9994240,gigantic,Latinate,39,29.4155,30
B,305,9994240,give,Germanic,5,8.5879,30
B,305,9994240,hard,Germanic,43,10.5023,30
B,305,9994240,have,Germanic,23,6.3377,30
B,305,9994240,help,Germanic,8,7.9504,30
B,305,9994240,hide,Germanic,19,13.3894,30
B,305,9994240,home,Germanic,33,11.2121,30
B,305,9994240,however,Latinate,60,12.2393,30
B,305,9994240,huge,Germanic,38,13.9744,30
B,305,9994240,ill,Latinate,57,13.5326,30
B,305,9994240,illness,Latinate,35,15.0371,30
B,305,9994240,immense,Latinate,40,17.7332,30
B,305,9994240,infant,Latinate,31,21.5537,30
B,305,9994240,initial,Latinate,52,17.4145,30
B,305,9994240,inquire,Latinate,16,22.3639,30
B,305,9994240,keep,Germanic,28,8.3495,30
B,305,9994240,last,Germanic,59,10.4420,30
B,305,9994240,leave,Germanic,12,10.0759,30
B,305,9994240,let,Germanic,13,10.6084,30
B,305,9994240,lucky,Germanic,54,12.7565,30
B,305,9994240,maintain,Latinate,29,18.8272,30
B,305,9994240,many,Germanic,46,9.1489,30
B,305,9994240,massive,Latinate,41,14.7109,30
B,305,9994240,maybe,Germanic,62,13.1394,30
B,305,9994240,mend,Germanic,22,25.4923,30
B,305,9994240,mistake,Germanic,34,12.6191,30
B,305,9994240,more,Germanic,48,9.6494,30
B,305,9994240,multiple,Latinate,47,17.4597,30
B,305,9994240,need,Germanic,3,9.8846,30
B,305,9994240,next,Germanic,53,10.3188,30
B,305,9994240,now,Germanic,66,9.9424,30
B,305,9994240,numerous,Latinate,46,17.4629,30
B,305,9994240,observe,Latinate,26,27.7315,30
B,305,9994240,obtain,Latinate,2,14.4820,30
B,305,9994240,occasionally,Latinate,65,17.6020,30
B,305,9994240,odd,Germanic,55,14.0620,30
B,305,9994240,often,Germanic,63,11.9975,30
B,305,9994240,old,Germanic,49,9.1463,30
B,305,9994240,peculiar,Latinate,56,17.2128,30
B,305,9994240,perform,Latinate,30,12.6417,30
B,305,9994240,perhaps,Latinate,62,12.5212,30
B,305,9994240,permit,Latinate,13,17.0725,30
B,305,9994240,possess,Latinate,23,16.5609,30
B,305,9994240,previous,Latinate,50,14.8066,30
B,305,9994240,previously,Latinate,64,16.8290,30
B,305,9994240,prior,Latinate,51,17.9128,30
B,305,9994240,provide,Latinate,5,13.0826,30
B,305,9994240,purchase,Latinate,11,16.6698,30
B,305,9994240,rapid,Latinate,42,16.5478,30
B,305,9994240,receive,Latinate,6,13.9193,30
B,305,9994240,remain,Latinate,27,14.1079,30
B,305,9994240,remainder,Latinate,36,32.5568,30
B,305,9994240,repair,Latinate,22,17.1519,30
B,305,9994240,reply,Latinate,17,15.3414,30
B,305,9994240,request,Latinate,15,16.1382,30
B,305,9994240,require,Latinate,3,16.4868,30
B,305,9994240,residence,Latinate,33,17.0906,30
B,305,9994240,respond,Latinate,18,16.4760,30
B,305,9994240,rest,Germanic,36,8.7590,30
B,305,9994240,retain,Latinate,28,17.4271,30
B,305,9994240,safe,Germanic,58,11.9085,30
B,305,9994240,secure,Latinate,58,14.3243,30
B,305,9994240,see,Germanic,26,6.5686,30
B,305,9994240,select,Latinate,21,17.4657,30
B,305,9994240,shall,Latinate,67,10.4219,30
B,305,9994240,show,Germanic,10,10.4032,30
B,305,9994240,sick,Germanic,57,11.5415,30
B,305,9994240,sickness,Germanic,35,15.8360,30
B,305,9994240,so,Germanic,61,8.4528,30
B,305,9994240,sometimes,Germanic,65,12.9488,30
B,305,9994240,start,Germanic,25,11.2103,30
B,305,9994240,stay,Germanic,27,10.0746,30
B,305,9994240,strange,Latinate,55,12.9091,30
B,305,9994240,subsequent,Latinate,53,29.9793,30
B,305,9994240,sufficient,Latinate,44,17.8411,30
B,305,9994240,therefore,Latinate,61,14.0783,30
B,305,9994240,try,Germanic,7,9.6989,30
B,305,9994240,understand,Germanic,0,8.9587,30
B,305,9994240,want,Germanic,4,6.9907,30
B,305,9994240,whole,Germanic,45,10.2345,30
B,305,9994240,will,Germanic,67,8.1638,30
B,610,19988480,acquire,Latinate,1,26.2763,18
B,610,19988480,additional,Latinate,48,17.1261,30
B,610,19988480,allow,Latinate,14,12.4115,30
B,610,19988480,ancient,Latinate,49,13.8365,30
B,610,19988480,answer,Germanic,17,11.5421,30
B,610,19988480,ask,Germanic,15,7.8285,30
B,610,19988480,assist,Latinate,8,14.6979,30
B,610,19988480,assistance,Latinate,37,15.6356,30
B,610,19988480,attempt,Latinate,7,14.1416,30
B,610,19988480,baby,Germanic,31,11.1185,30
B,610,19988480,before,Germanic,64,9.8930,30
B,610,19988480,beverage,Latinate,32,37.8552,11
B,610,19988480,build,Germanic,9,10.9728,30
B,610,19988480,but,Germanic,60,5.5028,30
B,610,19988480,buy,Germanic,11,10.7157,30
B,610,19988480,choose,Germanic,21,13.6554,30
B,610,19988480,commence,Latinate,25,23.8246,14
B,610,19988480,comprehend,Latinate,0,34.0808,19
B,610,19988480,conceal,Latinate,19,19.9418,30
B,610,19988480,conclude,Latinate,24,26.6893,15
B,610,19988480,construct,Latinate,9,27.1581,18
B,610,19988480,currently,Latinate,66,15.5626,30
B,610,19988480,demonstrate,Latinate,10,20.2478,30
B,610,19988480,depart,Latinate,12,15.4060,30
B,610,19988480,desire,Latinate,4,14.0499,30
B,610,19988480,difficult,Latinate,43,11.6666,30
B,610,19988480,discover,Latinate,20,14.0092,30
B,610,19988480,do,Germanic,30,6.6774,30
B,610,19988480,drink,Germanic,32,12.7214,30
B,610,19988480,earlier,Germanic,50,14.7701,30
B,610,19988480,end,Germanic,24,8.6274,30
B,610,19988480,enormous,Latinate,38,13.9003,30
B,610,19988480,enough,Germanic,44,9.3635,30
B,610,19988480,entire,Latinate,45,13.0926,30
B,610,19988480,error,Latinate,34,16.5907,30
B,610,19988480,fast,Germanic,42,12.2430,30
B,610,19988480,final,Latinate,59,11.8722,30
B,610,19988480,find,Germanic,20,9.2631,30
B,610,19988480,first,Germanic,52,10.2969,30
B,610,19988480,fortunate,Latinate,54,15.3232,30
B,610,19988480,frequently,Latinate,63,17.3823,30
B,610,19988480,get,Germanic,1,6.4389,30
B,610,19988480,gigantic,Latinate,39,27.8942,30
B,610,19988480,give,Germanic,5,7.6680,30
B,610,19988480,hard,Germanic,43,11.0466,30
B,610,19988480,have,Germanic,23,5.2723,30
B,610,19988480,help,Germanic,8,8.9547,30
B,610,19988480,hide,Germanic,19,12.5650,30
B,610,19988480,home,Germanic,33,10.7714,30
B,610,19988480,however,Latinate,60,10.9647,30
B,610,19988480,huge,Germanic,38,13.6931,30
B,610,19988480,ill,Latinate,57,13.1177,30
B,610,19988480,illness,Latinate,35,13.6606,30
B,610,19988480,immense,Latinate,40,14.4811,30
B,610,19988480,infant,Latinate,31,21.9353,30
B,610,19988480,initial,Latinate,52,15.7413,30
B,610,19988480,inquire,Latinate,16,21.5318,30
B,610,19988480,keep,Germanic,28,9.3445,30
B,610,19988480,last,Germanic,59,9.7746,30
B,610,19988480,leave,Germanic,12,10.2987,30
B,610,19988480,let,Germanic,13,10.6617,30
B,610,19988480,lucky,Germanic,54,13.2441,30
B,610,19988480,maintain,Latinate,29,16.0387,30
B,610,19988480,many,Germanic,46,9.4388,30
B,610,19988480,massive,Latinate,41,15.8279,30
B,610,19988480,maybe,Germanic,62,12.4168,30
B,610,19988480,mend,Germanic,22,25.6218,30
B,610,19988480,mistake,Germanic,34,11.4258,30
B,610,19988480,more,Germanic,48,9.7653,30
B,610,19988480,multiple,Latinate,47,16.1034,30
B,610,19988480,need,Germanic,3,9.2365,30
B,610,19988480,next,Germanic,53,9.1358,30
B,610,19988480,now,Germanic,66,9.9685,30
B,610,19988480,numerous,Latinate,46,16.9692,30
B,610,19988480,observe,Latinate,26,26.7046,30
B,610,19988480,obtain,Latinate,2,11.4332,30
B,610,19988480,occasionally,Latinate,65,17.1761,30
B,610,19988480,odd,Germanic,55,14.5227,30
B,610,19988480,often,Germanic,63,12.8580,30
B,610,19988480,old,Germanic,49,8.2598,30
B,610,19988480,peculiar,Latinate,56,15.8033,30
B,610,19988480,perform,Latinate,30,14.4149,30
B,610,19988480,perhaps,Latinate,62,12.2047,30
B,610,19988480,permit,Latinate,13,15.6254,30
B,610,19988480,possess,Latinate,23,15.9672,30
B,610,19988480,previous,Latinate,50,14.4859,30
B,610,19988480,previously,Latinate,64,16.4305,30
B,610,19988480,prior,Latinate,51,15.4502,30
B,610,19988480,provide,Latinate,5,12.2923,30
B,610,19988480,purchase,Latinate,11,16.8522,30
B,610,19988480,rapid,Latinate,42,15.0496,30
B,610,19988480,receive,Latinate,6,12.4525,30
B,610,19988480,remain,Latinate,27,14.3612,30
B,610,19988480,remainder,Latinate,36,29.7034,30
B,610,19988480,repair,Latinate,22,17.0646,30
B,610,19988480,reply,Latinate,17,15.3177,30
B,610,19988480,request,Latinate,15,14.2405,30
B,610,19988480,require,Latinate,3,15.1212,30
B,610,19988480,residence,Latinate,33,16.4603,30
B,610,19988480,respond,Latinate,18,16.0333,30
B,610,19988480,rest,Germanic,36,8.5954,30
B,610,19988480,retain,Latinate,28,15.9435,30
B,610,19988480,safe,Germanic,58,12.2108,30
B,610,19988480,secure,Latinate,58,14.9023,30
B,610,19988480,see,Germanic,26,6.5329,30
B,610,19988480,select,Latinate,21,16.5413,30
B,610,19988480,shall,Latinate,67,8.7563,30
B,610,19988480,show,Germanic,10,11.6366,30
B,610,19988480,sick,Germanic,57,11.3441,30
B,610,19988480,sickness,Germanic,35,16.9817,30
B,610,19988480,so,Germanic,61,8.2068,30
B,610,19988480,sometimes,Germanic,65,12.6877,30
B,610,19988480,start,Germanic,25,10.7835,30
B,610,19988480,stay,Germanic,27,9.7619,30
B,610,19988480,strange,Latinate,55,13.5993,30
B,610,19988480,subsequent,Latinate,53,24.7115,30
B,610,19988480,sufficient,Latinate,44,16.3244,30
B,610,19988480,therefore,Latinate,61,12.2241,30
B,610,19988480,try,Germanic,7,9.5135,30
B,610,19988480,understand,Germanic,0,8.9085,30
B,610,19988480,want,Germanic,4,7.0414,30
B,610,19988480,whole,Germanic,45,8.5794,30
B,610,19988480,will,Germanic,67,8.9537,30
B,916,30015488,acquire,Latinate,1,28.0614,18
B,916,30015488,additional,Latinate,48,14.9881,30
B,916,30015488,allow,Latinate,14,12.2744,30
B,916,30015488,ancient,Latinate,49,13.9563,30
B,916,30015488,answer,Germanic,17,11.1428,30
B,916,30015488,ask,Germanic,15,8.6005,30
B,916,30015488,assist,Latinate,8,14.7610,30
B,916,30015488,assistance,Latinate,37,16.9157,30
B,916,30015488,attempt,Latinate,7,13.1585,30
B,916,30015488,baby,Germanic,31,10.8264,30
B,916,30015488,before,Germanic,64,9.7458,30
B,916,30015488,beverage,Latinate,32,35.7952,11
B,916,30015488,build,Germanic,9,10.8328,30
B,916,30015488,but,Germanic,60,5.3651,30
B,916,30015488,buy,Germanic,11,10.3024,30
B,916,30015488,choose,Germanic,21,14.0733,30
B,916,30015488,commence,Latinate,25,21.8848,14
B,916,30015488,comprehend,Latinate,0,32.3283,19
B,916,30015488,conceal,Latinate,19,21.3947,30
B,916,30015488,conclude,Latinate,24,22.5787,15
B,916,30015488,construct,Latinate,9,25.7283,18
B,916,30015488,currently,Latinate,66,14.6949,30
B,916,30015488,demonstrate,Latinate,10,16.7327,30
B,916,30015488,depart,Latinate,12,15.3354,30
B,916,30015488,desire,Latinate,4,13.5718,30
B,916,30015488,difficult,Latinate,43,11.4139,30
B,916,30015488,discover,Latinate,20,14.8604,30
B,916,30015488,do,Germanic,30,6.5407,30
B,916,30015488,drink,Germanic,32,12.8912,30
B,916,30015488,earlier,Germanic,50,14.5328,30
B,916,30015488,end,Germanic,24,7.7526,30
B,916,30015488,enormous,Latinate,38,12.3972,30
B,916,30015488,enough,Germanic,44,9.2062,30
B,916,30015488,entire,Latinate,45,14.0439,30
B,916,30015488,error,Latinate,34,13.9409,30
B,916,30015488,fast,Germanic,42,11.3204,30
B,916,30015488,final,Latinate,59,10.4839,30
B,916,30015488,find,Germanic,20,9.8759,30
B,916,30015488,first,Germanic,52,10.5081,30
B,916,30015488,fortunate,Latinate,54,15.3290,30
B,916,30015488,frequently,Latinate,63,16.9158,30
B,916,30015488,get,Germanic,1,6.7364,30
B,916,30015488,gigantic,Latinate,39,29.1454,30
B,916,30015488,give,Germanic,5,8.1411,30
B,916,30015488,hard,Germanic,43,10.6759,30
B,916,30015488,have,Germanic,23,5.1112,30
B,916,30015488,help,Germanic,8,9.2334,30
B,916,30015488,hide,Germanic,19,12.2676,30
B,916,30015488,home,Germanic,33,9.7657,30
B,916,30015488,however,Latinate,60,11.1245,30
B,916,30015488,huge,Germanic,38,13.6099,30
B,916,30015488,ill,Latinate,57,12.0994,30
B,916,30015488,illness,Latinate,35,12.6723,30
B,916,30015488,immense,Latinate,40,15.6751,30
B,916,30015488,infant,Latinate,31,23.5941,30
B,916,30015488,initial,Latinate,52,15.2547,30
B,916,30015488,inquire,Latinate,16,22.5904,30
B,916,30015488,keep,Germanic,28,8.9457,30
B,916,30015488,last,Germanic,59,9.8059,30
B,916,30015488,leave,Germanic,12,11.5422,30
B,916,30015488,let,Germanic,13,10.1603,30
B,916,30015488,lucky,Germanic,54,12.9567,30
B,916,30015488,maintain,Latinate,29,15.4551,30
B,916,30015488,many,Germanic,46,9.9136,30
B,916,30015488,massive,Latinate,41,14.9358,30
B,916,30015488,maybe,Germanic,62,12.5859,30
B,916,30015488,mend,Germanic,22,24.4424,30
B,916,30015488,mistake,Germanic,34,11.2829,30
B,916,30015488,more,Germanic,48,9.8215,30
B,916,30015488,multiple,Latinate,47,16.4981,30
B,916,30015488,need,Germanic,3,9.2616,30
B,916,30015488,next,Germanic,53,9.6033,30
B,916,30015488,now,Germanic,66,8.8800,30
B,916,30015488,numerous,Latinate,46,16.3436,30
B,916,30015488,observe,Latinate,26,21.7938,30
B,916,30015488,obtain,Latinate,2,14.3060,30
B,916,30015488,occasionally,Latinate,65,14.8776,30
B,916,30015488,odd,Germanic,55,14.5616,30
B,916,30015488,often,Germanic,63,11.3568,30
B,916,30015488,old,Germanic,49,10.2130,30
B,916,30015488,peculiar,Latinate,56,16.8646,30
B,916,30015488,perform,Latinate,30,12.8822,30
B,916,30015488,perhaps,Latinate,62,12.4851,30
B,916,30015488,permit,Latinate,13,16.1234,30
B,916,30015488,possess,Latinate,23,15.1907,30
B,916,30015488,previous,Latinate,50,12.5362,30
B,916,30015488,previously,Latinate,64,16.3530,30
B,916,30015488,prior,Latinate,51,15.2876,30
B,916,30015488,provide,Latinate,5,10.5987,30
B,916,30015488,purchase,Latinate,11,13.6629,30
B,916,30015488,rapid,Latinate,42,13.9880,30
B,916,30015488,receive,Latinate,6,12.1244,30
B,916,30015488,remain,Latinate,27,13.1950,30
B,916,30015488,remainder,Latinate,36,29.6087,30
B,916,30015488,repair,Latinate,22,15.3313,30
B,916,30015488,reply,Latinate,17,15.1077,30
B,916,30015488,request,Latinate,15,14.3268,30
B,916,30015488,require,Latinate,3,14.3482,30
B,916,30015488,residence,Latinate,33,17.4506,30
B,916,30015488,respond,Latinate,18,14.4114,30
B,916,30015488,rest,Germanic,36,8.1129,30
B,916,30015488,retain,Latinate,28,15.8362,30
B,916,30015488,safe,Germanic,58,12.3170,30
B,916,30015488,secure,Latinate,58,13.4642,30
B,916,30015488,see,Germanic,26,7.2551,30
B,916,30015488,select,Latinate,21,16.9632,30
B,916,30015488,shall,Latinate,67,7.7757,30
B,916,30015488,show,Germanic,10,10.5087,30
B,916,30015488,sick,Germanic,57,11.6527,30
B,916,30015488,sickness,Germanic,35,17.0126,30
B,916,30015488,so,Germanic,61,7.3613,30
B,916,30015488,sometimes,Germanic,65,12.2672,30
B,916,30015488,start,Germanic,25,10.8986,30
B,916,30015488,stay,Germanic,27,10.4124,30
B,916,30015488,strange,Latinate,55,13.4076,30
B,916,30015488,subsequent,Latinate,53,24.8168,30
B,916,30015488,sufficient,Latinate,44,16.6305,30
B,916,30015488,therefore,Latinate,61,12.0247,30
B,916,30015488,try,Germanic,7,7.9268,30
B,916,30015488,understand,Germanic,0,8.9797,30
B,916,30015488,want,Germanic,4,7.8657,30
B,916,30015488,whole,Germanic,45,9.4670,30
B,916,30015488,will,Germanic,67,7.7979,30
B,1221,40009728,acquire,Latinate,1,24.7280,18
B,1221,40009728,additional,Latinate,48,16.1026,30
B,1221,40009728,allow,Latinate,14,11.4408,30
B,1221,40009728,ancient,Latinate,49,13.2232,30
B,1221,40009728,answer,Germanic,17,10.3787,30
B,1221,40009728,ask,Germanic,15,8.7315,30
B,1221,40009728,assist,Latinate,8,14.4839,30
B,1221,40009728,assistance,Latinate,37,14.0839,30
B,1221,40009728,attempt,Latinate,7,12.9087,30
B,1221,40009728,baby,Germanic,31,9.7762,30
B,1221,40009728,before,Germanic,64,9.4015,30
B,1221,40009728,beverage,Latinate,32,35.4670,11
B,1221,40009728,build,Germanic,9,10.8855,30
B,1221,40009728,but,Germanic,60,6.1315,30
B,1221,40009728,buy,Germanic,11,10.7264,30
B,1221,40009728,choose,Germanic,21,12.9488,30
B,1221,40009728,commence,Latinate,25,23.5725,14
B,1221,40009728,comprehend,Latinate,0,31.8767,19
B,1221,40009728,conceal,Latinate,19,18.4433,30
B,1221,40009728,conclude,Latinate,24,24.6553,15
B,1221,40009728,construct,Latinate,9,21.4288,18
B,1221,40009728,currently,Latinate,66,14.8291,30
B,1221,40009728,demonstrate,Latinate,10,17.4319,30
B,1221,40009728,depart,Latinate,12,13.0286,30
B,1221,40009728,desire,Latinate,4,12.9085,30
B,1221,40009728,difficult,Latinate,43,10.6812,30
B,1221,40009728,discover,Latinate,20,13.8838,30
B,1221,40009728,do,Germanic,30,6.7162,30
B,1221,40009728,drink,Germanic,32,12.2362,30
B,1221,40009728,earlier,Germanic,50,13.7763,30
B,1221,40009728,end,Germanic,24,7.7620,30
B,1221,40009728,enormous,Latinate,38,11.7732,30
B,1221,40009728,enough,Germanic,44,9.2437,30
B,1221,40009728,entire,Latinate,45,12.5052,30
B,1221,40009728,error,Latinate,34,12.6134,30
B,1221,40009728,fast,Germanic,42,11.6174,30
B,1221,40009728,final,Latinate,59,9.8940,30
B,1221,40009728,find,Germanic,20,8.9958,30
B,1221,40009728,first,Germanic,52,10.1245,30
B,1221,40009728,fortunate,Latinate,54,14.8148,30
B,1221,40009728,frequently,Latinate,63,15.9672,30
B,1221,40009728,get,Germanic,1,6.0437,30
B,1221,40009728,gigantic,Latinate,39,23.0091,30
B,1221,40009728,give,Germanic,5,8.5841,30
B,1221,40009728,hard,Germanic,43,10.6298,30
B,1221,40009728,have,Germanic,23,5.3968,30
B,1221,40009728,help,Germanic,8,8.9931,30
B,1221,40009728,hide,Germanic,19,11.1734,30
B,1221,40009728,home,Germanic,33,9.0831,30
B,1221,40009728,however,Latinate,60,12.1523,30
B,1221,40009728,huge,Germanic,38,12.9057,30
B,1221,40009728,ill,Latinate,57,12.5031,30
B,1221,40009728,illness,Latinate,35,13.1074,30
B,1221,40009728,immense,Latinate,40,15.3011,30
B,1221,40009728,infant,Latinate,31,21.0701,30
B,1221,40009728,initial,Latinate,52,14.5570,30
B,1221,40009728,inquire,Latinate,16,17.5576,30
B,1221,40009728,keep,Germanic,28,8.8518,30
B,1221,40009728,last,Germanic,59,9.4610,30
B,1221,40009728,leave,Germanic,12,10.5254,30
B,1221,40009728,let,Germanic,13,10.1564,30
B,1221,40009728,lucky,Germanic,54,12.1880,30
B,1221,40009728,maintain,Latinate,29,16.0684,30
B,1221,40009728,many,Germanic,46,9.4132,30
B,1221,40009728,massive,Latinate,41,14.5980,30
B,1221,40009728,maybe,Germanic,62,12.5961,30
B,1221,40009728,mend,Germanic,22,22.0506,30
B,1221,40009728,mistake,Germanic,34,10.7181,30
B,1221,40009728,more,Germanic,48,9.7953,30
B,1221,40009728,multiple,Latinate,47,15.3983,30
B,1221,40009728,need,Germanic,3,9.2619,30
B,1221,40009728,next,Germanic,53,9.2890,30
B,1221,40009728,now,Germanic,66,8.8190,30
B,1221,40009728,numerous,Latinate,46,15.6379,30
B,1221,40009728,observe,Latinate,26,20.5087,30
B,1221,40009728,obtain,Latinate,2,14.0930,30
B,1221,40009728,occasionally,Latinate,65,15.4360,30
B,1221,40009728,odd,Germanic,55,15.8031,30
B,1221,40009728,often,Germanic,63,11.0729,30
B,1221,40009728,old,Germanic,49,10.2341,30
B,1221,40009728,peculiar,Latinate,56,15.7097,30
B,1221,40009728,perform,Latinate,30,13.4289,30
B,1221,40009728,perhaps,Latinate,62,11.4252,30
B,1221,40009728,permit,Latinate,13,14.8444,30
B,1221,40009728,possess,Latinate,23,14.4783,30
B,1221,40009728,previous,Latinate,50,10.8072,30
B,1221,40009728,previously,Latinate,64,15.7744,30
B,1221,40009728,prior,Latinate,51,13.9257,30
B,1221,40009728,provide,Latinate,5,12.7132,30
B,1221,40009728,purchase,Latinate,11,15.2013,30
B,1221,40009728,rapid,Latinate,42,12.2945,30
B,1221,40009728,receive,Latinate,6,9.7225,30
B,1221,40009728,remain,Latinate,27,12.7269,30
B,1221,40009728,remainder,Latinate,36,28.6324,30
B,1221,40009728,repair,Latinate,22,16.0468,30
B,1221,40009728,reply,Latinate,17,15.9152,30
B,1221,40009728,request,Latinate,15,12.8744,30
B,1221,40009728,require,Latinate,3,14.0231,30
B,1221,40009728,residence,Latinate,33,15.7557,30
B,1221,40009728,respond,Latinate,18,12.4969,30
B,1221,40009728,rest,Germanic,36,7.5813,30
B,1221,40009728,retain,Latinate,28,16.6067,30
B,1221,40009728,safe,Germanic,58,11.8613,30
B,1221,40009728,secure,Latinate,58,12.9136,30
B,1221,40009728,see,Germanic,26,7.4623,30
B,1221,40009728,select,Latinate,21,15.8423,30
B,1221,40009728,shall,Latinate,67,7.6430,30
B,1221,40009728,show,Germanic,10,10.4419,30
B,1221,40009728,sick,Germanic,57,12.0507,30
B,1221,40009728,sickness,Germanic,35,16.9600,30
B,1221,40009728,so,Germanic,61,7.1241,30
B,1221,40009728,sometimes,Germanic,65,13.2453,30
B,1221,40009728,start,Germanic,25,10.3949,30
B,1221,40009728,stay,Germanic,27,9.6923,30
B,1221,40009728,strange,Latinate,55,13.1068,30
B,1221,40009728,subsequent,Latinate,53,21.8373,30
B,1221,40009728,sufficient,Latinate,44,15.6382,30
B,1221,40009728,therefore,Latinate,61,13.8906,30
B,1221,40009728,try,Germanic,7,8.6362,30
B,1221,40009728,understand,Germanic,0,8.8495,30
B,1221,40009728,want,Germanic,4,7.9536,30
B,1221,40009728,whole,Germanic,45,9.2031,30
B,1221,40009728,will,Germanic,67,8.3528,30
B,1526,50003968,acquire,Latinate,1,21.4945,18
B,1526,50003968,additional,Latinate,48,15.6943,30
B,1526,50003968,allow,Latinate,14,11.1699,30
B,1526,50003968,ancient,Latinate,49,13.6365,30
B,1526,50003968,answer,Germanic,17,10.0885,30
B,1526,50003968,ask,Germanic,15,8.0652,30
B,1526,50003968,assist,Latinate,8,13.8793,30
B,1526,50003968,assistance,Latinate,37,13.1849,30
B,1526,50003968,attempt,Latinate,7,12.1456,30
B,1526,50003968,baby,Germanic,31,9.6717,30
B,1526,50003968,before,Germanic,64,8.7645,30
B,1526,50003968,beverage,Latinate,32,34.0885,11
B,1526,50003968,build,Germanic,9,10.9354,30
B,1526,50003968,but,Germanic,60,5.6935,30
B,1526,50003968,buy,Germanic,11,10.7376,30
B,1526,50003968,choose,Germanic,21,12.5927,30
B,1526,50003968,commence,Latinate,25,22.9244,14
B,1526,50003968,comprehend,Latinate,0,27.6371,19
B,1526,50003968,conceal,Latinate,19,18.7766,30
B,1526,50003968,conclude,Latinate,24,23.1938,15
B,1526,50003968,construct,Latinate,9,18.2572,18
B,1526,50003968,currently,Latinate,66,14.2861,30
B,1526,50003968,demonstrate,Latinate,10,16.2984,30
B,1526,50003968,depart,Latinate,12,14.6115,30
B,1526,50003968,desire,Latinate,4,12.4165,30
B,1526,50003968,difficult,Latinate,43,10.3695,30
B,1526,50003968,discover,Latinate,20,12.3034,30
B,1526,50003968,do,Germanic,30,6.5218,30
B,1526,50003968,drink,Germanic,32,12.0295,30
B,1526,50003968,earlier,Germanic,50,14.2738,30
B,1526,50003968,end,Germanic,24,8.0754,30
B,1526,50003968,enormous,Latinate,38,12.2385,30
B,1526,50003968,enough,Germanic,44,8.5501,30
B,1526,50003968,entire,Latinate,45,12.9577,30
B,1526,50003968,error,Latinate,34,12.2172,30
B,1526,50003968,fast,Germanic,42,10.3727,30
B,1526,50003968,final,Latinate,59,10.2377,30
B,1526,50003968,find,Germanic,20,8.3960,30
B,1526,50003968,first,Germanic,52,10.1486,30
B,1526,50003968,fortunate,Latinate,54,13.9372,30
B,1526,50003968,frequently,Latinate,63,15.0040,30
B,1526,50003968,get,Germanic,1,5.5748,30
B,1526,50003968,gigantic,Latinate,39,21.7850,30
B,1526,50003968,give,Germanic,5,7.8816,30
B,1526,50003968,hard,Germanic,43,9.1925,30
B,1526,50003968,have,Germanic,23,4.9300,30
B,1526,50003968,help,Germanic,8,8.0736,30
B,1526,50003968,hide,Germanic,19,10.6194,30
B,1526,50003968,home,Germanic,33,9.1341,30
B,1526,50003968,however,Latinate,60,12.4587,30
B,1526,50003968,huge,Germanic,38,12.8344,30
B,1526,50003968,ill,Latinate,57,10.9696,30
B,1526,50003968,illness,Latinate,35,13.7628,30
B,1526,50003968,immense,Latinate,40,14.4851,30
B,1526,50003968,infant,Latinate,31,20.6139,30
B,1526,50003968,initial,Latinate,52,15.3920,30
B,1526,50003968,inquire,Latinate,16,15.0582,30
B,1526,50003968,keep,Germanic,28,8.2253,30
B,1526,50003968,last,Germanic,59,10.2065,30
B,1526,50003968,leave,Germanic,12,9.7281,30
B,1526,50003968,let,Germanic,13,9.6787,30
B,1526,50003968,lucky,Germanic,54,11.4638,30
B,1526,50003968,maintain,Latinate,29,15.2115,30
B,1526,50003968,many,Germanic,46,8.9773,30
B,1526,50003968,massive,Latinate,41,14.9322,30
B,1526,50003968,maybe,Germanic,62,13.3460,30
B,1526,50003968,mend,Germanic,22,23.7380,30
B,1526,50003968,mistake,Germanic,34,10.2673,30
B,1526,50003968,more,Germanic,48,9.2795,30
B,1526,50003968,multiple,Latinate,47,15.0410,30
B,1526,50003968,need,Germanic,3,9.0352,30
B,1526,50003968,next,Germanic,53,9.8406,30
B,1526,50003968,now,Germanic,66,9.3246,30
B,1526,50003968,numerous,Latinate,46,16.3929,30
B,1526,50003968,observe,Latinate,26,21.9550,30
B,1526,50003968,obtain,Latinate,2,13.1863,30
B,1526,50003968,occasionally,Latinate,65,14.7485,30
B,1526,50003968,odd,Germanic,55,13.1186,30
B,1526,50003968,often,Germanic,63,10.6377,30
B,1526,50003968,old,Germanic,49,9.4691,30
B,1526,50003968,peculiar,Latinate,56,15.3453,30
B,1526,50003968,perform,Latinate,30,13.0906,30
B,1526,50003968,perhaps,Latinate,62,12.3041,30
B,1526,50003968,permit,Latinate,13,13.1521,30
B,1526,50003968,possess,Latinate,23,13.2122,30
B,1526,50003968,previous,Latinate,50,11.0175,30
B,1526,50003968,previously,Latinate,64,15.9856,30
B,1526,50003968,prior,Latinate,51,13.4585,30
B,1526,50003968,provide,Latinate,5,11.4557,30
B,1526,50003968,purchase,Latinate,11,15.4837,30
B,1526,50003968,rapid,Latinate,42,13.7359,30
B,1526,50003968,receive,Latinate,6,12.2224,30
B,1526,50003968,remain,Latinate,27,12.6767,30
B,1526,50003968,remainder,Latinate,36,22.6765,30
B,1526,50003968,repair,Latinate,22,15.6924,30
B,1526,50003968,reply,Latinate,17,15.1636,30
B,1526,50003968,request,Latinate,15,12.6671,30
B,1526,50003968,require,Latinate,3,12.5707,30
B,1526,50003968,residence,Latinate,33,16.3449,30
B,1526,50003968,respond,Latinate,18,13.3250,30
B,1526,50003968,rest,Germanic,36,7.1737,30
B,1526,50003968,retain,Latinate,28,14.0327,30
B,1526,50003968,safe,Germanic,58,10.7941,30
B,1526,50003968,secure,Latinate,58,12.1609,30
B,1526,50003968,see,Germanic,26,7.0389,30
B,1526,50003968,select,Latinate,21,15.6149,30
B,1526,50003968,shall,Latinate,67,6.9820,30
B,1526,50003968,show,Germanic,10,10.1118,30
B,1526,50003968,sick,Germanic,57,12.3542,30
B,1526,50003968,sickness,Germanic,35,16.2993,30
B,1526,50003968,so,Germanic,61,7.0716,30
B,1526,50003968,sometimes,Germanic,65,12.6874,30
B,1526,50003968,start,Germanic,25,9.9561,30
B,1526,50003968,stay,Germanic,27,8.7458,30
B,1526,50003968,strange,Latinate,55,12.3368,30
B,1526,50003968,subsequent,Latinate,53,22.8099,30
B,1526,50003968,sufficient,Latinate,44,13.9156,30
B,1526,50003968,therefore,Latinate,61,12.9639,30
B,1526,50003968,try,Germanic,7,8.6753,30
B,1526,50003968,understand,Germanic,0,9.4633,30
B,1526,50003968,want,Germanic,4,6.7261,30
B,1526,50003968,whole,Germanic,45,9.3264,30
B,1526,50003968,will,Germanic,67,8.2283,30
B,1831,59998208,acquire,Latinate,1,20.2999,18
B,1831,59998208,additional,Latinate,48,15.5708,30
B,1831,59998208,allow,Latinate,14,11.0639,30
B,1831,59998208,ancient,Latinate,49,12.0128,30
B,1831,59998208,answer,Germanic,17,9.9029,30
B,1831,59998208,ask,Germanic,15,7.1350,30
B,1831,59998208,assist,Latinate,8,14.2386,30
B,1831,59998208,assistance,Latinate,37,12.9326,30
B,1831,59998208,attempt,Latinate,7,12.4248,30
B,1831,59998208,baby,Germanic,31,10.0875,30
B,1831,59998208,before,Germanic,64,9.3612,30
B,1831,59998208,beverage,Latinate,32,35.9443,11
B,1831,59998208,build,Germanic,9,10.3463,30
B,1831,59998208,but,Germanic,60,5.4073,30
B,1831,59998208,buy,Germanic,11,9.7040,30
B,1831,59998208,choose,Germanic,21,12.3845,30
B,1831,59998208,commence,Latinate,25,22.3592,14
B,1831,59998208,comprehend,Latinate,0,25.7193,19
B,1831,59998208,conceal,Latinate,19,16.5562,30
B,1831,59998208,conclude,Latinate,24,19.8774,15
B,1831,59998208,construct,Latinate,9,20.1768,18
B,1831,59998208,currently,Latinate,66,14.2368,30
B,1831,59998208,demonstrate,Latinate,10,15.1660,30
B,1831,59998208,depart,Latinate,12,13.3351,30
B,1831,59998208,desire,Latinate,4,11.7898,30
B,1831,59998208,difficult,Latinate,43,9.1870,30
B,1831,59998208,discover,Latinate,20,12.7232,30
B,1831,59998208,do,Germanic,30,5.6670,30
B,1831,59998208,drink,Germanic,32,11.7726,30
B,1831,59998208,earlier,Germanic,50,13.5275,30
B,1831,59998208,end,Germanic,24,7.3593,30
B,1831,59998208,enormous,Latinate,38,12.6826,30
B,1831,59998208,enough,Germanic,44,7.7441,30
B,1831,59998208,entire,Latinate,45,12.1301,30
B,1831,59998208,error,Latinate,34,10.9584,30
B,1831,59998208,fast,Germanic,42,10.7891,30
B,1831,59998208,final,Latinate,59,10.1881,30
B,1831,59998208,find,Germanic,20,8.4909,30
B,1831,59998208,first,Germanic,52,10.4459,30
B,1831,59998208,fortunate,Latinate,54,13.3806,30
B,1831,59998208,frequently,Latinate,63,15.8458,30
B,1831,59998208,get,Germanic,1,6.0884,30
B,1831,59998208,gigantic,Latinate,39,20.3620,30
B,1831,59998208,give,Germanic,5,7.8943,30
B,1831,59998208,hard,Germanic,43,9.7288,30
B,1831,59998208,have,Germanic,23,4.4008,30
B,1831,59998208,help,Germanic,8,8.4799,30
B,1831,59998208,hide,Germanic,19,10.8077,30
B,1831,59998208,home,Germanic,33,7.9417,30
B,1831,59998208,however,Latinate,60,12.4661,30
B,1831,59998208,huge,Germanic,38,12.0678,30
B,1831,59998208,ill,Latinate,57,10.5183,30
B,1831,59998208,illness,Latinate,35,11.9137,30
B,1831,59998208,immense,Latinate,40,14.6439,30
B,1831,59998208,infant,Latinate,31,19.1074,30
B,1831,59998208,initial,Latinate,52,14.5287,30
B,1831,59998208,inquire,Latinate,16,15.7808,30
B,1831,59998208,keep,Germanic,28,7.9684,30
B,1831,59998208,last,Germanic,59,10.0106,30
B,1831,59998208,leave,Germanic,12,9.3086,30
B,1831,59998208,let,Germanic,13,9.6158,30
B,1831,59998208,lucky,Germanic,54,11.5570,30
B,1831,59998208,maintain,Latinate,29,15.0243,30
B,1831,59998208,many,Germanic,46,8.9288,30
B,1831,59998208,massive,Latinate,41,15.5017,30
B,1831,59998208,maybe,Germanic,62,12.8155,30
B,1831,59998208,mend,Germanic,22,23.7486,30
B,1831,59998208,mistake,Germanic,34,8.1525,30
B,1831,59998208,more,Germanic,48,9.6622,30
B,1831,59998208,multiple,Latinate,47,15.7349,30
B,1831,59998208,need,Germanic,3,7.8128,30
B,1831,59998208,next,Germanic,53,10.0906,30
B,1831,59998208,now,Germanic,66,9.3835,30
B,1831,59998208,numerous,Latinate,46,15.5662,30
B,1831,59998208,observe,Latinate,26,19.4865,30
B,1831,59998208,obtain,Latinate,2,12.7390,30
B,1831,59998208,occasionally,Latinate,65,15.4431,30
B,1831,59998208,odd,Germanic,55,12.1565,30
B,1831,59998208,often,Germanic,63,10.6858,30
B,1831,59998208,old,Germanic,49,8.5072,30
B,1831,59998208,peculiar,Latinate,56,14.9291,30
B,1831,59998208,perform,Latinate,30,12.4712,30
B,1831,59998208,perhaps,Latinate,62,11.6242,30
B,1831,59998208,permit,Latinate,13,15.2528,30
B,1831,59998208,possess,Latinate,23,13.7895,30
B,1831,59998208,previous,Latinate,50,12.2119,30
B,1831,59998208,previously,Latinate,64,15.2560,30
B,1831,59998208,prior,Latinate,51,12.2134,30
B,1831,59998208,provide,Latinate,5,11.7885,30
B,1831,59998208,purchase,Latinate,11,14.4696,30
B,1831,59998208,rapid,Latinate,42,11.2383,30
B,1831,59998208,receive,Latinate,6,11.1247,30
B,1831,59998208,remain,Latinate,27,12.0923,30
B,1831,59998208,remainder,Latinate,36,19.7008,30
B,1831,59998208,repair,Latinate,22,14.6692,30
B,1831,59998208,reply,Latinate,17,14.4299,30
B,1831,59998208,request,Latinate,15,14.0353,30
B,1831,59998208,require,Latinate,3,12.5724,30
B,1831,59998208,residence,Latinate,33,15.7285,30
B,1831,59998208,respond,Latinate,18,13.0370,30
B,1831,59998208,rest,Germanic,36,6.3513,30
B,1831,59998208,retain,Latinate,28,15.9450,30
B,1831,59998208,safe,Germanic,58,11.3609,30
B,1831,59998208,secure,Latinate,58,11.7324,30
B,1831,59998208,see,Germanic,26,5.8350,30
B,1831,59998208,select,Latinate,21,14.9508,30
B,1831,59998208,shall,Latinate,67,6.7745,30
B,1831,59998208,show,Germanic,10,10.0682,30
B,1831,59998208,sick,Germanic,57,12.6184,30
B,1831,59998208,sickness,Germanic,35,15.4416,30
B,1831,59998208,so,Germanic,61,7.2778,30
B,1831,59998208,sometimes,Germanic,65,12.1629,30
B,1831,59998208,start,Germanic,25,9.7241,30
B,1831,59998208,stay,Germanic,27,9.2869,30
B,1831,59998208,strange,Latinate,55,11.9869,30
B,1831,59998208,subsequent,Latinate,53,20.0627,30
B,1831,59998208,sufficient,Latinate,44,14.3992,30
B,1831,59998208,therefore,Latinate,61,12.1999,30
B,1831,59998208,try,Germanic,7,8.1651,30
B,1831,59998208,understand,Germanic,0,8.8902,30
B,1831,59998208,want,Germanic,4,6.7892,30
B,1831,59998208,whole,Germanic,45,8.5786,30
B,1831,59998208,will,Germanic,67,7.5481,30
B,2136,69992448,acquire,Latinate,1,22.4493,18
B,2136,69992448,additional,Latinate,48,15.1899,30
B,2136,69992448,allow,Latinate,14,10.4988,30
B,2136,69992448,ancient,Latinate,49,11.7693,30
B,2136,69992448,answer,Germanic,17,10.3725,30
B,2136,69992448,ask,Germanic,15,7.0315,30
B,2136,69992448,assist,Latinate,8,13.4717,30
B,2136,69992448,assistance,Latinate,37,11.1757,30
B,2136,69992448,attempt,Latinate,7,11.9544,30
B,2136,69992448,baby,Germanic,31,9.8193,30
B,2136,69992448,before,Germanic,64,10.0502,30
B,2136,69992448,beverage,Latinate,32,32.7010,11
B,2136,69992448,build,Germanic,9,10.5019,30
B,2136,69992448,but,Germanic,60,5.3687,30
B,2136,69992448,buy,Germanic,11,8.4881,30
B,2136,69992448,choose,Germanic,21,12.5621,30
B,2136,69992448,commence,Latinate,25,22.7837,14
B,2136,69992448,comprehend,Latinate,0,23.1597,19
B,2136,69992448,conceal,Latinate,19,15.5002,30
B,2136,69992448,conclude,Latinate,24,20.5027,15
B,2136,69992448,construct,Latinate,9,19.0468,18
B,2136,69992448,currently,Latinate,66,13.4668,30
B,2136,69992448,demonstrate,Latinate,10,14.8567,30
B,2136,69992448,depart,Latinate,12,13.7096,30
B,2136,69992448,desire,Latinate,4,12.8509,30
B,2136,69992448,difficult,Latinate,43,9.7941,30
B,2136,69992448,discover,Latinate,20,13.0542,30
B,2136,69992448,do,Germanic,30,6.2309,30
B,2136,69992448,drink,Germanic,32,11.1756,30
B,2136,69992448,earlier,Germanic,50,14.1460,30
B,2136,69992448,end,Germanic,24,7.0290,30
B,2136,69992448,enormous,Latinate,38,11.8278,30
B,2136,69992448,enough,Germanic,44,7.9501,30
B,2136,69992448,entire,Latinate,45,12.4305,30
B,2136,69992448,error,Latinate,34,10.9858,30
B,2136,69992448,fast,Germanic,42,10.7724,30
B,2136,69992448,final,Latinate,59,10.0916,30
B,2136,69992448,find,Germanic,20,8.4397,30
B,2136,69992448,first,Germanic,52,10.0537,30
B,2136,69992448,fortunate,Latinate,54,13.7301,30
B,2136,69992448,frequently,Latinate,63,14.8868,30
B,2136,69992448,get,Germanic,1,5.6043,30
B,2136,69992448,gigantic,Latinate,39,17.3599,30
B,2136,69992448,give,Germanic,5,8.4574,30
B,2136,69992448,hard,Germanic,43,9.7670,30
B,2136,69992448,have,Germanic,23,4.0192,30
B,2136,69992448,help,Germanic,8,7.4374,30
B,2136,69992448,hide,Germanic,19,10.5394,30
B,2136,69992448,home,Germanic,33,8.3394,30
B,2136,69992448,however,Latinate,60,13.6340,30
B,2136,69992448,huge,Germanic,38,13.4209,30
B,2136,69992448,ill,Latinate,57,11.0212,30
B,2136,69992448,illness,Latinate,35,11.8265,30
B,2136,69992448,immense,Latinate,40,14.1779,30
B,2136,69992448,infant,Latinate,31,18.2476,30
B,2136,69992448,initial,Latinate,52,13.4371,30
B,2136,69992448,inquire,Latinate,16,16.1352,30
B,2136,69992448,keep,Germanic,28,8.1106,30
B,2136,69992448,last,Germanic,59,9.7433,30
B,2136,69992448,leave,Germanic,12,10.4659,30
B,2136,69992448,let,Germanic,13,9.8513,30
B,2136,69992448,lucky,Germanic,54,11.0968,30
B,2136,69992448,maintain,Latinate,29,15.4213,30
B,2136,69992448,many,Germanic,46,8.0180,30
B,2136,69992448,massive,Latinate,41,14.6988,30
B,2136,69992448,maybe,Germanic,62,12.9273,30
B,2136,69992448,mend,Germanic,22,23.7471,30
B,2136,69992448,mistake,Germanic,34,8.8524,30
B,2136,69992448,more,Germanic,48,8.9526,30
B,2136,69992448,multiple,Latinate,47,14.6884,30
B,2136,69992448,need,Germanic,3,8.2719,30
B,2136,69992448,next,Germanic,53,9.3445,30
B,2136,69992448,now,Germanic,66,10.0390,30
B,2136,69992448,numerous,Latinate,46,14.2980,30
B,2136,69992448,observe,Latinate,26,16.7144,30
B,2136,69992448,obtain,Latinate,2,10.7711,30
B,2136,69992448,occasionally,Latinate,65,13.6552,30
B,2136,69992448,odd,Germanic,55,12.4801,30
B,2136,69992448,often,Germanic,63,11.2922,30
B,2136,69992448,old,Germanic,49,8.3771,30
B,2136,69992448,peculiar,Latinate,56,14.9937,30
B,2136,69992448,perform,Latinate,30,13.2870,30
B,2136,69992448,perhaps,Latinate,62,12.0728,30
B,2136,69992448,permit,Latinate,13,13.9283,30
B,2136,69992448,possess,Latinate,23,13.4683,30
B,2136,69992448,previous,Latinate,50,12.0168,30
B,2136,69992448,previously,Latinate,64,13.3742,30
B,2136,69992448,prior,Latinate,51,13.2321,30
B,2136,69992448,provide,Latinate,5,11.0879,30
B,2136,69992448,purchase,Latinate,11,13.6164,30
B,2136,69992448,rapid,Latinate,42,12.5713,30
B,2136,69992448,receive,Latinate,6,11.2039,30
B,2136,69992448,remain,Latinate,27,11.9746,30
B,2136,69992448,remainder,Latinate,36,19.0452,30
B,2136,69992448,repair,Latinate,22,14.9576,30
B,2136,69992448,reply,Latinate,17,14.4500,30
B,2136,69992448,request,Latinate,15,11.8990,30
B,2136,69992448,require,Latinate,3,12.2883,30
B,2136,69992448,residence,Latinate,33,15.8497,30
B,2136,69992448,respond,Latinate,18,13.6088,30
B,2136,69992448,rest,Germanic,36,7.2234,30
B,2136,69992448,retain,Latinate,28,13.2523,30
B,2136,69992448,safe,Germanic,58,11.2775,30
B,2136,69992448,secure,Latinate,58,11.6921,30
B,2136,69992448,see,Germanic,26,5.6180,30
B,2136,69992448,select,Latinate,21,14.5884,30
B,2136,69992448,shall,Latinate,67,6.5392,30
B,2136,69992448,show,Germanic,10,9.9854,30
B,2136,69992448,sick,Germanic,57,11.9869,30
B,2136,69992448,sickness,Germanic,35,15.1645,30
B,2136,69992448,so,Germanic,61,7.5959,30
B,2136,69992448,sometimes,Germanic,65,12.2087,30
B,2136,69992448,start,Germanic,25,10.1463,30
B,2136,69992448,stay,Germanic,27,8.7039,30
B,2136,69992448,strange,Latinate,55,12.3472,30
B,2136,69992448,subsequent,Latinate,53,19.4392,30
B,2136,69992448,sufficient,Latinate,44,14.9826,30
B,2136,69992448,therefore,Latinate,61,11.7105,30
B,2136,69992448,try,Germanic,7,8.5624,30
B,2136,69992448,understand,Germanic,0,8.6096,30
B,2136,69992448,want,Germanic,4,7.2513,30
B,2136,69992448,whole,Germanic,45,8.9174,30
B,2136,69992448,will,Germanic,67,7.6729,30
B,2441,79986688,acquire,Latinate,1,19.3327,18
B,2441,79986688,additional,Latinate,48,15.2103,30
B,2441,79986688,allow,Latinate,14,10.0530,30
B,2441,79986688,ancient,Latinate,49,11.8559,30
B,2441,79986688,answer,Germanic,17,10.2471,30
B,2441,79986688,ask,Germanic,15,7.8168,30
B,2441,79986688,assist,Latinate,8,14.3476,30
B,2441,79986688,assistance,Latinate,37,12.5967,30
B,2441,79986688,attempt,Latinate,7,11.5446,30
B,2441,79986688,baby,Germanic,31,10.7666,30
B,2441,79986688,before,Germanic,64,9.5915,30
B,2441,79986688,beverage,Latinate,32,29.3107,11
B,2441,79986688,build,Germanic,9,10.2130,30
B,2441,79986688,but,Germanic,60,4.7179,30
B,2441,79986688,buy,Germanic,11,8.7177,30
B,2441,79986688,choose,Germanic,21,12.5112,30
B,2441,79986688,commence,Latinate,25,20.8693,14
B,2441,79986688,comprehend,Latinate,0,21.6385,19
B,2441,79986688,conceal,Latinate,19,13.2424,30
B,2441,79986688,conclude,Latinate,24,16.7076,15
B,2441,79986688,construct,Latinate,9,17.0655,18
B,2441,79986688,currently,Latinate,66,13.7102,30
B,2441,79986688,demonstrate,Latinate,10,15.2618,30
B,2441,79986688,depart,Latinate,12,12.5832,30
B,2441,79986688,desire,Latinate,4,12.5550,30
B,2441,79986688,difficult,Latinate,43,7.0063,30
B,2441,79986688,discover,Latinate,20,12.0420,30
B,2441,79986688,do,Germanic,30,6.5299,30
B,2441,79986688,drink,Germanic,32,11.6496,30
B,2441,79986688,earlier,Germanic,50,14.1882,30
B,2441,79986688,end,Germanic,24,6.7334,30
B,2441,79986688,enormous,Latinate,38,11.1291,30
B,2441,79986688,enough,Germanic,44,7.6909,30
B,2441,79986688,entire,Latinate,45,11.9353,30
B,2441,79986688,error,Latinate,34,8.6580,30
B,2441,79986688,fast,Germanic,42,9.5182,30
B,2441,79986688,final,Latinate,59,10.6356,30
B,2441,79986688,find,Germanic,20,8.3719,30
B,2441,79986688,first,Germanic,52,10.1789,30
B,2441,79986688,fortunate,Latinate,54,12.0485,30
B,2441,79986688,frequently,Latinate,63,13.5429,30
B,2441,79986688,get,Germanic,1,5.6843,30
B,2441,79986688,gigantic,Latinate,39,19.3213,30
B,2441,79986688,give,Germanic,5,7.8561,30
B,2441,79986688,hard,Germanic,43,9.1237,30
B,2441,79986688,have,Germanic,23,4.2565,30
B,2441,79986688,help,Germanic,8,8.0421,30
B,2441,79986688,hide,Germanic,19,11.7291,30
B,2441,79986688,home,Germanic,33,8.2653,30
B,2441,79986688,however,Latinate,60,13.3168,30
B,2441,79986688,huge,Germanic,38,12.7230,30
B,2441,79986688,ill,Latinate,57,10.8102,30
B,2441,79986688,illness,Latinate,35,10.5955,30
B,2441,79986688,immense,Latinate,40,13.2321,30
B,2441,79986688,infant,Latinate,31,17.4799,30
B,2441,79986688,initial,Latinate,52,13.9214,30
B,2441,79986688,inquire,Latinate,16,15.1435,30
B,2441,79986688,keep,Germanic,28,8.4247,30
B,2441,79986688,last,Germanic,59,9.5871,30
B,2441,79986688,leave,Germanic,12,9.8052,30
B,2441,79986688,let,Germanic,13,10.2123,30
B,2441,79986688,lucky,Germanic,54,11.3162,30
B,2441,79986688,maintain,Latinate,29,14.3201,30
B,2441,79986688,many,Germanic,46,8.3000,30
B,2441,79986688,massive,Latinate,41,14.8769,30
B,2441,79986688,maybe,Germanic,62,12.1725,30
B,2441,79986688,mend,Germanic,22,20.1446,30
B,2441,79986688,mistake,Germanic,34,7.6182,30
B,2441,79986688,more,Germanic,48,8.3820,30
B,2441,79986688,multiple,Latinate,47,14.9905,30
B,2441,79986688,need,Germanic,3,8.1520,30
B,2441,79986688,next,Germanic,53,9.5330,30
B,2441,79986688,now,Germanic,66,9.6414,30
B,2441,79986688,numerous,Latinate,46,13.9748,30
B,2441,79986688,observe,Latinate,26,15.2881,30
B,2441,79986688,obtain,Latinate,2,11.4173,30
B,2441,79986688,occasionally,Latinate,65,15.3721,30
B,2441,79986688,odd,Germanic,55,11.0529,30
B,2441,79986688,often,Germanic,63,10.2951,30
B,2441,79986688,old,Germanic,49,9.0708,30
B,2441,79986688,peculiar,Latinate,56,15.0972,30
B,2441,79986688,perform,Latinate,30,12.3371,30
B,2441,79986688,perhaps,Latinate,62,11.3114,30
B,2441,79986688,permit,Latinate,13,14.1242,30
B,2441,79986688,possess,Latinate,23,12.0125,30
B,2441,79986688,previous,Latinate,50,11.3330,30
B,2441,79986688,previously,Latinate,64,12.5006,30
B,2441,79986688,prior,Latinate,51,12.5446,30
B,2441,79986688,provide,Latinate,5,9.6857,30
B,2441,79986688,purchase,Latinate,11,12.8286,30
B,2441,79986688,rapid,Latinate,42,10.7931,30
B,2441,79986688,receive,Latinate,6,10.1852,30
B,2441,79986688,remain,Latinate,27,11.4262,30
B,2441,79986688,remainder,Latinate,36,16.5610,30
B,2441,79986688,repair,Latinate,22,15.1225,30
B,2441,79986688,reply,Latinate,17,13.9044,30
B,2441,79986688,request,Latinate,15,12.0505,30
B,2441,79986688,require,Latinate,3,11.2930,30
B,2441,79986688,residence,Latinate,33,15.4557,30
B,2441,79986688,respond,Latinate,18,12.0458,30
B,2441,79986688,rest,Germanic,36,7.7607,30
B,2441,79986688,retain,Latinate,28,14.1798,30
B,2441,79986688,safe,Germanic,58,11.4709,30
B,2441,79986688,secure,Latinate,58,11.2137,30
B,2441,79986688,see,Germanic,26,6.1294,30
B,2441,79986688,select,Latinate,21,13.8348,30
B,2441,79986688,shall,Latinate,67,6.6016,30
B,2441,79986688,show,Germanic,10,10.1911,30
B,2441,79986688,sick,Germanic,57,12.7956,30
B,2441,79986688,sickness,Germanic,35,15.5246,30
B,2441,79986688,so,Germanic,61,7.3408,30
B,2441,79986688,sometimes,Germanic,65,12.9085,30
B,2441,79986688,start,Germanic,25,9.4882,30
B,2441,79986688,stay,Germanic,27,8.5316,30
B,2441,79986688,strange,Latinate,55,12.0762,30
B,2441,79986688,subsequent,Latinate,53,20.1726,30
B,2441,79986688,sufficient,Latinate,44,13.5386,30
B,2441,79986688,therefore,Latinate,61,11.9072,30
B,2441,79986688,try,Germanic,7,9.0377,30
B,2441,79986688,understand,Germanic,0,8.8169,30
B,2441,79986688,want,Germanic,4,6.9458,30
B,2441,79986688,whole,Germanic,45,8.9644,30
B,2441,79986688,will,Germanic,67,7.4340,30
B,2747,90013696,acquire,Latinate,1,19.7396,18
B,2747,90013696,additional,Latinate,48,15.1916,30
B,2747,90013696,allow,Latinate,14,9.9322,30
B,2747,90013696,ancient,Latinate,49,12.2310,30
B,2747,90013696,answer,Germanic,17,10.8491,30
B,2747,90013696,ask,Germanic,15,7.6138,30
B,2747,90013696,assist,Latinate,8,13.9407,30
B,2747,90013696,assistance,Latinate,37,11.7808,30
B,2747,90013696,attempt,Latinate,7,11.5846,30
B,2747,90013696,baby,Germanic,31,10.1489,30
B,2747,90013696,before,Germanic,64,9.4477,30
B,2747,90013696,beverage,Latinate,32,30.4028,11
B,2747,90013696,build,Germanic,9,9.5966,30
B,2747,90013696,but,Germanic,60,5.2491,30
B,2747,90013696,buy,Germanic,11,9.3360,30
B,2747,90013696,choose,Germanic,21,13.2857,30
B,2747,90013696,commence,Latinate,25,22.4448,14
B,2747,90013696,comprehend,Latinate,0,21.4455,19
B,2747,90013696,conceal,Latinate,19,14.1008,30
B,2747,90013696,conclude,Latinate,24,16.2084,15
B,2747,90013696,construct,Latinate,9,17.5379,18
B,2747,90013696,currently,Latinate,66,11.8078,30
B,2747,90013696,demonstrate,Latinate,10,13.7901,30
B,2747,90013696,depart,Latinate,12,12.7079,30
B,2747,90013696,desire,Latinate,4,13.2809,30
B,2747,90013696,difficult,Latinate,43,9.4457,30
B,2747,90013696,discover,Latinate,20,11.2001,30
B,2747,90013696,do,Germanic,30,6.1091,30
B,2747,90013696,drink,Germanic,32,11.3459,30
B,2747,90013696,earlier,Germanic,50,14.0774,30
B,2747,90013696,end,Germanic,24,7.3261,30
B,2747,90013696,enormous,Latinate,38,10.2111,30
B,2747,90013696,enough,Germanic,44,7.1930,30
B,2747,90013696,entire,Latinate,45,11.7430,30
B,2747,90013696,error,Latinate,34,8.7773,30
B,2747,90013696,fast,Germanic,42,10.5736,30
B,2747,90013696,final,Latinate,59,9.9277,30
B,2747,90013696,find,Germanic,20,7.9108,30
B,2747,90013696,first,Germanic,52,10.0471,30
B,2747,90013696,fortunate,Latinate,54,12.5931,30
B,2747,90013696,frequently,Latinate,63,12.7375,30
B,2747,90013696,get,Germanic,1,5.6138,30
B,2747,90013696,gigantic,Latinate,39,18.9419,30
B,2747,90013696,give,Germanic,5,7.1711,30
B,2747,90013696,hard,Germanic,43,9.3689,30
B,2747,90013696,have,Germanic,23,4.6502,30
B,2747,90013696,help,Germanic,8,7.6280,30
B,2747,90013696,hide,Germanic,19,10.7076,30
B,2747,90013696,home,Germanic,33,8.3782,30
B,2747,90013696,however,Latinate,60,13.3774,30
B,2747,90013696,huge,Germanic,38,11.9108,30
B,2747,90013696,ill,Latinate,57,10.4406,30
B,2747,90013696,illness,Latinate,35,11.9891,30
B,2747,90013696,immense,Latinate,40,13.8683,30
B,2747,90013696,infant,Latinate,31,18.2935,30
B,2747,90013696,initial,Latinate,52,13.6752,30
B,2747,90013696,inquire,Latinate,16,13.9323,30
B,2747,90013696,keep,Germanic,28,7.7180,30
B,2747,90013696,last,Germanic,59,10.0809,30
B,2747,90013696,leave,Germanic,12,9.1405,30
B,2747,90013696,let,Germanic,13,9.0873,30
B,2747,90013696,lucky,Germanic,54,11.1451,30
B,2747,90013696,maintain,Latinate,29,12.8308,30
B,2747,90013696,many,Germanic,46,8.0869,30
B,2747,90013696,massive,Latinate,41,14.4567,30
B,2747,90013696,maybe,Germanic,62,12.5438,30
B,2747,90013696,mend,Germanic,22,20.3241,30
B,2747,90013696,mistake,Germanic,34,8.0437,30
B,2747,90013696,more,Germanic,48,9.1747,30
B,2747,90013696,multiple,Latinate,47,14.1234,30
B,2747,90013696,need,Germanic,3,7.9117,30
B,2747,90013696,next,Germanic,53,9.7583,30
B,2747,90013696,now,Germanic,66,9.2257,30
B,2747,90013696,numerous,Latinate,46,14.6213,30
B,2747,90013696,observe,Latinate,26,15.2046,30
B,2747,90013696,obtain,Latinate,2,11.6612,30
B,2747,90013696,occasionally,Latinate,65,14.3227,30
B,2747,90013696,odd,Germanic,55,11.4029,30
B,2747,90013696,often,Germanic,63,10.5062,30
B,2747,90013696,old,Germanic,49,9.6374,30
B,2747,90013696,peculiar,Latinate,56,14.8392,30
B,2747,90013696,perform,Latinate,30,12.0379,30
B,2747,90013696,perhaps,Latinate,62,12.1325,30
B,2747,90013696,permit,Latinate,13,14.1743,30
B,2747,90013696,possess,Latinate,23,12.9737,30
B,2747,90013696,previous,Latinate,50,11.2939,30
B,2747,90013696,previously,Latinate,64,12.7079,30
B,2747,90013696,prior,Latinate,51,13.9224,30
B,2747,90013696,provide,Latinate,5,9.7807,30
B,2747,90013696,purchase,Latinate,11,13.1720,30
B,2747,90013696,rapid,Latinate,42,11.3653,30
B,2747,90013696,receive,Latinate,6,10.7682,30
B,2747,90013696,remain,Latinate,27,11.0554,30
B,2747,90013696,remainder,Latinate,36,15.3881,30
B,2747,90013696,repair,Latinate,22,14.7208,30
B,2747,90013696,reply,Latinate,17,13.6775,30
B,2747,90013696,request,Latinate,15,12.1756,30
B,2747,90013696,require,Latinate,3,10.4509,30
B,2747,90013696,residence,Latinate,33,15.6541,30
B,2747,90013696,respond,Latinate,18,12.7375,30
B,2747,90013696,rest,Germanic,36,7.9542,30
B,2747,90013696,retain,Latinate,28,14.0222,30
B,2747,90013696,safe,Germanic,58,11.6618,30
B,2747,90013696,secure,Latinate,58,10.6454,30
B,2747,90013696,see,Germanic,26,5.0405,30
B,2747,90013696,select,Latinate,21,13.2537,30
B,2747,90013696,shall,Latinate,67,7.0223,30
B,2747,90013696,show,Germanic,10,9.8704,30
B,2747,90013696,sick,Germanic,57,12.8937,30
B,2747,90013696,sickness,Germanic,35,14.8091,30
B,2747,90013696,so,Germanic,61,7.0751,30
B,2747,90013696,sometimes,Germanic,65,12.9130,30
B,2747,90013696,start,Germanic,25,9.0425,30
B,2747,90013696,stay,Germanic,27,9.1311,30
B,2747,90013696,strange,Latinate,55,12.4156,30
B,2747,90013696,subsequent,Latinate,53,21.0459,30
B,2747,90013696,sufficient,Latinate,44,14.4311,30
B,2747,90013696,therefore,Latinate,61,11.6549,30
B,2747,90013696,try,Germanic,7,8.2706,30
B,2747,90013696,understand,Germanic,0,7.9617,30
B,2747,90013696,want,Germanic,4,6.5871,30
B,2747,90013696,whole,Germanic,45,9.3458,30
B,2747,90013696,will,Germanic,67,7.9652,30
B,3052,100007936,acquire,Latinate,1,19.1963,18
B,3052,100007936,additional,Latinate,48,15.4648,30
B,3052,100007936,allow,Latinate,14,10.0172,30
B,3052,100007936,ancient,Latinate,49,12.1566,30
B,3052,100007936,answer,Germanic,17,10.7948,30
B,3052,100007936,ask,Germanic,15,8.4425,30
B,3052,100007936,assist,Latinate,8,14.5259,30
B,3052,100007936,assistance,Latinate,37,11.4677,30
B,3052,100007936,attempt,Latinate,7,11.1631,30
B,3052,100007936,baby,Germanic,31,9.8706,30
B,3052,100007936,before,Germanic,64,9.4639,30
B,3052,100007936,beverage,Latinate,32,28.2070,11
B,3052,100007936,build,Germanic,9,10.8960,30
B,3052,100007936,but,Germanic,60,5.2908,30
B,3052,100007936,buy,Germanic,11,8.7241,30
B,3052,100007936,choose,Germanic,21,12.6424,30
B,3052,100007936,commence,Latinate,25,20.6433,14
B,3052,100007936,comprehend,Latinate,0,19.0697,19
B,3052,100007936,conceal,Latinate,19,13.6714,30
B,3052,100007936,conclude,Latinate,24,16.6921,15
B,3052,100007936,construct,Latinate,9,15.3047,18
B,3052,100007936,currently,Latinate,66,13.5756,30
B,3052,100007936,demonstrate,Latinate,10,14.6561,30
B,3052,100007936,depart,Latinate,12,13.1745,30
B,3052,100007936,desire,Latinate,4,11.6077,30
B,3052,100007936,difficult,Latinate,43,8.1327,30
B,3052,100007936,discover,Latinate,20,11.8168,30
B,3052,100007936,do,Germanic,30,5.8214,30
B,3052,100007936,drink,Germanic,32,10.3647,30
B,3052,100007936,earlier,Germanic,50,13.7696,30
B,3052,100007936,end,Germanic,24,6.2215,30
B,3052,100007936,enormous,Latinate,38,9.7130,30
B,3052,100007936,enough,Germanic,44,7.4362,30
B,3052,100007936,entire,Latinate,45,11.9589,30
B,3052,100007936,error,Latinate,34,8.6495,30
B,3052,100007936,fast,Germanic,42,9.3328,30
B,3052,100007936,final,Latinate,59,9.0593,30
B,3052,100007936,find,Germanic,20,8.5492,30
B,3052,100007936,first,Germanic,52,9.5822,30
B,3052,100007936,fortunate,Latinate,54,13.1301,30
B,3052,100007936,frequently,Latinate,63,13.7856,30
B,3052,100007936,get,Germanic,1,5.9825,30
B,3052,100007936,gigantic,Latinate,39,17.2572,30
B,3052,100007936,give,Germanic,5,7.7353,30
B,3052,100007936,hard,Germanic,43,9.8063,30
B,3052,100007936,have,Germanic,23,4.3201,30
B,3052,100007936,help,Germanic,8,8.6815,30
B,3052,100007936,hide,Germanic,19,10.4847,30
B,3052,100007936,home,Germanic,33,8.0707,30
B,3052,100007936,however,Latinate,60,13.7854,30
B,3052,100007936,huge,Germanic,38,11.7280,30
B,3052,100007936,ill,Latinate,57,9.6863,30
B,3052,100007936,illness,Latinate,35,10.8075,30
B,3052,100007936,immense,Latinate,40,12.7983,30
B,3052,100007936,infant,Latinate,31,17.6826,30
B,3052,100007936,initial,Latinate,52,13.5712,30
B,3052,100007936,inquire,Latinate,16,14.6777,30
B,3052,100007936,keep,Germanic,28,8.5033,30
B,3052,100007936,last,Germanic,59,9.3053,30
B,3052,100007936,leave,Germanic,12,9.5511,30
B,3052,100007936,let,Germanic,13,9.7871,30
B,3052,100007936,lucky,Germanic,54,11.3475,30
B,3052,100007936,maintain,Latinate,29,13.9241,30
B,3052,100007936,many,Germanic,46,8.5783,30
B,3052,100007936,massive,Latinate,41,14.9741,30
B,3052,100007936,maybe,Germanic,62,13.0965,30
B,3052,100007936,mend,Germanic,22,19.8983,30
B,3052,100007936,mistake,Germanic,34,6.3252,30
B,3052,100007936,more,Germanic,48,9.0244,30
B,3052,100007936,multiple,Latinate,47,13.8428,30
B,3052,100007936,need,Germanic,3,7.8587,30
B,3052,100007936,next,Germanic,53,9.8514,30
B,3052,100007936,now,Germanic,66,9.1951,30
B,3052,100007936,numerous,Latinate,46,14.2081,30
B,3052,100007936,observe,Latinate,26,16.8889,30
B,3052,100007936,obtain,Latinate,2,11.7447,30
B,3052,100007936,occasionally,Latinate,65,14.7845,30
B,3052,100007936,odd,Germanic,55,10.2198,30
B,3052,100007936,often,Germanic,63,10.9524,30
B,3052,100007936,old,Germanic,49,9.2147,30
B,3052,100007936,peculiar,Latinate,56,13.8661,30
B,3052,100007936,perform,Latinate,30,12.0324,30
B,3052,100007936,perhaps,Latinate,62,12.6149,30
B,3052,100007936,permit,Latinate,13,13.4113,30
B,3052,100007936,possess,Latinate,23,13.2172,30
B,3052,100007936,previous,Latinate,50,11.4305,30
B,3052,100007936,previously,Latinate,64,12.1059,30
B,3052,100007936,prior,Latinate,51,12.9141,30
B,3052,100007936,provide,Latinate,5,10.4793,30
B,3052,100007936,purchase,Latinate,11,13.5162,30
B,3052,100007936,rapid,Latinate,42,11.2725,30
B,3052,100007936,receive,Latinate,6,10.7832,30
B,3052,100007936,remain,Latinate,27,11.1993,30
B,3052,100007936,remainder,Latinate,36,14.0606,30
B,3052,100007936,repair,Latinate,22,15.3283,30
B,3052,100007936,reply,Latinate,17,13.8966,30
B,3052,100007936,request,Latinate,15,11.5161,30
B,3052,100007936,require,Latinate,3,11.9516,30
B,3052,100007936,residence,Latinate,33,14.2855,30
B,3052,100007936,respond,Latinate,18,14.0952,30
B,3052,100007936,rest,Germanic,36,6.8255,30
B,3052,100007936,retain,Latinate,28,12.8365,30
B,3052,100007936,safe,Germanic,58,11.5218,30
B,3052,100007936,secure,Latinate,58,11.3801,30
B,3052,100007936,see,Germanic,26,5.5146,30
B,3052,100007936,select,Latinate,21,13.0177,30
B,3052,100007936,shall,Latinate,67,6.8504,30
B,3052,100007936,show,Germanic,10,9.5261,30
B,3052,100007936,sick,Germanic,57,11.6061,30
B,3052,100007936,sickness,Germanic,35,13.9701,30
B,3052,100007936,so,Germanic,61,7.4461,30
B,3052,100007936,sometimes,Germanic,65,12.5219,30
B,3052,100007936,start,Germanic,25,9.6331,30
B,3052,100007936,stay,Germanic,27,8.7227,30
B,3052,100007936,strange,Latinate,55,12.6020,30
B,3052,100007936,subsequent,Latinate,53,17.3931,30
B,3052,100007936,sufficient,Latinate,44,13.8274,30
B,3052,100007936,therefore,Latinate,61,12.4618,30
B,3052,100007936,try,Germanic,7,8.4987,30
B,3052,100007936,understand,Germanic,0,8.4980,30
B,3052,100007936,want,Germanic,4,6.7799,30
B,3052,100007936,whole,Germanic,45,9.7853,30
B,3052,100007936,will,Germanic,67,7.6890,30
B,4578,150011904,acquire,Latinate,1,17.6069,18
B,4578,150011904,additional,Latinate,48,16.6419,30
B,4578,150011904,allow,Latinate,14,9.7290,30
B,4578,150011904,ancient,Latinate,49,11.4480,30
B,4578,150011904,answer,Germanic,17,10.1255,30
B,4578,150011904,ask,Germanic,15,6.8578,30
B,4578,150011904,assist,Latinate,8,13.4157,30
B,4578,150011904,assistance,Latinate,37,10.2130,30
B,4578,150011904,attempt,Latinate,7,10.8901,30
B,4578,150011904,baby,Germanic,31,9.7026,30
B,4578,150011904,before,Germanic,64,9.1757,30
B,4578,150011904,beverage,Latinate,32,22.3617,11
B,4578,150011904,build,Germanic,9,10.1874,30
B,4578,150011904,but,Germanic,60,6.0050,30
B,4578,150011904,buy,Germanic,11,9.4870,30
B,4578,150011904,choose,Germanic,21,12.3099,30
B,4578,150011904,commence,Latinate,25,18.8996,14
B,4578,150011904,comprehend,Latinate,0,16.8931,19
B,4578,150011904,conceal,Latinate,19,11.9364,30
B,4578,150011904,conclude,Latinate,24,15.1145,15
B,4578,150011904,construct,Latinate,9,13.1875,18
B,4578,150011904,currently,Latinate,66,13.8881,30
B,4578,150011904,demonstrate,Latinate,10,14.7300,30
B,4578,150011904,depart,Latinate,12,12.2273,30
B,4578,150011904,desire,Latinate,4,10.9206,30
B,4578,150011904,difficult,Latinate,43,6.2634,30
B,4578,150011904,discover,Latinate,20,10.5179,30
B,4578,150011904,do,Germanic,30,6.3199,30
B,4578,150011904,drink,Germanic,32,10.4071,30
B,4578,150011904,earlier,Germanic,50,12.8485,30
B,4578,150011904,end,Germanic,24,6.6542,30
B,4578,150011904,enormous,Latinate,38,9.2582,30
B,4578,150011904,enough,Germanic,44,7.7298,30
B,4578,150011904,entire,Latinate,45,10.5211,30
B,4578,150011904,error,Latinate,34,7.4442,30
B,4578,150011904,fast,Germanic,42,9.7821,30
B,4578,150011904,final,Latinate,59,10.2818,30
B,4578,150011904,find,Germanic,20,8.3279,30
B,4578,150011904,first,Germanic,52,9.5194,30
B,4578,150011904,fortunate,Latinate,54,10.6741,30
B,4578,150011904,frequently,Latinate,63,13.4354,30
B,4578,150011904,get,Germanic,1,6.1333,30
B,4578,150011904,gigantic,Latinate,39,17.4905,30
B,4578,150011904,give,Germanic,5,7.7381,30
B,4578,150011904,hard,Germanic,43,9.0081,30
B,4578,150011904,have,Germanic,23,4.7292,30
B,4578,150011904,help,Germanic,8,7.7064,30
B,4578,150011904,hide,Germanic,19,10.4748,30
B,4578,150011904,home,Germanic,33,8.0539,30
B,4578,150011904,however,Latinate,60,13.1526,30
B,4578,150011904,huge,Germanic,38,11.6820,30
B,4578,150011904,ill,Latinate,57,9.8473,30
B,4578,150011904,illness,Latinate,35,9.6742,30
B,4578,150011904,immense,Latinate,40,11.9633,30
B,4578,150011904,infant,Latinate,31,16.4789,30
B,4578,150011904,initial,Latinate,52,13.9213,30
B,4578,150011904,inquire,Latinate,16,12.0490,30
B,4578,150011904,keep,Germanic,28,8.7913,30
B,4578,150011904,last,Germanic,59,8.7993,30
B,4578,150011904,leave,Germanic,12,9.6861,30
B,4578,150011904,let,Germanic,13,9.5809,30
B,4578,150011904,lucky,Germanic,54,10.0916,30
B,4578,150011904,maintain,Latinate,29,13.5879,30
B,4578,150011904,many,Germanic,46,8.1992,30
B,4578,150011904,massive,Latinate,41,15.5079,30
B,4578,150011904,maybe,Germanic,62,12.9557,30
B,4578,150011904,mend,Germanic,22,16.6393,30
B,4578,150011904,mistake,Germanic,34,5.9926,30
B,4578,150011904,more,Germanic,48,8.6988,30
B,4578,150011904,multiple,Latinate,47,15.2536,30
B,4578,150011904,need,Germanic,3,7.8086,30
B,4578,150011904,next,Germanic,53,9.1955,30
B,4578,150011904,now,Germanic,66,9.4068,30
B,4578,150011904,numerous,Latinate,46,13.8419,30
B,4578,150011904,observe,Latinate,26,15.1256,30
B,4578,150011904,obtain,Latinate,2,10.7096,30
B,4578,150011904,occasionally,Latinate,65,12.7254,30
B,4578,150011904,odd,Germanic,55,10.0305,30
B,4578,150011904,often,Germanic,63,10.9018,30
B,4578,150011904,old,Germanic,49,9.0440,30
B,4578,150011904,peculiar,Latinate,56,13.9225,30
B,4578,150011904,perform,Latinate,30,11.8571,30
B,4578,150011904,perhaps,Latinate,62,12.6894,30
B,4578,150011904,permit,Latinate,13,11.7100,30
B,4578,150011904,possess,Latinate,23,11.4589,30
B,4578,150011904,previous,Latinate,50,11.2165,30
B,4578,150011904,previously,Latinate,64,11.6880,30
B,4578,150011904,prior,Latinate,51,11.8049,30
B,4578,150011904,provide,Latinate,5,11.7355,30
B,4578,150011904,purchase,Latinate,11,13.7569,30
B,4578,150011904,rapid,Latinate,42,10.7271,30
B,4578,150011904,receive,Latinate,6,9.9962,30
B,4578,150011904,remain,Latinate,27,10.3680,30
B,4578,150011904,remainder,Latinate,36,14.7987,30
B,4578,150011904,repair,Latinate,22,14.1222,30
B,4578,150011904,reply,Latinate,17,13.0236,30
B,4578,150011904,request,Latinate,15,10.8969,30
B,4578,150011904,require,Latinate,3,11.5551,30
B,4578,150011904,residence,Latinate,33,15.1056,30
B,4578,150011904,respond,Latinate,18,12.6466,30
B,4578,150011904,rest,Germanic,36,6.1690,30
B,4578,150011904,retain,Latinate,28,12.9238,30
B,4578,150011904,safe,Germanic,58,10.8623,30
B,4578,150011904,secure,Latinate,58,10.7485,30
B,4578,150011904,see,Germanic,26,5.2846,30
B,4578,150011904,select,Latinate,21,13.4189,30
B,4578,150011904,shall,Latinate,67,7.0190,30
B,4578,150011904,show,Germanic,10,10.1079,30
B,4578,150011904,sick,Germanic,57,11.8032,30
B,4578,150011904,sickness,Germanic,35,13.6385,30
B,4578,150011904,so,Germanic,61,7.4088,30
B,4578,150011904,sometimes,Germanic,65,12.4537,30
B,4578,150011904,start,Germanic,25,8.7021,30
B,4578,150011904,stay,Germanic,27,9.2466,30
B,4578,150011904,strange,Latinate,55,11.5738,30
B,4578,150011904,subsequent,Latinate,53,17.6268,30
B,4578,150011904,sufficient,Latinate,44,13.1333,30
B,4578,150011904,therefore,Latinate,61,11.9150,30
B,4578,150011904,try,Germanic,7,8.0339,30
B,4578,150011904,understand,Germanic,0,8.1008,30
B,4578,150011904,want,Germanic,4,6.9216,30
B,4578,150011904,whole,Germanic,45,8.7991,30
B,4578,150011904,will,Germanic,67,8.4426,30
B,6104,200015872,acquire,Latinate,1,16.2014,18
B,6104,200015872,additional,Latinate,48,17.4598,30
B,6104,200015872,allow,Latinate,14,9.9920,30
B,6104,200015872,ancient,Latinate,49,11.0196,30
B,6104,200015872,answer,Germanic,17,10.4760,30
B,6104,200015872,ask,Germanic,15,6.9344,30
B,6104,200015872,assist,Latinate,8,14.0723,30
B,6104,200015872,assistance,Latinate,37,9.6081,30
B,6104,200015872,attempt,Latinate,7,11.7916,30
B,6104,200015872,baby,Germanic,31,9.6583,30
B,6104,200015872,before,Germanic,64,9.8162,30
B,6104,200015872,beverage,Latinate,32,21.9276,11
B,6104,200015872,build,Germanic,9,9.6850,30
B,6104,200015872,but,Germanic,60,5.7809,30
B,6104,200015872,buy,Germanic,11,9.9008,30
B,6104,200015872,choose,Germanic,21,12.8618,30
B,6104,200015872,commence,Latinate,25,16.1926,14
B,6104,200015872,comprehend,Latinate,0,11.9878,19
B,6104,200015872,conceal,Latinate,19,11.7243,30
B,6104,200015872,conclude,Latinate,24,16.7242,15
B,6104,200015872,construct,Latinate,9,12.3473,18
B,6104,200015872,currently,Latinate,66,13.1795,30
B,6104,200015872,demonstrate,Latinate,10,13.6543,30
B,6104,200015872,depart,Latinate,12,12.0064,30
B,6104,200015872,desire,Latinate,4,10.9539,30
B,6104,200015872,difficult,Latinate,43,7.2462,30
B,6104,200015872,discover,Latinate,20,10.3639,30
B,6104,200015872,do,Germanic,30,5.9224,30
B,6104,200015872,drink,Germanic,32,10.8914,30
B,6104,200015872,earlier,Germanic,50,13.6637,30
B,6104,200015872,end,Germanic,24,7.5208,30
B,6104,200015872,enormous,Latinate,38,10.1530,30
B,6104,200015872,enough,Germanic,44,7.9998,30
B,6104,200015872,entire,Latinate,45,11.0954,30
B,6104,200015872,error,Latinate,34,8.0681,30
B,6104,200015872,fast,Germanic,42,10.3668,30
B,6104,200015872,final,Latinate,59,10.3451,30
B,6104,200015872,find,Germanic,20,8.0054,30
B,6104,200015872,first,Germanic,52,10.1619,30
B,6104,200015872,fortunate,Latinate,54,10.7154,30
B,6104,200015872,frequently,Latinate,63,13.9888,30
B,6104,200015872,get,Germanic,1,5.9332,30
B,6104,200015872,gigantic,Latinate,39,15.7439,30
B,6104,200015872,give,Germanic,5,7.5765,30
B,6104,200015872,hard,Germanic,43,9.9395,30
B,6104,200015872,have,Germanic,23,4.2174,30
B,6104,200015872,help,Germanic,8,7.8969,30
B,6104,200015872,hide,Germanic,19,10.1999,30
B,6104,200015872,home,Germanic,33,8.1368,30
B,6104,200015872,however,Latinate,60,13.6878,30
B,6104,200015872,huge,Germanic,38,10.9510,30
B,6104,200015872,ill,Latinate,57,9.3447,30
B,6104,200015872,illness,Latinate,35,9.1786,30
B,6104,200015872,immense,Latinate,40,12.7120,30
B,6104,200015872,infant,Latinate,31,16.5815,30
B,6104,200015872,initial,Latinate,52,13.6637,30
B,6104,200015872,inquire,Latinate,16,11.2319,30
B,6104,200015872,keep,Germanic,28,9.0106,30
B,6104,200015872,last,Germanic,59,8.8849,30
B,6104,200015872,leave,Germanic,12,9.3652,30
B,6104,200015872,let,Germanic,13,10.3014,30
B,6104,200015872,lucky,Germanic,54,11.0154,30
B,6104,200015872,maintain,Latinate,29,12.8105,30
B,6104,200015872,many,Germanic,46,8.7165,30
B,6104,200015872,massive,Latinate,41,15.5213,30
B,6104,200015872,maybe,Germanic,62,13.3115,30
B,6104,200015872,mend,Germanic,22,16.5402,30
B,6104,200015872,mistake,Germanic,34,6.4608,30
B,6104,200015872,more,Germanic,48,8.5747,30
B,6104,200015872,multiple,Latinate,47,15.5323,30
B,6104,200015872,need,Germanic,3,8.0955,30
B,6104,200015872,next,Germanic,53,9.4053,30
B,6104,200015872,now,Germanic,66,9.4878,30
B,6104,200015872,numerous,Latinate,46,13.2166,30
B,6104,200015872,observe,Latinate,26,13.9162,30
B,6104,200015872,obtain,Latinate,2,11.1069,30
B,6104,200015872,occasionally,Latinate,65,13.7703,30
B,6104,200015872,odd,Germanic,55,9.7689,30
B,6104,200015872,often,Germanic,63,10.8516,30
B,6104,200015872,old,Germanic,49,9.5153,30
B,6104,200015872,peculiar,Latinate,56,13.9497,30
B,6104,200015872,perform,Latinate,30,11.6203,30
B,6104,200015872,perhaps,Latinate,62,13.1629,30
B,6104,200015872,permit,Latinate,13,11.5697,30
B,6104,200015872,possess,Latinate,23,12.3790,30
B,6104,200015872,previous,Latinate,50,11.9592,30
B,6104,200015872,previously,Latinate,64,11.4860,30
B,6104,200015872,prior,Latinate,51,12.2777,30
B,6104,200015872,provide,Latinate,5,10.5392,30
B,6104,200015872,purchase,Latinate,11,13.5255,30
B,6104,200015872,rapid,Latinate,42,10.4634,30
B,6104,200015872,receive,Latinate,6,9.7240,30
B,6104,200015872,remain,Latinate,27,10.2816,30
B,6104,200015872,remainder,Latinate,36,14.1189,30
B,6104,200015872,repair,Latinate,22,13.9851,30
B,6104,200015872,reply,Latinate,17,12.5438,30
B,6104,200015872,request,Latinate,15,10.7670,30
B,6104,200015872,require,Latinate,3,11.6634,30
B,6104,200015872,residence,Latinate,33,14.9895,30
B,6104,200015872,respond,Latinate,18,12.6667,30
B,6104,200015872,rest,Germanic,36,7.8206,30
B,6104,200015872,retain,Latinate,28,13.2712,30
B,6104,200015872,safe,Germanic,58,11.9967,30
B,6104,200015872,secure,Latinate,58,10.8959,30
B,6104,200015872,see,Germanic,26,4.8037,30
B,6104,200015872,select,Latinate,21,12.4621,30
B,6104,200015872,shall,Latinate,67,8.1008,30
B,6104,200015872,show,Germanic,10,9.4908,30
B,6104,200015872,sick,Germanic,57,12.5270,30
B,6104,200015872,sickness,Germanic,35,13.4162,30
B,6104,200015872,so,Germanic,61,7.7189,30
B,6104,200015872,sometimes,Germanic,65,13.1056,30
B,6104,200015872,start,Germanic,25,8.5555,30
B,6104,200015872,stay,Germanic,27,8.8094,30
B,6104,200015872,strange,Latinate,55,11.7683,30
B,6104,200015872,subsequent,Latinate,53,17.6971,30
B,6104,200015872,sufficient,Latinate,44,13.2605,30
B,6104,200015872,therefore,Latinate,61,12.7129,30
B,6104,200015872,try,Germanic,7,8.3834,30
B,6104,200015872,understand,Germanic,0,8.4052,30
B,6104,200015872,want,Germanic,4,7.4711,30
B,6104,200015872,whole,Germanic,45,8.7956,30
B,6104,200015872,will,Germanic,67,8.3419,30
B,7629,249987072,acquire,Latinate,1,16.1761,18
B,7629,249987072,additional,Latinate,48,17.6094,30
B,7629,249987072,allow,Latinate,14,9.8663,30
B,7629,249987072,ancient,Latinate,49,11.0479,30
B,7629,249987072,answer,Germanic,17,10.6477,30
B,7629,249987072,ask,Germanic,15,7.4085,30
B,7629,249987072,assist,Latinate,8,13.4908,30
B,7629,249987072,assistance,Latinate,37,8.8121,30
B,7629,249987072,attempt,Latinate,7,12.3654,30
B,7629,249987072,baby,Germanic,31,10.0530,30
B,7629,249987072,before,Germanic,64,9.9616,30
B,7629,249987072,beverage,Latinate,32,21.4435,11
B,7629,249987072,build,Germanic,9,9.1730,30
B,7629,249987072,but,Germanic,60,5.3503,30
B,7629,249987072,buy,Germanic,11,9.5163,30
B,7629,249987072,choose,Germanic,21,12.4465,30
B,7629,249987072,commence,Latinate,25,17.4028,14
B,7629,249987072,comprehend,Latinate,0,12.2156,19
B,7629,249987072,conceal,Latinate,19,11.2257,30
B,7629,249987072,conclude,Latinate,24,17.3185,15
B,7629,249987072,construct,Latinate,9,11.8768,18
B,7629,249987072,currently,Latinate,66,13.6457,30
B,7629,249987072,demonstrate,Latinate,10,14.1913,30
B,7629,249987072,depart,Latinate,12,12.6563,30
B,7629,249987072,desire,Latinate,4,11.0846,30
B,7629,249987072,difficult,Latinate,43,7.8691,30
B,7629,249987072,discover,Latinate,20,10.1556,30
B,7629,249987072,do,Germanic,30,6.0542,30
B,7629,249987072,drink,Germanic,32,10.0774,30
B,7629,249987072,earlier,Germanic,50,13.7095,30
B,7629,249987072,end,Germanic,24,7.3978,30
B,7629,249987072,enormous,Latinate,38,10.2968,30
B,7629,249987072,enough,Germanic,44,8.2673,30
B,7629,249987072,entire,Latinate,45,11.3843,30
B,7629,249987072,error,Latinate,34,7.4169,30
B,7629,249987072,fast,Germanic,42,10.0149,30
B,7629,249987072,final,Latinate,59,11.0413,30
B,7629,249987072,find,Germanic,20,8.6373,30
B,7629,249987072,first,Germanic,52,9.9218,30
B,7629,249987072,fortunate,Latinate,54,10.4445,30
B,7629,249987072,frequently,Latinate,63,13.1516,30
B,7629,249987072,get,Germanic,1,6.0374,30
B,7629,249987072,gigantic,Latinate,39,16.4250,30
B,7629,249987072,give,Germanic,5,7.5611,30
B,7629,249987072,hard,Germanic,43,10.3092,30
B,7629,249987072,have,Germanic,23,4.7167,30
B,7629,249987072,help,Germanic,8,7.7792,30
B,7629,249987072,hide,Germanic,19,11.1622,30
B,7629,249987072,home,Germanic,33,8.2808,30
B,7629,249987072,however,Latinate,60,14.0562,30
B,7629,249987072,huge,Germanic,38,11.2883,30
B,7629,249987072,ill,Latinate,57,9.7928,30
B,7629,249987072,illness,Latinate,35,9.5786,30
B,7629,249987072,immense,Latinate,40,13.1779,30
B,7629,249987072,infant,Latinate,31,15.6652,30
B,7629,249987072,initial,Latinate,52,13.8106,30
B,7629,249987072,inquire,Latinate,16,11.9332,30
B,7629,249987072,keep,Germanic,28,8.6596,30
B,7629,249987072,last,Germanic,59,9.0083,30
B,7629,249987072,leave,Germanic,12,9.5872,30
B,7629,249987072,let,Germanic,13,10.2706,30
B,7629,249987072,lucky,Germanic,54,10.6250,30
B,7629,249987072,maintain,Latinate,29,13.0481,30
B,7629,249987072,many,Germanic,46,8.6564,30
B,7629,249987072,massive,Latinate,41,16.3000,30
B,7629,249987072,maybe,Germanic,62,13.9018,30
B,7629,249987072,mend,Germanic,22,16.6805,30
B,7629,249987072,mistake,Germanic,34,5.6112,30
B,7629,249987072,more,Germanic,48,8.9480,30
B,7629,249987072,multiple,Latinate,47,15.4674,30
B,7629,249987072,need,Germanic,3,7.5962,30
B,7629,249987072,next,Germanic,53,9.5957,30
B,7629,249987072,now,Germanic,66,10.0085,30
B,7629,249987072,numerous,Latinate,46,13.0156,30
B,7629,249987072,observe,Latinate,26,13.6190,30
B,7629,249987072,obtain,Latinate,2,10.5890,30
B,7629,249987072,occasionally,Latinate,65,14.0219,30
B,7629,249987072,odd,Germanic,55,9.7117,30
B,7629,249987072,often,Germanic,63,11.4033,30
B,7629,249987072,old,Germanic,49,9.5547,30
B,7629,249987072,peculiar,Latinate,56,14.2273,30
B,7629,249987072,perform,Latinate,30,11.7635,30
B,7629,249987072,perhaps,Latinate,62,14.2101,30
B,7629,249987072,permit,Latinate,13,12.3352,30
B,7629,249987072,possess,Latinate,23,11.6958,30
B,7629,249987072,previous,Latinate,50,11.6021,30
B,7629,249987072,previously,Latinate,64,11.5236,30
B,7629,249987072,prior,Latinate,51,12.5674,30
B,7629,249987072,provide,Latinate,5,10.6353,30
B,7629,249987072,purchase,Latinate,11,12.8944,30
B,7629,249987072,rapid,Latinate,42,10.6991,30
B,7629,249987072,receive,Latinate,6,9.6843,30
B,7629,249987072,remain,Latinate,27,9.8221,30
B,7629,249987072,remainder,Latinate,36,13.8129,30
B,7629,249987072,repair,Latinate,22,13.8356,30
B,7629,249987072,reply,Latinate,17,12.8323,30
B,7629,249987072,request,Latinate,15,10.5711,30
B,7629,249987072,require,Latinate,3,12.2561,30
B,7629,249987072,residence,Latinate,33,15.0088,30
B,7629,249987072,respond,Latinate,18,12.1774,30
B,7629,249987072,rest,Germanic,36,7.4664,30
B,7629,249987072,retain,Latinate,28,12.6584,30
B,7629,249987072,safe,Germanic,58,11.9768,30
B,7629,249987072,secure,Latinate,58,11.3930,30
B,7629,249987072,see,Germanic,26,4.7294,30
B,7629,249987072,select,Latinate,21,12.1236,30
B,7629,249987072,shall,Latinate,67,7.8565,30
B,7629,249987072,show,Germanic,10,9.5795,30
B,7629,249987072,sick,Germanic,57,12.3260,30
B,7629,249987072,sickness,Germanic,35,13.8548,30
B,7629,249987072,so,Germanic,61,7.3881,30
B,7629,249987072,sometimes,Germanic,65,13.2071,30
B,7629,249987072,start,Germanic,25,9.1108,30
B,7629,249987072,stay,Germanic,27,9.2093,30
B,7629,249987072,strange,Latinate,55,11.9157,30
B,7629,249987072,subsequent,Latinate,53,16.9763,30
B,7629,249987072,sufficient,Latinate,44,13.8988,30
B,7629,249987072,therefore,Latinate,61,12.7909,30
B,7629,249987072,try,Germanic,7,8.8790,30
B,7629,249987072,understand,Germanic,0,8.3139,30
B,7629,249987072,want,Germanic,4,7.3947,30
B,7629,249987072,whole,Germanic,45,9.0904,30
B,7629,249987072,will,Germanic,67,8.9608,30
