arm,step,tokens_seen,word,klass,pair_id,surprisal_bits,n
A,31,1015808,acquire,Latinate,1,29.5382,18
A,31,1015808,additional,Latinate,48,17.8484,30
A,31,1015808,allow,Latinate,14,13.9882,30
A,31,1015808,ancient,Latinate,49,15.3584,30
A,31,1015808,answer,Germanic,17,14.2835,30
A,31,1015808,ask,Germanic,15,11.7690,30
A,31,1015808,assist,Latinate,8,17.2138,30
A,31,1015808,assistance,Latinate,37,18.0051,30
A,31,1015808,attempt,Latinate,7,14.4004,30
A,31,1015808,baby,Germanic,31,12.4269,30
A,31,1015808,before,Germanic,64,10.6544,30
A,31,1015808,beverage,Latinate,32,33.6281,11
A,31,1015808,build,Germanic,9,14.0616,30
A,31,1015808,but,Germanic,60,9.0760,30
A,31,1015808,buy,Germanic,11,13.5240,30
A,31,1015808,choose,Germanic,21,14.8238,30
A,31,1015808,commence,Latinate,25,26.9490,14
A,31,1015808,comprehend,Latinate,0,43.1206,19
A,31,1015808,conceal,Latinate,19,26.6087,30
A,31,1015808,conclude,Latinate,24,30.5986,15
A,31,1015808,construct,Latinate,9,30.0977,18
A,31,1015808,currently,Latinate,66,15.3648,30
A,31,1015808,demonstrate,Latinate,10,29.6811,30
A,31,1015808,depart,Latinate,12,16.4450,30
A,31,1015808,desire,Latinate,4,14.8475,30
A,31,1015808,difficult,Latinate,43,13.7247,30
A,31,1015808,discover,Latinate,20,16.4697,30
A,31,1015808,do,Germanic,30,9.8599,30
A,31,1015808,drink,Germanic,32,13.3081,30
A,31,1015808,earlier,Germanic,50,14.1216,30
A,31,1015808,end,Germanic,24,11.5881,30
A,31,1015808,enormous,Latinate,38,15.0798,30
A,31,1015808,enough,Germanic,44,12.4131,30
A,31,1015808,entire,Latinate,45,16.5035,30
A,31,1015808,error,Latinate,34,17.9119,30
A,31,1015808,fast,Germanic,42,13.7387,30
A,31,1015808,final,Latinate,59,13.3015,30
A,31,1015808,find,Germanic,20,11.2685,30
A,31,1015808,first,Germanic,52,10.7355,30
A,31,1015808,fortunate,Latinate,54,16.7875,30
A,31,1015808,frequently,Latinate,63,15.3970,30
A,31,1015808,get,Germanic,1,10.1269,30
A,31,1015808,gigantic,Latinate,39,33.3768,30
A,31,1015808,give,Germanic,5,11.9406,30
A,31,1015808,hard,Germanic,43,11.7185,30
A,31,1015808,have,Germanic,23,8.4741,30
A,31,1015808,help,Germanic,8,11.3393,30
A,31,1015808,hide,Germanic,19,14.3288,30
A,31,1015808,home,Germanic,33,11.3630,30
A,31,1015808,however,Latinate,60,12.8783,30
A,31,1015808,huge,Germanic,38,14.0884,30
A,31,1015808,ill,Latinate,57,13.7381,30
A,31,1015808,illness,Latinate,35,16.9156,30
A,31,1015808,immense,Latinate,40,18.1806,30
A,31,1015808,infant,Latinate,31,27.6833,30
A,31,1015808,initial,Latinate,52,17.2775,30
A,31,1015808,inquire,Latinate,16,28.9072,30
A,31,1015808,keep,Germanic,28,12.6200,30
A,31,1015808,last,Germanic,59,10.9838,30
A,31,1015808,leave,Germanic,12,12.0488,30
A,31,1015808,let,Germanic,13,11.5248,30
A,31,1015808,lucky,Germanic,54,15.0646,30
A,31,1015808,maintain,Latinate,29,19.9924,30
A,31,1015808,many,Germanic,46,10.9872,30
A,31,1015808,massive,Latinate,41,16.7156,30
A,31,1015808,maybe,Germanic,62,13.2974,30
A,31,1015808,mend,Germanic,22,21.5413,30
A,31,1015808,mistake,Germanic,34,14.3324,30
A,31,1015808,more,Germanic,48,9.7605,30
A,31,1015808,multiple,Latinate,47,17.5969,30
A,31,1015808,need,Germanic,3,11.3790,30
A,31,1015808,next,Germanic,53,12.2777,30
A,31,1015808,now,Germanic,66,9.9153,30
A,31,1015808,numerous,Latinate,46,16.2375,30
A,31,1015808,observe,Latinate,26,33.0030,30
A,31,1015808,obtain,Latinate,2,16.7207,30
A,31,1015808,occasionally,Latinate,65,19.2246,30
A,31,1015808,odd,Germanic,55,16.1420,30
A,31,1015808,often,Germanic,63,13.2105,30
A,31,1015808,old,Germanic,49,11.3168,30
A,31,1015808,peculiar,Latinate,56,16.5902,30
A,31,1015808,perform,Latinate,30,16.9224,30
A,31,1015808,perhaps,Latinate,62,12.3281,30
A,31,1015808,permit,Latinate,13,19.7802,30
A,31,1015808,possess,Latinate,23,16.2620,30
A,31,1015808,previous,Latinate,50,14.5500,30
A,31,1015808,previously,Latinate,64,16.7817,30
A,31,1015808,prior,Latinate,51,16.1871,30
A,31,1015808,provide,Latinate,5,15.7649,30
A,31,1015808,purchase,Latinate,11,17.1994,30
A,31,1015808,rapid,Latinate,42,16.9410,30
A,31,1015808,receive,Latinate,6,15.3599,30
A,31,1015808,remain,Latinate,27,14.0660,30
A,31,1015808,remainder,Latinate,36,29.3913,30
A,31,1015808,repair,Latinate,22,16.7801,30
A,31,1015808,reply,Latinate,17,16.2472,30
A,31,1015808,request,Latinate,15,15.9315,30
A,31,1015808,require,Latinate,3,15.7707,30
A,31,1015808,residence,Latinate,33,19.4274,30
A,31,1015808,respond,Latinate,18,16.1042,30
A,31,1015808,rest,Germanic,36,12.3489,30
A,31,1015808,retain,Latinate,28,18.4307,30
A,31,1015808,safe,Germanic,58,13.8167,30
A,31,1015808,secure,Latinate,58,15.3033,30
A,31,1015808,see,Germanic,26,10.7697,30
A,31,1015808,select,Latinate,21,16.9744,30
A,31,1015808,shall,Latinate,67,11.0356,30
A,31,1015808,show,Germanic,10,11.6314,30
A,31,1015808,sick,Germanic,57,14.3699,30
A,31,1015808,sickness,Germanic,35,19.3445,30
A,31,1015808,so,Germanic,61,8.7258,30
A,31,1015808,sometimes,Germanic,65,13.0798,30
A,31,1015808,start,Germanic,25,12.4935,30
A,31,1015808,stay,Germanic,27,12.1755,30
A,31,1015808,strange,Latinate,55,15.3402,30
A,31,1015808,subsequent,Latinate,53,31.6246,30
A,31,1015808,sufficient,Latinate,44,17.2778,30
A,31,1015808,therefore,Latinate,61,14.3044,30
A,31,1015808,try,Germanic,7,12.5838,30
A,31,1015808,understand,Germanic,0,12.3826,30
A,31,1015808,want,Germanic,4,9.8971,30
A,31,1015808,whole,Germanic,45,12.2974,30
A,31,1015808,will,Germanic,67,10.1177,30
A,61,1998848,acquire,Latinate,1,32.4808,18
A,61,1998848,additional,Latinate,48,17.9762,30
A,61,1998848,allow,Latinate,14,14.9247,30
A,61,1998848,ancient,Latinate,49,14.1092,30
A,61,1998848,answer,Germanic,17,12.9661,30
A,61,1998848,ask,Germanic,15,12.3239,30
A,61,1998848,assist,Latinate,8,15.1965,30
A,61,1998848,assistance,Latinate,37,16.0376,30
A,61,1998848,attempt,Latinate,7,15.4600,30
A,61,1998848,baby,Germanic,31,12.2226,30
A,61,1998848,before,Germanic,64,9.9355,30
A,61,1998848,beverage,Latinate,32,34.2889,11
A,61,1998848,build,Germanic,9,14.4453,30
A,61,1998848,but,Germanic,60,8.4952,30
A,61,1998848,buy,Germanic,11,12.7395,30
A,61,1998848,choose,Germanic,21,16.2776,30
A,61,1998848,commence,Latinate,25,28.6180,14
A,61,1998848,comprehend,Latinate,0,44.1615,19
A,61,1998848,conceal,Latinate,19,27.5453,30
A,61,1998848,conclude,Latinate,24,31.3050,15
A,61,1998848,construct,Latinate,9,32.0040,18
A,61,1998848,currently,Latinate,66,16.1604,30
A,61,1998848,demonstrate,Latinate,10,28.3372,30
A,61,1998848,depart,Latinate,12,17.4573,30
A,61,1998848,desire,Latinate,4,16.0260,30
A,61,1998848,difficult,Latinate,43,14.8708,30
A,61,1998848,discover,Latinate,20,15.5582,30
A,61,1998848,do,Germanic,30,7.7813,30
A,61,1998848,drink,Germanic,32,13.7929,30
A,61,1998848,earlier,Germanic,50,15.2935,30
A,61,1998848,end,Germanic,24,11.5364,30
A,61,1998848,enormous,Latinate,38,16.3305,30
A,61,1998848,enough,Germanic,44,11.6266,30
A,61,1998848,entire,Latinate,45,13.6385,30
A,61,1998848,error,Latinate,34,17.0704,30
A,61,1998848,fast,Germanic,42,13.9861,30
A,61,1998848,final,Latinate,59,13.2792,30
A,61,1998848,find,Germanic,20,10.6513,30
A,61,1998848,first,Germanic,52,10.4781,30
A,61,1998848,fortunate,Latinate,54,17.4242,30
A,61,1998848,frequently,Latinate,63,16.7522,30
A,61,1998848,get,Germanic,1,9.1451,30
A,61,1998848,gigantic,Latinate,39,32.5527,30
A,61,1998848,give,Germanic,5,10.3369,30
A,61,1998848,hard,Germanic,43,12.2965,30
A,61,1998848,have,Germanic,23,7.0933,30
A,61,1998848,help,Germanic,8,10.9843,30
A,61,1998848,hide,Germanic,19,15.4196,30
A,61,1998848,home,Germanic,33,11.5303,30
A,61,1998848,however,Latinate,60,12.9523,30
A,61,1998848,huge,Germanic,38,15.5266,30
A,61,1998848,ill,Latinate,57,13.9168,30
A,61,1998848,illness,Latinate,35,16.1236,30
A,61,1998848,immense,Latinate,40,16.5693,30
A,61,1998848,infant,Latinate,31,25.6641,30
A,61,1998848,initial,Latinate,52,18.3119,30
A,61,1998848,inquire,Latinate,16,30.7114,30
A,61,1998848,keep,Germanic,28,11.7106,30
A,61,1998848,last,Germanic,59,10.2616,30
A,61,1998848,leave,Germanic,12,11.8144,30
A,61,1998848,let,Germanic,13,11.4826,30
A,61,1998848,lucky,Germanic,54,14.0109,30
A,61,1998848,maintain,Latinate,29,19.2339,30
A,61,1998848,many,Germanic,46,11.0492,30
A,61,1998848,massive,Latinate,41,15.2898,30
A,61,1998848,maybe,Germanic,62,12.9510,30
A,61,1998848,mend,Germanic,22,21.0077,30
A,61,1998848,mistake,Germanic,34,14.7488,30
A,61,1998848,more,Germanic,48,9.8604,30
A,61,1998848,multiple,Latinate,47,16.7261,30
A,61,1998848,need,Germanic,3,11.1637,30
A,61,1998848,next,Germanic,53,11.3956,30
A,61,1998848,now,Germanic,66,9.4360,30
A,61,1998848,numerous,Latinate,46,14.7817,30
A,61,1998848,observe,Latinate,26,32.2416,30
A,61,1998848,obtain,Latinate,2,15.7314,30
A,61,1998848,occasionally,Latinate,65,17.8351,30
A,61,1998848,odd,Germanic,55,16.4789,30
A,61,1998848,often,Germanic,63,12.9909,30
A,61,1998848,old,Germanic,49,10.1121,30
A,61,1998848,peculiar,Latinate,56,16.0050,30
A,61,1998848,perform,Latinate,30,15.3103,30
A,61,1998848,perhaps,Latinate,62,13.0470,30
A,61,1998848,permit,Latinate,13,18.5378,30
A,61,1998848,possess,Latinate,23,15.3096,30
A,61,1998848,previous,Latinate,50,15.0289,30
A,61,1998848,previously,Latinate,64,16.0300,30
A,61,1998848,prior,Latinate,51,17.6535,30
A,61,1998848,provide,Latinate,5,15.3392,30
A,61,1998848,purchase,Latinate,11,18.3907,30
A,61,1998848,rapid,Latinate,42,16.1050,30
A,61,1998848,receive,Latinate,6,15.6549,30
A,61,1998848,remain,Latinate,27,16.1929,30
A,61,1998848,remainder,Latinate,36,32.5943,30
A,61,1998848,repair,Latinate,22,16.6122,30
A,61,1998848,reply,Latinate,17,15.0744,30
A,61,1998848,request,Latinate,15,14.6520,30
A,61,1998848,require,Latinate,3,15.2506,30
A,61,1998848,residence,Latinate,33,18.9081,30
A,61,1998848,respond,Latinate,18,18.5672,30
A,61,1998848,rest,Germanic,36,10.5477,30
A,61,1998848,retain,Latinate,28,18.1064,30
A,61,1998848,safe,Germanic,58,14.8289,30
A,61,1998848,secure,Latinate,58,16.2815,30
A,61,1998848,see,Germanic,26,8.7851,30
A,61,1998848,select,Latinate,21,18.7507,30
A,61,1998848,shall,Latinate,67,11.7526,30
A,61,1998848,show,Germanic,10,11.5685,30
A,61,1998848,sick,Germanic,57,14.0976,30
A,61,1998848,sickness,Germanic,35,19.3760,30
A,61,1998848,so,Germanic,61,8.1924,30
A,61,1998848,sometimes,Germanic,65,13.2151,30
A,61,1998848,start,Germanic,25,13.0024,30
A,61,1998848,stay,Germanic,27,11.8591,30
A,61,1998848,strange,Latinate,55,13.8009,30
A,61,1998848,subsequent,Latinate,53,29.1639,30
A,61,1998848,sufficient,Latinate,44,17.0076,30
A,61,1998848,therefore,Latinate,61,15.0706,30
A,61,1998848,try,Germanic,7,11.9279,30
A,61,1998848,understand,Germanic,0,11.9130,30
A,61,1998848,want,Germanic,4,9.3444,30
A,61,1998848,whole,Germanic,45,10.2675,30
A,61,1998848,will,Germanic,67,9.2449,30
A,92,3014656,acquire,Latinate,1,30.6376,18
A,92,3014656,additional,Latinate,48,17.8540,30
A,92,3014656,allow,Latinate,14,12.5018,30
A,92,3014656,ancient,Latinate,49,14.4241,30
A,92,3014656,answer,Germanic,17,12.9664,30
A,92,3014656,ask,Germanic,15,9.6794,30
A,92,3014656,assist,Latinate,8,15.3818,30
A,92,3014656,assistance,Latinate,37,17.4263,30
A,92,3014656,attempt,Latinate,7,15.5513,30
A,92,3014656,baby,Germanic,31,11.9066,30
A,92,3014656,before,Germanic,64,10.2966,30
A,92,3014656,beverage,Latinate,32,37.5726,11
A,92,3014656,build,Germanic,9,12.2702,30
A,92,3014656,but,Germanic,60,8.4840,30
A,92,3014656,buy,Germanic,11,11.9983,30
A,92,3014656,choose,Germanic,21,13.4193,30
A,92,3014656,commence,Latinate,25,26.9105,14
A,92,3014656,comprehend,Latinate,0,47.6622,19
A,92,3014656,conceal,Latinate,19,26.0959,30
A,92,3014656,conclude,Latinate,24,32.6093,15
A,92,3014656,construct,Latinate,9,30.8788,18
A,92,3014656,currently,Latinate,66,14.3757,30
A,92,3014656,demonstrate,Latinate,10,26.8241,30
A,92,3014656,depart,Latinate,12,17.4829,30
A,92,3014656,desire,Latinate,4,13.6902,30
A,92,3014656,difficult,Latinate,43,13.0523,30
A,92,3014656,discover,Latinate,20,14.3795,30
A,92,3014656,do,Germanic,30,7.3056,30
A,92,3014656,drink,Germanic,32,13.5883,30
A,92,3014656,earlier,Germanic,50,14.8760,30
A,92,3014656,end,Germanic,24,10.5453,30
A,92,3014656,enormous,Latinate,38,16.3552,30
A,92,3014656,enough,Germanic,44,12.0911,30
A,92,3014656,entire,Latinate,45,12.6440,30
A,92,3014656,error,Latinate,34,17.3226,30
A,92,3014656,fast,Germanic,42,13.7870,30
A,92,3014656,final,Latinate,59,12.6313,30
A,92,3014656,find,Germanic,20,9.1154,30
A,92,3014656,first,Germanic,52,10.6274,30
A,92,3014656,fortunate,Latinate,54,16.8895,30
A,92,3014656,frequently,Latinate,63,18.7983,30
A,92,3014656,get,Germanic,1,7.2686,30
A,92,3014656,gigantic,Latinate,39,32.9563,30
A,92,3014656,give,Germanic,5,8.4221,30
A,92,3014656,hard,Germanic,43,12.2644,30
A,92,3014656,have,Germanic,23,5.4716,30
A,92,3014656,help,Germanic,8,10.6167,30
A,92,3014656,hide,Germanic,19,13.1102,30
A,92,3014656,home,Germanic,33,10.9429,30
A,92,3014656,however,Latinate,60,12.7081,30
A,92,3014656,huge,Germanic,38,13.5133,30
A,92,3014656,ill,Latinate,57,13.8431,30
A,92,3014656,illness,Latinate,35,14.8838,30
A,92,3014656,immense,Latinate,40,16.6280,30
A,92,3014656,infant,Latinate,31,22.5200,30
A,92,3014656,initial,Latinate,52,14.9406,30
A,92,3014656,inquire,Latinate,16,27.1485,30
A,92,3014656,keep,Germanic,28,9.2271,30
A,92,3014656,last,Germanic,59,10.7911,30
A,92,3014656,leave,Germanic,12,10.8154,30
A,92,3014656,let,Germanic,13,10.2922,30
A,92,3014656,lucky,Germanic,54,14.9408,30
A,92,3014656,maintain,Latinate,29,17.5915,30
A,92,3014656,many,Germanic,46,10.1973,30
A,92,3014656,massive,Latinate,41,14.7759,30
A,92,3014656,maybe,Germanic,62,12.4799,30
A,92,3014656,mend,Germanic,22,23.3936,30
A,92,3014656,mistake,Germanic,34,13.6034,30
A,92,3014656,more,Germanic,48,10.0924,30
A,92,3014656,multiple,Latinate,47,16.4821,30
A,92,3014656,need,Germanic,3,11.0657,30
A,92,3014656,next,Germanic,53,11.1881,30
A,92,3014656,now,Germanic,66,9.4843,30
A,92,3014656,numerous,Latinate,46,16.7343,30
A,92,3014656,observe,Latinate,26,31.7474,30
A,92,3014656,obtain,Latinate,2,14.5894,30
A,92,3014656,occasionally,Latinate,65,17.7344,30
A,92,3014656,odd,Germanic,55,16.3957,30
A,92,3014656,often,Germanic,63,11.0307,30
A,92,3014656,old,Germanic,49,10.1938,30
A,92,3014656,peculiar,Latinate,56,16.3265,30
A,92,3014656,perform,Latinate,30,13.0779,30
A,92,3014656,perhaps,Latinate,62,11.8770,30
A,92,3014656,permit,Latinate,13,17.1412,30
A,92,3014656,possess,Latinate,23,16.7475,30
A,92,3014656,previous,Latinate,50,14.0505,30
A,92,3014656,previously,Latinate,64,17.7220,30
A,92,3014656,prior,Latinate,51,17.7090,30
A,92,3014656,provide,Latinate,5,12.9259,30
A,92,3014656,purchase,Latinate,11,16.8895,30
A,92,3014656,rapid,Latinate,42,17.0592,30
A,92,3014656,receive,Latinate,6,12.8966,30
A,92,3014656,remain,Latinate,27,15.2100,30
A,92,3014656,remainder,Latinate,36,29.2204,30
A,92,3014656,repair,Latinate,22,15.9437,30
A,92,3014656,reply,Latinate,17,16.3656,30
A,92,3014656,request,Latinate,15,15.8457,30
A,92,3014656,require,Latinate,3,16.1387,30
A,92,3014656,residence,Latinate,33,18.1928,30
A,92,3014656,respond,Latinate,18,15.1480,30
A,92,3014656,rest,Germanic,36,9.8792,30
A,92,3014656,retain,Latinate,28,15.8361,30
A,92,3014656,safe,Germanic,58,13.5644,30
A,92,3014656,secure,Latinate,58,15.3417,30
A,92,3014656,see,Germanic,26,7.3736,30
A,92,3014656,select,Latinate,21,16.6618,30
A,92,3014656,shall,Latinate,67,10.0369,30
A,92,3014656,show,Germanic,10,11.0557,30
A,92,3014656,sick,Germanic,57,13.8399,30
A,92,3014656,sickness,Germanic,35,19.0569,30
A,92,3014656,so,Germanic,61,8.3230,30
A,92,3014656,sometimes,Germanic,65,12.6066,30
A,92,3014656,start,Germanic,25,11.3908,30
A,92,3014656,stay,Germanic,27,9.9679,30
A,92,3014656,strange,Latinate,55,13.9571,30
A,92,3014656,subsequent,Latinate,53,28.9598,30
A,92,3014656,sufficient,Latinate,44,15.9145,30
A,92,3014656,therefore,Latinate,61,13.5158,30
A,92,3014656,try,Germanic,7,10.0070,30
A,92,3014656,understand,Germanic,0,9.5323,30
A,92,3014656,want,Germanic,4,7.4926,30
A,92,3014656,whole,Germanic,45,9.3439,30
A,92,3014656,will,Germanic,67,8.0088,30
A,122,3997696,acquire,Latinate,1,28.0275,18
A,122,3997696,additional,Latinate,48,16.2949,30
A,122,3997696,allow,Latinate,14,12.6936,30
A,122,3997696,ancient,Latinate,49,13.2016,30
A,122,3997696,answer,Germanic,17,13.2756,30
A,122,3997696,ask,Germanic,15,10.1042,30
A,122,3997696,assist,Latinate,8,13.3585,30
A,122,3997696,assistance,Latinate,37,17.4849,30
A,122,3997696,attempt,Latinate,7,14.8963,30
A,122,3997696,baby,Germanic,31,12.1576,30
A,122,3997696,before,Germanic,64,10.9029,30
A,122,3997696,beverage,Latinate,32,41.6475,11
A,122,3997696,build,Germanic,9,11.6658,30
A,122,3997696,but,Germanic,60,6.7618,30
A,122,3997696,buy,Germanic,11,12.1941,30
A,122,3997696,choose,Germanic,21,13.2722,30
A,122,3997696,commence,Latinate,25,23.7261,14
A,122,3997696,comprehend,Latinate,0,44.4201,19
A,122,3997696,conceal,Latinate,19,20.4578,30
A,122,3997696,conclude,Latinate,24,28.6838,15
A,122,3997696,construct,Latinate,9,26.8033,18
A,122,3997696,currently,Latinate,66,13.3757,30
A,122,3997696,demonstrate,Latinate,10,25.0432,30
A,122,3997696,depart,Latinate,12,16.0699,30
A,122,3997696,desire,Latinate,4,13.4764,30
A,122,3997696,difficult,Latinate,43,13.1417,30
A,122,3997696,discover,Latinate,20,13.9902,30
A,122,3997696,do,Germanic,30,7.5697,30
A,122,3997696,drink,Germanic,32,14.8786,30
A,122,3997696,earlier,Germanic,50,14.2866,30
A,122,3997696,end,Germanic,24,10.1501,30
A,122,3997696,enormous,Latinate,38,14.6516,30
A,122,3997696,enough,Germanic,44,11.8994,30
A,122,3997696,entire,Latinate,45,11.4414,30
A,122,3997696,error,Latinate,34,15.4767,30
A,122,3997696,fast,Germanic,42,14.4276,30
A,122,3997696,final,Latinate,59,11.6416,30
A,122,3997696,find,Germanic,20,9.2980,30
A,122,3997696,first,Germanic,52,9.9586,30
A,122,3997696,fortunate,Latinate,54,14.8714,30
A,122,3997696,frequently,Latinate,63,16.2485,30
A,122,3997696,get,Germanic,1,8.0306,30
A,122,3997696,gigantic,Latinate,39,29.4647,30
A,122,3997696,give,Germanic,5,9.0377,30
A,122,3997696,hard,Germanic,43,11.9336,30
A,122,3997696,have,Germanic,23,5.5798,30
A,122,3997696,help,Germanic,8,10.5047,30
A,122,3997696,hide,Germanic,19,14.3699,30
A,122,3997696,home,Germanic,33,11.5915,30
A,122,3997696,however,Latinate,60,11.8749,30
A,122,3997696,huge,Germanic,38,13.1664,30
A,122,3997696,ill,Latinate,57,14.1127,30
A,122,3997696,illness,Latinate,35,15.8828,30
A,122,3997696,immense,Latinate,40,14.8937,30
A,122,3997696,infant,Latinate,31,21.5069,30
A,122,3997696,initial,Latinate,52,14.0312,30
A,122,3997696,inquire,Latinate,16,25.4524,30
A,122,3997696,keep,Germanic,28,9.8079,30
A,122,3997696,last,Germanic,59,10.7979,30
A,122,3997696,leave,Germanic,12,10.4059,30
A,122,3997696,let,Germanic,13,11.2225,30
A,122,3997696,lucky,Germanic,54,14.9385,30
A,122,3997696,maintain,Latinate,29,14.6213,30
A,122,3997696,many,Germanic,46,9.8716,30
A,122,3997696,massive,Latinate,41,14.6628,30
A,122,3997696,maybe,Germanic,62,13.4139,30
A,122,3997696,mend,Germanic,22,26.4755,30
A,122,3997696,mistake,Germanic,34,14.0711,30
A,122,3997696,more,Germanic,48,10.0701,30
A,122,3997696,multiple,Latinate,47,14.5531,30
A,122,3997696,need,Germanic,3,10.7954,30
A,122,3997696,next,Germanic,53,10.1813,30
A,122,3997696,now,Germanic,66,9.7310,30
A,122,3997696,numerous,Latinate,46,15.4473,30
A,122,3997696,observe,Latinate,26,26.7555,30
A,122,3997696,obtain,Latinate,2,13.2958,30
A,122,3997696,occasionally,Latinate,65,17.7982,30
A,122,3997696,odd,Germanic,55,16.2959,30
A,122,3997696,often,Germanic,63,10.7829,30
A,122,3997696,old,Germanic,49,9.5830,30
A,122,3997696,peculiar,Latinate,56,15.7455,30
A,122,3997696,perform,Latinate,30,13.9945,30
A,122,3997696,perhaps,Latinate,62,12.7997,30
A,122,3997696,permit,Latinate,13,16.4667,30
A,122,3997696,possess,Latinate,23,15.2223,30
A,122,3997696,previous,Latinate,50,14.3821,30
A,122,3997696,previously,Latinate,64,15.6882,30
A,122,3997696,prior,Latinate,51,15.9571,30
A,122,3997696,provide,Latinate,5,12.1847,30
A,122,3997696,purchase,Latinate,11,15.6959,30
A,122,3997696,rapid,Latinate,42,15.9784,30
A,122,3997696,receive,Latinate,6,12.7880,30
A,122,3997696,remain,Latinate,27,12.5786,30
A,122,3997696,remainder,Latinate,36,29.4029,30
A,122,3997696,repair,Latinate,22,15.4924,30
A,122,3997696,reply,Latinate,17,14.8904,30
A,122,3997696,request,Latinate,15,14.5715,30
A,122,3997696,require,Latinate,3,14.9250,30
A,122,3997696,residence,Latinate,33,17.8816,30
A,122,3997696,respond,Latinate,18,13.6918,30
A,122,3997696,rest,Germanic,36,9.2460,30
A,122,3997696,retain,Latinate,28,14.8812,30
A,122,3997696,safe,Germanic,58,13.6597,30
A,122,3997696,secure,Latinate,58,13.4410,30
A,122,3997696,see,Germanic,26,7.7475,30
A,122,3997696,select,Latinate,21,17.0356,30
A,122,3997696,shall,Latinate,67,9.1812,30
A,122,3997696,show,Germanic,10,10.8188,30
A,122,3997696,sick,Germanic,57,14.0530,30
A,122,3997696,sickness,Germanic,35,18.0681,30
A,122,3997696,so,Germanic,61,8.4118,30
A,122,3997696,sometimes,Germanic,65,12.7099,30
A,122,3997696,start,Germanic,25,11.4523,30
A,122,3997696,stay,Germanic,27,10.2897,30
A,122,3997696,strange,Latinate,55,13.3232,30
A,122,3997696,subsequent,Latinate,53,25.7053,30
A,122,3997696,sufficient,Latinate,44,15.8557,30
A,122,3997696,therefore,Latinate,61,11.8765,30
A,122,3997696,try,Germanic,7,9.4233,30
A,122,3997696,understand,Germanic,0,9.6600,30
A,122,3997696,want,Germanic,4,7.3044,30
A,122,3997696,whole,Germanic,45,9.8478,30
A,122,3997696,will,Germanic,67,8.9104,30
A,153,5013504,acquire,Latinate,1,26.5977,18
A,153,5013504,additional,Latinate,48,16.1910,30
A,153,5013504,allow,Latinate,14,11.9694,30
A,153,5013504,ancient,Latinate,49,11.8973,30
A,153,5013504,answer,Germanic,17,12.4403,30
A,153,5013504,ask,Germanic,15,9.8636,30
A,153,5013504,assist,Latinate,8,14.8752,30
A,153,5013504,assistance,Latinate,37,16.7218,30
A,153,5013504,attempt,Latinate,7,15.2497,30
A,153,5013504,baby,Germanic,31,11.2801,30
A,153,5013504,before,Germanic,64,10.9481,30
A,153,5013504,beverage,Latinate,32,42.8923,11
A,153,5013504,build,Germanic,9,11.9493,30
A,153,5013504,but,Germanic,60,6.9978,30
A,153,5013504,buy,Germanic,11,11.4964,30
A,153,5013504,choose,Germanic,21,14.5755,30
A,153,5013504,commence,Latinate,25,25.4295,14
A,153,5013504,comprehend,Latinate,0,39.1993,19
A,153,5013504,conceal,Latinate,19,22.0869,30
A,153,5013504,conclude,Latinate,24,28.2466,15
A,153,5013504,construct,Latinate,9,29.7027,18
A,153,5013504,currently,Latinate,66,13.3436,30
A,153,5013504,demonstrate,Latinate,10,22.8416,30
A,153,5013504,depart,Latinate,12,14.5696,30
A,153,5013504,desire,Latinate,4,16.1700,30
A,153,5013504,difficult,Latinate,43,12.9779,30
A,153,5013504,discover,Latinate,20,16.4113,30
A,153,5013504,do,Germanic,30,7.2358,30
A,153,5013504,drink,Germanic,32,13.2712,30
A,153,5013504,earlier,Germanic,50,15.1406,30
A,153,5013504,end,Germanic,24,9.4251,30
A,153,5013504,enormous,Latinate,38,14.1669,30
A,153,5013504,enough,Germanic,44,11.2966,30
A,153,5013504,entire,Latinate,45,13.2345,30
A,153,5013504,error,Latinate,34,16.2267,30
A,153,5013504,fast,Germanic,42,13.7299,30
A,153,5013504,final,Latinate,59,10.7805,30
A,153,5013504,find,Germanic,20,10.6300,30
A,153,5013504,first,Germanic,52,9.5026,30
A,153,5013504,fortunate,Latinate,54,15.3058,30
A,153,5013504,frequently,Latinate,63,17.4335,30
A,153,5013504,get,Germanic,1,7.8004,30
A,153,5013504,gigantic,Latinate,39,28.3302,30
A,153,5013504,give,Germanic,5,8.6963,30
A,153,5013504,hard,Germanic,43,11.9451,30
A,153,5013504,have,Germanic,23,5.4279,30
A,153,5013504,help,Germanic,8,10.1375,30
A,153,5013504,hide,Germanic,19,14.3697,30
A,153,5013504,home,Germanic,33,11.1584,30
A,153,5013504,however,Latinate,60,12.3349,30
A,153,5013504,huge,Germanic,38,13.3980,30
A,153,5013504,ill,Latinate,57,13.9655,30
A,153,5013504,illness,Latinate,35,14.6808,30
A,153,5013504,immense,Latinate,40,16.1225,30
A,153,5013504,infant,Latinate,31,22.5132,30
A,153,5013504,initial,Latinate,52,14.0237,30
A,153,5013504,inquire,Latinate,16,25.7576,30
A,153,5013504,keep,Germanic,28,9.6028,30
A,153,5013504,last,Germanic,59,10.5618,30
A,153,5013504,leave,Germanic,12,10.8304,30
A,153,5013504,let,Germanic,13,10.8156,30
A,153,5013504,lucky,Germanic,54,15.1381,30
A,153,5013504,maintain,Latinate,29,16.1265,30
A,153,5013504,many,Germanic,46,9.5532,30
A,153,5013504,massive,Latinate,41,16.2153,30
A,153,5013504,maybe,Germanic,62,13.9447,30
A,153,5013504,mend,Germanic,22,25.6304,30
A,153,5013504,mistake,Germanic,34,14.1934,30
A,153,5013504,more,Germanic,48,9.9186,30
A,153,5013504,multiple,Latinate,47,16.6910,30
A,153,5013504,need,Germanic,3,11.4166,30
A,153,5013504,next,Germanic,53,9.6084,30
A,153,5013504,now,Germanic,66,10.2900,30
A,153,5013504,numerous,Latinate,46,15.6635,30
A,153,5013504,observe,Latinate,26,27.8114,30
A,153,5013504,obtain,Latinate,2,13.7335,30
A,153,5013504,occasionally,Latinate,65,17.3457,30
A,153,5013504,odd,Germanic,55,16.4873,30
A,153,5013504,often,Germanic,63,12.1861,30
A,153,5013504,old,Germanic,49,9.5221,30
A,153,5013504,peculiar,Latinate,56,16.0876,30
A,153,5013504,perform,Latinate,30,13.5409,30
A,153,5013504,perhaps,Latinate,62,12.9976,30
A,153,5013504,permit,Latinate,13,14.5749,30
A,153,5013504,possess,Latinate,23,16.1857,30
A,153,5013504,previous,Latinate,50,12.6906,30
A,153,5013504,previously,Latinate,64,16.9226,30
A,153,5013504,prior,Latinate,51,15.4098,30
A,153,5013504,provide,Latinate,5,13.1547,30
A,153,5013504,purchase,Latinate,11,16.2929,30
A,153,5013504,rapid,Latinate,42,15.1443,30
A,153,5013504,receive,Latinate,6,11.8376,30
A,153,5013504,remain,Latinate,27,14.3179,30
A,153,5013504,remainder,Latinate,36,30.4376,30
A,153,5013504,repair,Latinate,22,17.0105,30
A,153,5013504,reply,Latinate,17,15.7925,30
A,153,5013504,request,Latinate,15,15.1787,30
A,153,5013504,require,Latinate,3,15.2041,30
A,153,5013504,residence,Latinate,33,16.9836,30
A,153,5013504,respond,Latinate,18,15.0445,30
A,153,5013504,rest,Germanic,36,9.8012,30
A,153,5013504,retain,Latinate,28,17.3427,30
A,153,5013504,safe,Germanic,58,14.0240,30
A,153,5013504,secure,Latinate,58,13.8964,30
A,153,5013504,see,Germanic,26,6.8639,30
A,153,5013504,select,Latinate,21,16.8163,30
A,153,5013504,shall,Latinate,67,9.8487,30
A,153,5013504,show,Germanic,10,11.0226,30
A,153,5013504,sick,Germanic,57,13.9866,30
A,153,5013504,sickness,Germanic,35,17.6358,30
A,153,5013504,so,Germanic,61,8.4415,30
A,153,5013504,sometimes,Germanic,65,13.3802,30
A,153,5013504,start,Germanic,25,10.9120,30
A,153,5013504,stay,Germanic,27,11.0360,30
A,153,5013504,strange,Latinate,55,12.9680,30
A,153,5013504,subsequent,Latinate,53,26.9757,30
A,153,5013504,sufficient,Latinate,44,15.4406,30
A,153,5013504,therefore,Latinate,61,13.1476,30
A,153,5013504,try,Germanic,7,8.9860,30
A,153,5013504,understand,Germanic,0,10.5524,30
A,153,5013504,want,Germanic,4,8.2153,30
A,153,5013504,whole,Germanic,45,9.5244,30
A,153,5013504,will,Germanic,67,10.4620,30
A,183,5996544,acquire,Latinate,1,25.8801,18
A,183,5996544,additional,Latinate,48,15.5003,30
A,183,5996544,allow,Latinate,14,11.8595,30
A,183,5996544,ancient,Latinate,49,14.2180,30
A,183,5996544,answer,Germanic,17,11.7761,30
A,183,5996544,ask,Germanic,15,9.2778,30
A,183,5996544,assist,Latinate,8,15.2572,30
A,183,5996544,assistance,Latinate,37,17.6506,30
A,183,5996544,attempt,Latinate,7,14.6254,30
A,183,5996544,baby,Germanic,31,11.4379,30
A,183,5996544,before,Germanic,64,10.3886,30
A,183,5996544,beverage,Latinate,32,41.9273,11
A,183,5996544,build,Germanic,9,11.5680,30
A,183,5996544,but,Germanic,60,6.7215,30
A,183,5996544,buy,Germanic,11,11.6481,30
A,183,5996544,choose,Germanic,21,13.6563,30
A,183,5996544,commence,Latinate,25,24.5147,14
A,183,5996544,comprehend,Latinate,0,40.0545,19
A,183,5996544,conceal,Latinate,19,20.3653,30
A,183,5996544,conclude,Latinate,24,26.4802,15
A,183,5996544,construct,Latinate,9,26.7507,18
A,183,5996544,currently,Latinate,66,14.2819,30
A,183,5996544,demonstrate,Latinate,10,23.1949,30
A,183,5996544,depart,Latinate,12,14.5041,30
A,183,5996544,desire,Latinate,4,14.2365,30
A,183,5996544,difficult,Latinate,43,12.9720,30
A,183,5996544,discover,Latinate,20,14.4442,30
A,183,5996544,do,Germanic,30,7.0485,30
A,183,5996544,drink,Germanic,32,13.2198,30
A,183,5996544,earlier,Germanic,50,13.8597,30
A,183,5996544,end,Germanic,24,9.3564,30
A,183,5996544,enormous,Latinate,38,14.7953,30
A,183,5996544,enough,Germanic,44,10.7779,30
A,183,5996544,entire,Latinate,45,12.4679,30
A,183,5996544,error,Latinate,34,16.7558,30
A,183,5996544,fast,Germanic,42,12.9441,30
A,183,5996544,final,Latinate,59,11.8296,30
A,183,5996544,find,Germanic,20,9.4651,30
A,183,5996544,first,Germanic,52,9.9554,30
A,183,5996544,fortunate,Latinate,54,15.4490,30
A,183,5996544,frequently,Latinate,63,16.8989,30
A,183,5996544,get,Germanic,1,7.0833,30
A,183,5996544,gigantic,Latinate,39,28.1853,30
A,183,5996544,give,Germanic,5,8.2278,30
A,183,5996544,hard,Germanic,43,11.9454,30
A,183,5996544,have,Germanic,23,5.6414,30
A,183,5996544,help,Germanic,8,10.2196,30
A,183,5996544,hide,Germanic,19,13.1481,30
A,183,5996544,home,Germanic,33,10.3460,30
A,183,5996544,however,Latinate,60,11.9893,30
A,183,5996544,huge,Germanic,38,13.4355,30
A,183,5996544,ill,Latinate,57,13.7988,30
A,183,5996544,illness,Latinate,35,13.9393,30
A,183,5996544,immense,Latinate,40,16.5400,30
A,183,5996544,infant,Latinate,31,21.3483,30
A,183,5996544,initial,Latinate,52,15.4774,30
A,183,5996544,inquire,Latinate,16,22.8061,30
A,183,5996544,keep,Germanic,28,9.7720,30
A,183,5996544,last,Germanic,59,10.3266,30
A,183,5996544,leave,Germanic,12,10.7637,30
A,183,5996544,let,Germanic,13,11.0589,30
A,183,5996544,lucky,Germanic,54,15.0643,30
A,183,5996544,maintain,Latinate,29,16.6973,30
A,183,5996544,many,Germanic,46,9.8578,30
A,183,5996544,massive,Latinate,41,14.9388,30
A,183,5996544,maybe,Germanic,62,14.2942,30
A,183,5996544,mend,Germanic,22,26.5929,30
A,183,5996544,mistake,Germanic,34,14.0264,30
A,183,5996544,more,Germanic,48,8.9484,30
A,183,5996544,multiple,Latinate,47,17.1634,30
A,183,5996544,need,Germanic,3,11.0637,30
A,183,5996544,next,Germanic,53,9.4286,30
A,183,5996544,now,Germanic,66,9.5272,30
A,183,5996544,numerous,Latinate,46,16.9691,30
A,183,5996544,observe,Latinate,26,24.5250,30
A,183,5996544,obtain,Latinate,2,14.3148,30
A,183,5996544,occasionally,Latinate,65,16.4797,30
A,183,5996544,odd,Germanic,55,15.1148,30
A,183,5996544,often,Germanic,63,12.2989,30
A,183,5996544,old,Germanic,49,8.8001,30
A,183,5996544,peculiar,Latinate,56,15.6008,30
A,183,5996544,perform,Latinate,30,13.3359,30
A,183,5996544,perhaps,Latinate,62,12.7567,30
A,183,5996544,permit,Latinate,13,15.2590,30
A,183,5996544,possess,Latinate,23,14.9050,30
A,183,5996544,previous,Latinate,50,13.9090,30
A,183,5996544,previously,Latinate,64,16.3676,30
A,183,5996544,prior,Latinate,51,16.4731,30
A,183,5996544,provide,Latinate,5,12.8382,30
A,183,5996544,purchase,Latinate,11,16.2798,30
A,183,5996544,rapid,Latinate,42,15.3309,30
A,183,5996544,receive,Latinate,6,12.1231,30
A,183,5996544,remain,Latinate,27,13.9860,30
A,183,5996544,remainder,Latinate,36,26.9050,30
A,183,5996544,repair,Latinate,22,16.4940,30
A,183,5996544,reply,Latinate,17,15.1399,30
A,183,5996544,request,Latinate,15,15.2426,30
A,183,5996544,require,Latinate,3,14.4786,30
A,183,5996544,residence,Latinate,33,15.8452,30
A,183,5996544,respond,Latinate,18,15.5521,30
A,183,5996544,rest,Germanic,36,8.3857,30
A,183,5996544,retain,Latinate,28,18.2953,30
A,183,5996544,safe,Germanic,58,13.2958,30
A,183,5996544,secure,Latinate,58,13.8775,30
A,183,5996544,see,Germanic,26,6.3705,30
A,183,5996544,select,Latinate,21,16.4793,30
A,183,5996544,shall,Latinate,67,10.1703,30
A,183,5996544,show,Germanic,10,10.9492,30
A,183,5996544,sick,Germanic,57,11.9264,30
A,183,5996544,sickness,Germanic,35,17.5462,30
A,183,5996544,so,Germanic,61,8.2934,30
A,183,5996544,sometimes,Germanic,65,12.5040,30
A,183,5996544,start,Germanic,25,10.8462,30
A,183,5996544,stay,Germanic,27,10.5683,30
A,183,5996544,strange,Latinate,55,13.1827,30
A,183,5996544,subsequent,Latinate,53,26.1732,30
A,183,5996544,sufficient,Latinate,44,15.7292,30
A,183,5996544,therefore,Latinate,61,13.4193,30
A,183,5996544,try,Germanic,7,10.2743,30
A,183,5996544,understand,Germanic,0,9.6033,30
A,183,5996544,want,Germanic,4,7.7969,30
A,183,5996544,whole,Germanic,45,7.8861,30
A,183,5996544,will,Germanic,67,9.0090,30
A,214,7012352,acquire,Latinate,1,28.6119,18
A,214,7012352,additional,Latinate,48,15.0478,30
A,214,7012352,allow,Latinate,14,11.6489,30
A,214,7012352,ancient,Latinate,49,12.9558,30
A,214,7012352,answer,Germanic,17,12.0371,30
A,214,7012352,ask,Germanic,15,8.9951,30
A,214,7012352,assist,Latinate,8,15.2556,30
A,214,7012352,assistance,Latinate,37,16.8373,30
A,214,7012352,attempt,Latinate,7,13.5516,30
A,214,7012352,baby,Germanic,31,11.5015,30
A,214,7012352,before,Germanic,64,10.7574,30
A,214,7012352,beverage,Latinate,32,42.0983,11
A,214,7012352,build,Germanic,9,11.4449,30
A,214,7012352,but,Germanic,60,6.3511,30
A,214,7012352,buy,Germanic,11,11.0098,30
A,214,7012352,choose,Germanic,21,14.2086,30
A,214,7012352,commence,Latinate,25,24.4380,14
A,214,7012352,comprehend,Latinate,0,36.3760,19
A,214,7012352,conceal,Latinate,19,22.0937,30
A,214,7012352,conclude,Latinate,24,27.1687,15
A,214,7012352,construct,Latinate,9,24.9261,18
A,214,7012352,currently,Latinate,66,13.9925,30
A,214,7012352,demonstrate,Latinate,10,22.4694,30
A,214,7012352,depart,Latinate,12,15.5131,30
A,214,7012352,desire,Latinate,4,14.4168,30
A,214,7012352,difficult,Latinate,43,13.3461,30
A,214,7012352,discover,Latinate,20,13.7772,30
A,214,7012352,do,Germanic,30,6.9319,30
A,214,7012352,drink,Germanic,32,13.1927,30
A,214,7012352,earlier,Germanic,50,14.9409,30
A,214,7012352,end,Germanic,24,9.0221,30
A,214,7012352,enormous,Latinate,38,13.9115,30
A,214,7012352,enough,Germanic,44,10.8071,30
A,214,7012352,entire,Latinate,45,13.1559,30
A,214,7012352,error,Latinate,34,16.0571,30
A,214,7012352,fast,Germanic,42,13.4877,30
A,214,7012352,final,Latinate,59,11.3049,30
A,214,7012352,find,Germanic,20,9.5941,30
A,214,7012352,first,Germanic,52,9.9158,30
A,214,7012352,fortunate,Latinate,54,15.9436,30
A,214,7012352,frequently,Latinate,63,17.2693,30
A,214,7012352,get,Germanic,1,7.2807,30
A,214,7012352,gigantic,Latinate,39,28.9120,30
A,214,7012352,give,Germanic,5,7.4571,30
A,214,7012352,hard,Germanic,43,11.8680,30
A,214,7012352,have,Germanic,23,5.4014,30
A,214,7012352,help,Germanic,8,10.5067,30
A,214,7012352,hide,Germanic,19,12.8539,30
A,214,7012352,home,Germanic,33,10.5598,30
A,214,7012352,however,Latinate,60,11.4533,30
A,214,7012352,huge,Germanic,38,13.1176,30
A,214,7012352,ill,Latinate,57,13.1651,30
A,214,7012352,illness,Latinate,35,14.1730,30
A,214,7012352,immense,Latinate,40,15.5521,30
A,214,7012352,infant,Latinate,31,20.9558,30
A,214,7012352,initial,Latinate,52,14.8181,30
A,214,7012352,inquire,Latinate,16,25.6828,30
A,214,7012352,keep,Germanic,28,9.4903,30
A,214,7012352,last,Germanic,59,9.9757,30
A,214,7012352,leave,Germanic,12,10.6107,30
A,214,7012352,let,Germanic,13,10.6852,30
A,214,7012352,lucky,Germanic,54,14.2827,30
A,214,7012352,maintain,Latinate,29,15.7728,30
A,214,7012352,many,Germanic,46,9.7227,30
A,214,7012352,massive,Latinate,41,14.8564,30
A,214,7012352,maybe,Germanic,62,13.6713,30
A,214,7012352,mend,Germanic,22,26.0528,30
A,214,7012352,mistake,Germanic,34,12.8128,30
A,214,7012352,more,Germanic,48,8.9618,30
A,214,7012352,multiple,Latinate,47,15.8790,30
A,214,7012352,need,Germanic,3,10.7011,30
A,214,7012352,next,Germanic,53,9.6269,30
A,214,7012352,now,Germanic,66,9.8959,30
A,214,7012352,numerous,Latinate,46,16.2049,30
A,214,7012352,observe,Latinate,26,24.5182,30
A,214,7012352,obtain,Latinate,2,13.3736,30
A,214,7012352,occasionally,Latinate,65,16.5189,30
A,214,7012352,odd,Germanic,55,13.8984,30
A,214,7012352,often,Germanic,63,11.6059,30
A,214,7012352,old,Germanic,49,8.9676,30
A,214,7012352,peculiar,Latinate,56,14.9529,30
A,214,7012352,perform,Latinate,30,14.6060,30
A,214,7012352,perhaps,Latinate,62,12.3140,30
A,214,7012352,permit,Latinate,13,16.2553,30
A,214,7012352,possess,Latinate,23,13.7232,30
A,214,7012352,previous,Latinate,50,12.1313,30
A,214,7012352,previously,Latinate,64,17.5407,30
A,214,7012352,prior,Latinate,51,14.5185,30
A,214,7012352,provide,Latinate,5,12.5303,30
A,214,7012352,purchase,Latinate,11,15.6869,30
A,214,7012352,rapid,Latinate,42,14.7092,30
A,214,7012352,receive,Latinate,6,12.6591,30
A,214,7012352,remain,Latinate,27,13.6908,30
A,214,7012352,remainder,Latinate,36,29.8340,30
A,214,7012352,repair,Latinate,22,15.6105,30
A,214,7012352,reply,Latinate,17,15.2777,30
A,214,7012352,request,Latinate,15,14.5869,30
A,214,7012352,require,Latinate,3,15.4995,30
A,214,7012352,residence,Latinate,33,16.2500,30
A,214,7012352,respond,Latinate,18,15.3429,30
A,214,7012352,rest,Germanic,36,7.9092,30
A,214,7012352,retain,Latinate,28,17.8343,30
A,214,7012352,safe,Germanic,58,13.5677,30
A,214,7012352,secure,Latinate,58,13.9327,30
A,214,7012352,see,Germanic,26,6.9998,30
A,214,7012352,select,Latinate,21,15.7949,30
A,214,7012352,shall,Latinate,67,10.3353,30
A,214,7012352,show,Germanic,10,10.8931,30
A,214,7012352,sick,Germanic,57,12.7944,30
A,214,7012352,sickness,Germanic,35,16.6115,30
A,214,7012352,so,Germanic,61,7.8901,30
A,214,7012352,sometimes,Germanic,65,12.1062,30
A,214,7012352,start,Germanic,25,11.3379,30
A,214,7012352,stay,Germanic,27,10.0668,30
A,214,7012352,strange,Latinate,55,12.1531,30
A,214,7012352,subsequent,Latinate,53,25.4329,30
A,214,7012352,sufficient,Latinate,44,14.7284,30
A,214,7012352,therefore,Latinate,61,12.2815,30
A,214,7012352,try,Germanic,7,9.6022,30
A,214,7012352,understand,Germanic,0,10.2954,30
A,214,7012352,want,Germanic,4,7.2171,30
A,214,7012352,whole,Germanic,45,9.1784,30
A,214,7012352,will,Germanic,67,9.2110,30
A,244,7995392,acquire,Latinate,1,25.7635,18
A,244,7995392,additional,Latinate,48,15.4456,30
A,244,7995392,allow,Latinate,14,11.0790,30
A,244,7995392,ancient,Latinate,49,13.1783,30
A,244,7995392,answer,Germanic,17,11.8722,30
A,244,7995392,ask,Germanic,15,9.1634,30
A,244,7995392,assist,Latinate,8,14.8299,30
A,244,7995392,assistance,Latinate,37,17.7243,30
A,244,7995392,attempt,Latinate,7,13.7960,30
A,244,7995392,baby,Germanic,31,11.7443,30
A,244,7995392,before,Germanic,64,10.1406,30
A,244,7995392,beverage,Latinate,32,41.1689,11
A,244,7995392,build,Germanic,9,12.1146,30
A,244,7995392,but,Germanic,60,5.8231,30
A,244,7995392,buy,Germanic,11,10.9605,30
A,244,7995392,choose,Germanic,21,13.2402,30
A,244,7995392,commence,Latinate,25,22.7013,14
A,244,7995392,comprehend,Latinate,0,38.7186,19
A,244,7995392,conceal,Latinate,19,21.3869,30
A,244,7995392,conclude,Latinate,24,24.4193,15
A,244,7995392,construct,Latinate,9,25.2315,18
A,244,7995392,currently,Latinate,66,14.4306,30
A,244,7995392,demonstrate,Latinate,10,22.3615,30
A,244,7995392,depart,Latinate,12,14.9559,30
A,244,7995392,desire,Latinate,4,14.1953,30
A,244,7995392,difficult,Latinate,43,12.4095,30
A,244,7995392,discover,Latinate,20,14.5991,30
A,244,7995392,do,Germanic,30,7.3777,30
A,244,7995392,drink,Germanic,32,13.3314,30
A,244,7995392,earlier,Germanic,50,14.8109,30
A,244,7995392,end,Germanic,24,8.7605,30
A,244,7995392,enormous,Latinate,38,12.0287,30
A,244,7995392,enough,Germanic,44,10.2773,30
A,244,7995392,entire,Latinate,45,12.2958,30
A,244,7995392,error,Latinate,34,15.2163,30
A,244,7995392,fast,Germanic,42,12.7408,30
A,244,7995392,final,Latinate,59,12.1126,30
A,244,7995392,find,Germanic,20,9.1826,30
A,244,7995392,first,Germanic,52,10.2787,30
A,244,7995392,fortunate,Latinate,54,15.8710,30
A,244,7995392,frequently,Latinate,63,16.1422,30
A,244,7995392,get,Germanic,1,7.5348,30
A,244,7995392,gigantic,Latinate,39,29.3000,30
A,244,7995392,give,Germanic,5,7.8566,30
A,244,7995392,hard,Germanic,43,11.6700,30
A,244,7995392,have,Germanic,23,5.7490,30
A,244,7995392,help,Germanic,8,10.2692,30
A,244,7995392,hide,Germanic,19,13.1072,30
A,244,7995392,home,Germanic,33,10.5032,30
A,244,7995392,however,Latinate,60,11.8484,30
A,244,7995392,huge,Germanic,38,13.6661,30
A,244,7995392,ill,Latinate,57,13.1591,30
A,244,7995392,illness,Latinate,35,14.9338,30
A,244,7995392,immense,Latinate,40,15.3121,30
A,244,7995392,infant,Latinate,31,19.7471,30
A,244,7995392,initial,Latinate,52,15.1243,30
A,244,7995392,inquire,Latinate,16,22.4966,30
A,244,7995392,keep,Germanic,28,9.4250,30
A,244,7995392,last,Germanic,59,10.0774,30
A,244,7995392,leave,Germanic,12,10.5928,30
A,244,7995392,let,Germanic,13,11.0775,30
A,244,7995392,lucky,Germanic,54,14.6335,30
A,244,7995392,maintain,Latinate,29,14.2511,30
A,244,7995392,many,Germanic,46,9.6227,30
A,244,7995392,massive,Latinate,41,14.7680,30
A,244,7995392,maybe,Germanic,62,14.0502,30
A,244,7995392,mend,Germanic,22,25.6414,30
A,244,7995392,mistake,Germanic,34,13.3308,30
A,244,7995392,more,Germanic,48,9.4701,30
A,244,7995392,multiple,Latinate,47,15.2984,30
A,244,7995392,need,Germanic,3,10.8743,30
A,244,7995392,next,Germanic,53,9.5758,30
A,244,7995392,now,Germanic,66,9.9146,30
A,244,7995392,numerous,Latinate,46,14.8363,30
A,244,7995392,observe,Latinate,26,22.0846,30
A,244,7995392,obtain,Latinate,2,12.3183,30
A,244,7995392,occasionally,Latinate,65,15.6877,30
A,244,7995392,odd,Germanic,55,13.8209,30
A,244,7995392,often,Germanic,63,11.6990,30
A,244,7995392,old,Germanic,49,8.4425,30
A,244,7995392,peculiar,Latinate,56,15.5673,30
A,244,7995392,perform,Latinate,30,13.4236,30
A,244,7995392,perhaps,Latinate,62,11.8359,30
A,244,7995392,permit,Latinate,13,15.3950,30
A,244,7995392,possess,Latinate,23,14.9347,30
A,244,7995392,previous,Latinate,50,13.5790,30
A,244,7995392,previously,Latinate,64,15.4185,30
A,244,7995392,prior,Latinate,51,15.1816,30
A,244,7995392,provide,Latinate,5,11.5124,30
A,244,7995392,purchase,Latinate,11,15.2995,30
A,244,7995392,rapid,Latinate,42,14.8889,30
A,244,7995392,receive,Latinate,6,10.9545,30
A,244,7995392,remain,Latinate,27,12.7204,30
A,244,7995392,remainder,Latinate,36,30.9041,30
A,244,7995392,repair,Latinate,22,16.3384,30
A,244,7995392,reply,Latinate,17,15.1076,30
A,244,7995392,request,Latinate,15,14.4390,30
A,244,7995392,require,Latinate,3,15.4540,30
A,244,7995392,residence,Latinate,33,15.6939,30
A,244,7995392,respond,Latinate,18,13.9395,30
A,244,7995392,rest,Germanic,36,8.1150,30
A,244,7995392,retain,Latinate,28,17.8873,30
A,244,7995392,safe,Germanic,58,12.8473,30
A,244,7995392,secure,Latinate,58,14.1654,30
A,244,7995392,see,Germanic,26,6.7507,30
A,244,7995392,select,Latinate,21,16.0433,30
A,244,7995392,shall,Latinate,67,8.6388,30
A,244,7995392,show,Germanic,10,10.4593,30
A,244,7995392,sick,Germanic,57,12.3807,30
A,244,7995392,sickness,Germanic,35,17.1112,30
A,244,7995392,so,Germanic,61,7.7567,30
A,244,7995392,sometimes,Germanic,65,12.3619,30
A,244,7995392,start,Germanic,25,11.8846,30
A,244,7995392,stay,Germanic,27,10.9285,30
A,244,7995392,strange,Latinate,55,13.0957,30
A,244,7995392,subsequent,Latinate,53,26.2338,30
A,244,7995392,sufficient,Latinate,44,15.8320,30
A,244,7995392,therefore,Latinate,61,13.2381,30
A,244,7995392,try,Germanic,7,10.2000,30
A,244,7995392,understand,Germanic,0,11.0730,30
A,244,7995392,want,Germanic,4,8.6919,30
A,244,7995392,whole,Germanic,45,8.9510,30
A,244,7995392,will,Germanic,67,9.1562,30
A,275,9011200,acquire,Latinate,1,25.1099,18
A,275,9011200,additional,Latinate,48,14.7144,30
A,275,9011200,allow,Latinate,14,11.9772,30
A,275,9011200,ancient,Latinate,49,13.6159,30
A,275,9011200,answer,Germanic,17,11.6132,30
A,275,9011200,ask,Germanic,15,8.8902,30
A,275,9011200,assist,Latinate,8,14.1518,30
A,275,9011200,assistance,Latinate,37,16.4275,30
A,275,9011200,attempt,Latinate,7,13.8674,30
A,275,9011200,baby,Germanic,31,11.4941,30
A,275,9011200,before,Germanic,64,9.9694,30
A,275,9011200,beverage,Latinate,32,40.7447,11
A,275,9011200,build,Germanic,9,11.6691,30
A,275,9011200,but,Germanic,60,5.3374,30
A,275,9011200,buy,Germanic,11,11.1811,30
A,275,9011200,choose,Germanic,21,13.8977,30
A,275,9011200,commence,Latinate,25,23.2706,14
A,275,9011200,comprehend,Latinate,0,37.6205,19
A,275,9011200,conceal,Latinate,19,22.2358,30
A,275,9011200,conclude,Latinate,24,24.9464,15
A,275,9011200,construct,Latinate,9,27.2814,18
A,275,9011200,currently,Latinate,66,15.0241,30
A,275,9011200,demonstrate,Latinate,10,22.5240,30
A,275,9011200,depart,Latinate,12,15.6839,30
A,275,9011200,desire,Latinate,4,14.2976,30
A,275,9011200,difficult,Latinate,43,12.1314,30
A,275,9011200,discover,Latinate,20,15.0335,30
A,275,9011200,do,Germanic,30,6.1997,30
A,275,9011200,drink,Germanic,32,12.6452,30
A,275,9011200,earlier,Germanic,50,13.5754,30
A,275,9011200,end,Germanic,24,9.4508,30
A,275,9011200,enormous,Latinate,38,11.7181,30
A,275,9011200,enough,Germanic,44,10.8729,30
A,275,9011200,entire,Latinate,45,13.7515,30
A,275,9011200,error,Latinate,34,16.3461,30
A,275,9011200,fast,Germanic,42,12.9580,30
A,275,9011200,final,Latinate,59,11.9708,30
A,275,9011200,find,Germanic,20,9.1088,30
A,275,9011200,first,Germanic,52,10.2678,30
A,275,9011200,fortunate,Latinate,54,15.7505,30
A,275,9011200,frequently,Latinate,63,16.4661,30
A,275,9011200,get,Germanic,1,7.0239,30
A,275,9011200,gigantic,Latinate,39,30.5961,30
A,275,9011200,give,Germanic,5,8.3704,30
A,275,9011200,hard,Germanic,43,12.1443,30
A,275,9011200,have,Germanic,23,5.7096,30
A,275,9011200,help,Germanic,8,9.6687,30
A,275,9011200,hide,Germanic,19,13.0377,30
A,275,9011200,home,Germanic,33,10.6108,30
A,275,9011200,however,Latinate,60,11.8841,30
A,275,9011200,huge,Germanic,38,12.6495,30
A,275,9011200,ill,Latinate,57,12.5858,30
A,275,9011200,illness,Latinate,35,14.1876,30
A,275,9011200,immense,Latinate,40,15.1933,30
A,275,9011200,infant,Latinate,31,20.1485,30
A,275,9011200,initial,Latinate,52,15.5273,30
A,275,9011200,inquire,Latinate,16,23.7909,30
A,275,9011200,keep,Germanic,28,9.3397,30
A,275,9011200,last,Germanic,59,9.8960,30
A,275,9011200,leave,Germanic,12,9.9571,30
A,275,9011200,let,Germanic,13,11.3012,30
A,275,9011200,lucky,Germanic,54,13.9151,30
A,275,9011200,maintain,Latinate,29,14.7764,30
A,275,9011200,many,Germanic,46,10.5075,30
A,275,9011200,massive,Latinate,41,15.7470,30
A,275,9011200,maybe,Germanic,62,13.5305,30
A,275,9011200,mend,Germanic,22,25.7082,30
A,275,9011200,mistake,Germanic,34,12.8547,30
A,275,9011200,more,Germanic,48,9.2771,30
A,275,9011200,multiple,Latinate,47,16.8737,30
A,275,9011200,need,Germanic,3,10.6795,30
A,275,9011200,next,Germanic,53,10.0438,30
A,275,9011200,now,Germanic,66,9.5896,30
A,275,9011200,numerous,Latinate,46,16.2176,30
A,275,9011200,observe,Latinate,26,26.2033,30
A,275,9011200,obtain,Latinate,2,12.1477,30
A,275,9011200,occasionally,Latinate,65,17.0310,30
A,275,9011200,odd,Germanic,55,14.7363,30
A,275,9011200,often,Germanic,63,11.5859,30
A,275,9011200,old,Germanic,49,8.9625,30
A,275,9011200,peculiar,Latinate,56,14.4000,30
A,275,9011200,perform,Latinate,30,14.5690,30
A,275,9011200,perhaps,Latinate,62,11.2479,30
A,275,9011200,permit,Latinate,13,16.2417,30
A,275,9011200,possess,Latinate,23,13.8350,30
A,275,9011200,previous,Latinate,50,13.0546,30
A,275,9011200,previously,Latinate,64,16.4916,30
A,275,9011200,prior,Latinate,51,16.0343,30
A,275,9011200,provide,Latinate,5,11.7497,30
A,275,9011200,purchase,Latinate,11,15.0395,30
A,275,9011200,rapid,Latinate,42,14.1104,30
A,275,9011200,receive,Latinate,6,12.5177,30
A,275,9011200,remain,Latinate,27,13.9461,30
A,275,9011200,remainder,Latinate,36,30.5766,30
A,275,9011200,repair,Latinate,22,15.9443,30
A,275,9011200,reply,Latinate,17,14.8950,30
A,275,9011200,request,Latinate,15,14.2143,30
A,275,9011200,require,Latinate,3,14.8999,30
A,275,9011200,residence,Latinate,33,15.4707,30
A,275,9011200,respond,Latinate,18,15.2335,30
A,275,9011200,rest,Germanic,36,8.3819,30
A,275,9011200,retain,Latinate,28,15.9398,30
A,275,9011200,safe,Germanic,58,13.6623,30
A,275,9011200,secure,Latinate,58,14.6421,30
A,275,9011200,see,Germanic,26,6.9013,30
A,275,9011200,select,Latinate,21,16.7448,30
A,275,9011200,shall,Latinate,67,9.9486,30
A,275,9011200,show,Germanic,10,10.8051,30
A,275,9011200,sick,Germanic,57,13.0097,30
A,275,9011200,sickness,Germanic,35,17.2998,30
A,275,9011200,so,Germanic,61,7.9062,30
A,275,9011200,sometimes,Germanic,65,12.9712,30
A,275,9011200,start,Germanic,25,11.1288,30
A,275,9011200,stay,Germanic,27,10.8667,30
A,275,9011200,strange,Latinate,55,13.1619,30
A,275,9011200,subsequent,Latinate,53,24.9689,30
A,275,9011200,sufficient,Latinate,44,15.7274,30
A,275,9011200,therefore,Latinate,61,12.1768,30
A,275,9011200,try,Germanic,7,9.2808,30
A,275,9011200,understand,Germanic,0,10.3922,30
A,275,9011200,want,Germanic,4,8.3493,30
A,275,9011200,whole,Germanic,45,7.9900,30
A,275,9011200,will,Germanic,67,8.8905,30
A,305,9994240,acquire,Latinate,1,27.3703,18
A,305,9994240,additional,Latinate,48,15.4800,30
A,305,9994240,allow,Latinate,14,11.8812,30
A,305,9994240,ancient,Latinate,49,12.8607,30
A,305,9994240,answer,Germanic,17,11.7916,30
A,305,9994240,ask,Germanic,15,9.5445,30
A,305,9994240,assist,Latinate,8,14.0840,30
A,305,9994240,assistance,Latinate,37,15.9193,30
A,305,9994240,attempt,Latinate,7,12.7839,30
A,305,9994240,baby,Germanic,31,11.8262,30
A,305,9994240,before,Germanic,64,9.5514,30
A,305,9994240,beverage,Latinate,32,40.9964,11
A,305,9994240,build,Germanic,9,11.7151,30
A,305,9994240,but,Germanic,60,5.8862,30
A,305,9994240,buy,Germanic,11,11.3156,30
A,305,9994240,choose,Germanic,21,13.9380,30
A,305,9994240,commence,Latinate,25,24.4034,14
A,305,9994240,comprehend,Latinate,0,36.7161,19
A,305,9994240,conceal,Latinate,19,21.7310,30
A,305,9994240,conclude,Latinate,24,24.5410,15
A,305,9994240,construct,Latinate,9,24.0724,18
A,305,9994240,currently,Latinate,66,15.1828,30
A,305,9994240,demonstrate,Latinate,10,22.2067,30
A,305,9994240,depart,Latinate,12,15.1427,30
A,305,9994240,desire,Latinate,4,13.3160,30
A,305,9994240,difficult,Latinate,43,11.6494,30
A,305,9994240,discover,Latinate,20,14.4539,30
A,305,9994240,do,Germanic,30,6.3700,30
A,305,9994240,drink,Germanic,32,13.8755,30
A,305,9994240,earlier,Germanic,50,15.2138,30
A,305,9994240,end,Germanic,24,8.2545,30
A,305,9994240,enormous,Latinate,38,11.8423,30
A,305,9994240,enough,Germanic,44,10.1947,30
A,305,9994240,entire,Latinate,45,13.3469,30
A,305,9994240,error,Latinate,34,16.2253,30
A,305,9994240,fast,Germanic,42,12.4862,30
A,305,9994240,final,Latinate,59,11.6488,30
A,305,9994240,find,Germanic,20,9.7081,30
A,305,9994240,first,Germanic,52,11.2594,30
A,305,9994240,fortunate,Latinate,54,16.1880,30
A,305,9994240,frequently,Latinate,63,15.4775,30
A,305,9994240,get,Germanic,1,7.3067,30
A,305,9994240,gigantic,Latinate,39,29.8474,30
A,305,9994240,give,Germanic,5,8.7794,30
A,305,9994240,hard,Germanic,43,11.5651,30
A,305,9994240,have,Germanic,23,5.7231,30
A,305,9994240,help,Germanic,8,9.9515,30
A,305,9994240,hide,Germanic,19,13.3022,30
A,305,9994240,home,Germanic,33,10.5884,30
A,305,9994240,however,Latinate,60,11.8808,30
A,305,9994240,huge,Germanic,38,13.3499,30
A,305,9994240,ill,Latinate,57,13.0331,30
A,305,9994240,illness,Latinate,35,14.3104,30
A,305,9994240,immense,Latinate,40,14.4886,30
A,305,9994240,infant,Latinate,31,17.5558,30
A,305,9994240,initial,Latinate,52,14.3058,30
A,305,9994240,inquire,Latinate,16,25.1117,30
A,305,9994240,keep,Germanic,28,9.4157,30
A,305,9994240,last,Germanic,59,10.4596,30
A,305,9994240,leave,Germanic,12,10.5622,30
A,305,9994240,let,Germanic,13,11.3476,30
A,305,9994240,lucky,Germanic,54,15.0278,30
A,305,9994240,maintain,Latinate,29,14.5675,30
A,305,9994240,many,Germanic,46,10.3966,30
A,305,9994240,massive,Latinate,41,14.6542,30
A,305,9994240,maybe,Germanic,62,14.2613,30
A,305,9994240,mend,Germanic,22,24.7889,30
A,305,9994240,mistake,Germanic,34,13.5234,30
A,305,9994240,more,Germanic,48,9.2124,30
A,305,9994240,multiple,Latinate,47,17.1885,30
A,305,9994240,need,Germanic,3,10.3078,30
A,305,9994240,next,Germanic,53,10.5259,30
A,305,9994240,now,Germanic,66,9.2026,30
A,305,9994240,numerous,Latinate,46,15.3751,30
A,305,9994240,observe,Latinate,26,24.5904,30
A,305,9994240,obtain,Latinate,2,12.2609,30
A,305,9994240,occasionally,Latinate,65,15.7262,30
A,305,9994240,odd,Germanic,55,15.1152,30
A,305,9994240,often,Germanic,63,11.5449,30
A,305,9994240,old,Germanic,49,9.0013,30
A,305,9994240,peculiar,Latinate,56,15.0111,30
A,305,9994240,perform,Latinate,30,14.0692,30
A,305,9994240,perhaps,Latinate,62,12.3000,30
A,305,9994240,permit,Latinate,13,16.6165,30
A,305,9994240,possess,Latinate,23,14.5434,30
A,305,9994240,previous,Latinate,50,13.1190,30
A,305,9994240,previously,Latinate,64,16.0372,30
A,305,9994240,prior,Latinate,51,16.0681,30
A,305,9994240,provide,Latinate,5,12.0022,30
A,305,9994240,purchase,Latinate,11,16.7044,30
A,305,9994240,rapid,Latinate,42,14.6179,30
A,305,9994240,receive,Latinate,6,11.7078,30
A,305,9994240,remain,Latinate,27,13.4040,30
A,305,9994240,remainder,Latinate,36,29.5323,30
A,305,9994240,repair,Latinate,22,16.6002,30
A,305,9994240,reply,Latinate,17,13.6280,30
A,305,9994240,request,Latinate,15,12.9453,30
A,305,9994240,require,Latinate,3,14.8296,30
A,305,9994240,residence,Latinate,33,15.2508,30
A,305,9994240,respond,Latinate,18,14.8097,30
A,305,9994240,rest,Germanic,36,8.5991,30
A,305,9994240,retain,Latinate,28,15.4195,30
A,305,9994240,safe,Germanic,58,12.8752,30
A,305,9994240,secure,Latinate,58,14.5445,30
A,305,9994240,see,Germanic,26,7.0887,30
A,305,9994240,select,Latinate,21,16.8868,30
A,305,9994240,shall,Latinate,67,9.0256,30
A,305,9994240,show,Germanic,10,11.6049,30
A,305,9994240,sick,Germanic,57,13.3088,30
A,305,9994240,sickness,Germanic,35,17.7188,30
A,305,9994240,so,Germanic,61,7.8692,30
A,305,9994240,sometimes,Germanic,65,12.8556,30
A,305,9994240,start,Germanic,25,11.4408,30
A,305,9994240,stay,Germanic,27,10.6792,30
A,305,9994240,strange,Latinate,55,13.1631,30
A,305,9994240,subsequent,Latinate,53,24.0918,30
A,305,9994240,sufficient,Latinate,44,14.9117,30
A,305,9994240,therefore,Latinate,61,11.9860,30
A,305,9994240,try,Germanic,7,8.8757,30
A,305,9994240,understand,Germanic,0,10.5981,30
A,305,9994240,want,Germanic,4,8.6051,30
A,305,9994240,whole,Germanic,45,8.7176,30
A,305,9994240,will,Germanic,67,9.1429,30
A,610,19988480,acquire,Latinate,1,24.7378,18
A,610,19988480,additional,Latinate,48,14.5564,30
A,610,19988480,allow,Latinate,14,11.3107,30
A,610,19988480,ancient,Latinate,49,13.3388,30
A,610,19988480,answer,Germanic,17,11.4286,30
A,610,19988480,ask,Germanic,15,9.2346,30
A,610,19988480,assist,Latinate,8,13.9599,30
A,610,19988480,assistance,Latinate,37,15.7158,30
A,610,19988480,attempt,Latinate,7,12.1321,30
A,610,19988480,baby,Germanic,31,10.1760,30
A,610,19988480,before,Germanic,64,9.7671,30
A,610,19988480,beverage,Latinate,32,41.1929,11
A,610,19988480,build,Germanic,9,10.9452,30
A,610,19988480,but,Germanic,60,5.9137,30
A,610,19988480,buy,Germanic,11,10.7099,30
A,610,19988480,choose,Germanic,21,14.0847,30
A,610,19988480,commence,Latinate,25,22.6256,14
A,610,19988480,comprehend,Latinate,0,32.8458,19
A,610,19988480,conceal,Latinate,19,20.7279,30
A,610,19988480,conclude,Latinate,24,25.7466,15
A,610,19988480,construct,Latinate,9,23.6833,18
A,610,19988480,currently,Latinate,66,15.1844,30
A,610,19988480,demonstrate,Latinate,10,19.6217,30
A,610,19988480,depart,Latinate,12,13.6662,30
A,610,19988480,desire,Latinate,4,14.2083,30
A,610,19988480,difficult,Latinate,43,11.0236,30
A,610,19988480,discover,Latinate,20,15.4281,30
A,610,19988480,do,Germanic,30,6.3842,30
A,610,19988480,drink,Germanic,32,12.8005,30
A,610,19988480,earlier,Germanic,50,13.4665,30
A,610,19988480,end,Germanic,24,8.4902,30
A,610,19988480,enormous,Latinate,38,11.5515,30
A,610,19988480,enough,Germanic,44,9.6044,30
A,610,19988480,entire,Latinate,45,13.3482,30
A,610,19988480,error,Latinate,34,13.8425,30
A,610,19988480,fast,Germanic,42,11.8976,30
A,610,19988480,final,Latinate,59,11.3573,30
A,610,19988480,find,Germanic,20,9.3682,30
A,610,19988480,first,Germanic,52,10.7733,30
A,610,19988480,fortunate,Latinate,54,15.5026,30
A,610,19988480,frequently,Latinate,63,15.8658,30
A,610,19988480,get,Germanic,1,6.6588,30
A,610,19988480,gigantic,Latinate,39,24.2618,30
A,610,19988480,give,Germanic,5,8.7456,30
A,610,19988480,hard,Germanic,43,11.0643,30
A,610,19988480,have,Germanic,23,5.4431,30
A,610,19988480,help,Germanic,8,10.0312,30
A,610,19988480,hide,Germanic,19,12.1736,30
A,610,19988480,home,Germanic,33,9.5103,30
A,610,19988480,however,Latinate,60,10.8308,30
A,610,19988480,huge,Germanic,38,12.8424,30
A,610,19988480,ill,Latinate,57,12.1935,30
A,610,19988480,illness,Latinate,35,13.5124,30
A,610,19988480,immense,Latinate,40,13.3968,30
A,610,19988480,infant,Latinate,31,18.8154,30
A,610,19988480,initial,Latinate,52,15.6945,30
A,610,19988480,inquire,Latinate,16,23.0750,30
A,610,19988480,keep,Germanic,28,8.9154,30
A,610,19988480,last,Germanic,59,9.9518,30
A,610,19988480,leave,Germanic,12,10.4259,30
A,610,19988480,let,Germanic,13,10.5527,30
A,610,19988480,lucky,Germanic,54,13.4807,30
A,610,19988480,maintain,Latinate,29,13.4510,30
A,610,19988480,many,Germanic,46,10.4031,30
A,610,19988480,massive,Latinate,41,15.2416,30
A,610,19988480,maybe,Germanic,62,13.0741,30
A,610,19988480,mend,Germanic,22,25.1285,30
A,610,19988480,mistake,Germanic,34,12.8650,30
A,610,19988480,more,Germanic,48,10.3786,30
A,610,19988480,multiple,Latinate,47,15.5869,30
A,610,19988480,need,Germanic,3,9.6141,30
A,610,19988480,next,Germanic,53,9.6226,30
A,610,19988480,now,Germanic,66,10.1247,30
A,610,19988480,numerous,Latinate,46,15.4995,30
A,610,19988480,observe,Latinate,26,20.8368,30
A,610,19988480,obtain,Latinate,2,11.4971,30
A,610,19988480,occasionally,Latinate,65,16.1671,30
A,610,19988480,odd,Germanic,55,14.0960,30
A,610,19988480,often,Germanic,63,11.2141,30
A,610,19988480,old,Germanic,49,8.8067,30
A,610,19988480,peculiar,Latinate,56,15.2228,30
A,610,19988480,perform,Latinate,30,13.6754,30
A,610,19988480,perhaps,Latinate,62,12.0411,30
A,610,19988480,permit,Latinate,13,14.5787,30
A,610,19988480,possess,Latinate,23,14.5519,30
A,610,19988480,previous,Latinate,50,12.2097,30
A,610,19988480,previously,Latinate,64,16.9035,30
A,610,19988480,prior,Latinate,51,15.4436,30
A,610,19988480,provide,Latinate,5,11.9777,30
A,610,19988480,purchase,Latinate,11,16.0755,30
A,610,19988480,rapid,Latinate,42,13.1214,30
A,610,19988480,receive,Latinate,6,11.1964,30
A,610,19988480,remain,Latinate,27,12.7230,30
A,610,19988480,remainder,Latinate,36,27.7949,30
A,610,19988480,repair,Latinate,22,15.3971,30
A,610,19988480,reply,Latinate,17,14.8363,30
A,610,19988480,request,Latinate,15,14.1719,30
A,610,19988480,require,Latinate,3,14.2115,30
A,610,19988480,residence,Latinate,33,16.7420,30
A,610,19988480,respond,Latinate,18,14.0311,30
A,610,19988480,rest,Germanic,36,8.7076,30
A,610,19988480,retain,Latinate,28,14.5583,30
A,610,19988480,safe,Germanic,58,11.7511,30
A,610,19988480,secure,Latinate,58,12.5986,30
A,610,19988480,see,Germanic,26,6.6203,30
A,610,19988480,select,Latinate,21,16.4220,30
A,610,19988480,shall,Latinate,67,8.2946,30
A,610,19988480,show,Germanic,10,10.7393,30
A,610,19988480,sick,Germanic,57,13.2672,30
A,610,19988480,sickness,Germanic,35,15.8722,30
A,610,19988480,so,Germanic,61,8.2359,30
A,610,19988480,sometimes,Germanic,65,12.8463,30
A,610,19988480,start,Germanic,25,10.9409,30
A,610,19988480,stay,Germanic,27,9.8944,30
A,610,19988480,strange,Latinate,55,12.7876,30
A,610,19988480,subsequent,Latinate,53,22.6000,30
A,610,19988480,sufficient,Latinate,44,14.6656,30
A,610,19988480,therefore,Latinate,61,11.0392,30
A,610,19988480,try,Germanic,7,9.3809,30
A,610,19988480,understand,Germanic,0,8.8563,30
A,610,19988480,want,Germanic,4,7.5321,30
A,610,19988480,whole,Germanic,45,8.3658,30
A,610,19988480,will,Germanic,67,9.3136,30
A,916,30015488,acquire,Latinate,1,24.2677,18
A,916,30015488,additional,Latinate,48,14.3777,30
A,916,30015488,allow,Latinate,14,10.6551,30
A,916,30015488,ancient,Latinate,49,12.6789,30
A,916,30015488,answer,Germanic,17,10.9858,30
A,916,30015488,ask,Germanic,15,8.5252,30
A,916,30015488,assist,Latinate,8,13.7048,30
A,916,30015488,assistance,Latinate,37,15.0273,30
A,916,30015488,attempt,Latinate,7,12.9590,30
A,916,30015488,baby,Germanic,31,11.1778,30
A,916,30015488,before,Germanic,64,9.8074,30
A,916,30015488,beverage,Latinate,32,40.1094,11
A,916,30015488,build,Germanic,9,9.9952,30
A,916,30015488,but,Germanic,60,5.0254,30
A,916,30015488,buy,Germanic,11,10.9186,30
A,916,30015488,choose,Germanic,21,12.8779,30
A,916,30015488,commence,Latinate,25,21.8728,14
A,916,30015488,comprehend,Latinate,0,31.1830,19
A,916,30015488,conceal,Latinate,19,22.6720,30
A,916,30015488,conclude,Latinate,24,21.8221,15
A,916,30015488,construct,Latinate,9,19.3721,18
A,916,30015488,currently,Latinate,66,13.3557,30
A,916,30015488,demonstrate,Latinate,10,15.2832,30
A,916,30015488,depart,Latinate,12,13.8342,30
A,916,30015488,desire,Latinate,4,12.1447,30
A,916,30015488,difficult,Latinate,43,9.3518,30
A,916,30015488,discover,Latinate,20,14.4312,30
A,916,30015488,do,Germanic,30,6.3940,30
A,916,30015488,drink,Germanic,32,13.3568,30
A,916,30015488,earlier,Germanic,50,12.9852,30
A,916,30015488,end,Germanic,24,8.3973,30
A,916,30015488,enormous,Latinate,38,9.0822,30
A,916,30015488,enough,Germanic,44,9.0451,30
A,916,30015488,entire,Latinate,45,12.9975,30
A,916,30015488,error,Latinate,34,14.0003,30
A,916,30015488,fast,Germanic,42,12.8385,30
A,916,30015488,final,Latinate,59,9.4064,30
A,916,30015488,find,Germanic,20,8.9014,30
A,916,30015488,first,Germanic,52,10.2539,30
A,916,30015488,fortunate,Latinate,54,14.6202,30
A,916,30015488,frequently,Latinate,63,15.4372,30
A,916,30015488,get,Germanic,1,5.9212,30
A,916,30015488,gigantic,Latinate,39,23.8172,30
A,916,30015488,give,Germanic,5,8.3538,30
A,916,30015488,hard,Germanic,43,11.2890,30
A,916,30015488,have,Germanic,23,5.3208,30
A,916,30015488,help,Germanic,8,9.7271,30
A,916,30015488,hide,Germanic,19,12.1487,30
A,916,30015488,home,Germanic,33,9.7763,30
A,916,30015488,however,Latinate,60,10.9211,30
A,916,30015488,huge,Germanic,38,12.1090,30
A,916,30015488,ill,Latinate,57,12.7054,30
A,916,30015488,illness,Latinate,35,13.2751,30
A,916,30015488,immense,Latinate,40,13.8113,30
A,916,30015488,infant,Latinate,31,17.2933,30
A,916,30015488,initial,Latinate,52,13.9979,30
A,916,30015488,inquire,Latinate,16,21.5025,30
A,916,30015488,keep,Germanic,28,9.3641,30
A,916,30015488,last,Germanic,59,10.5557,30
A,916,30015488,leave,Germanic,12,10.6534,30
A,916,30015488,let,Germanic,13,10.1277,30
A,916,30015488,lucky,Germanic,54,13.1359,30
A,916,30015488,maintain,Latinate,29,14.0645,30
A,916,30015488,many,Germanic,46,9.8979,30
A,916,30015488,massive,Latinate,41,14.9735,30
A,916,30015488,maybe,Germanic,62,12.9411,30
A,916,30015488,mend,Germanic,22,22.1428,30
A,916,30015488,mistake,Germanic,34,12.0407,30
A,916,30015488,more,Germanic,48,8.7621,30
A,916,30015488,multiple,Latinate,47,14.8190,30
A,916,30015488,need,Germanic,3,8.7830,30
A,916,30015488,next,Germanic,53,10.6090,30
A,916,30015488,now,Germanic,66,9.1863,30
A,916,30015488,numerous,Latinate,46,16.0898,30
A,916,30015488,observe,Latinate,26,19.9605,30
A,916,30015488,obtain,Latinate,2,11.2963,30
A,916,30015488,occasionally,Latinate,65,15.7621,30
A,916,30015488,odd,Germanic,55,14.4819,30
A,916,30015488,often,Germanic,63,10.9223,30
A,916,30015488,old,Germanic,49,10.1046,30
A,916,30015488,peculiar,Latinate,56,15.5576,30
A,916,30015488,perform,Latinate,30,11.4421,30
A,916,30015488,perhaps,Latinate,62,10.5218,30
A,916,30015488,permit,Latinate,13,14.6031,30
A,916,30015488,possess,Latinate,23,13.9455,30
A,916,30015488,previous,Latinate,50,11.7493,30
A,916,30015488,previously,Latinate,64,15.5766,30
A,916,30015488,prior,Latinate,51,14.0719,30
A,916,30015488,provide,Latinate,5,10.3358,30
A,916,30015488,purchase,Latinate,11,14.9069,30
A,916,30015488,rapid,Latinate,42,12.8478,30
A,916,30015488,receive,Latinate,6,11.5758,30
A,916,30015488,remain,Latinate,27,13.5502,30
A,916,30015488,remainder,Latinate,36,26.6944,30
A,916,30015488,repair,Latinate,22,14.2923,30
A,916,30015488,reply,Latinate,17,14.5319,30
A,916,30015488,request,Latinate,15,13.3682,30
A,916,30015488,require,Latinate,3,13.0668,30
A,916,30015488,residence,Latinate,33,15.8976,30
A,916,30015488,respond,Latinate,18,13.4097,30
A,916,30015488,rest,Germanic,36,8.1704,30
A,916,30015488,retain,Latinate,28,13.7341,30
A,916,30015488,safe,Germanic,58,12.2774,30
A,916,30015488,secure,Latinate,58,13.7353,30
A,916,30015488,see,Germanic,26,6.6165,30
A,916,30015488,select,Latinate,21,15.6896,30
A,916,30015488,shall,Latinate,67,8.4005,30
A,916,30015488,show,Germanic,10,9.7048,30
A,916,30015488,sick,Germanic,57,13.4174,30
A,916,30015488,sickness,Germanic,35,16.8766,30
A,916,30015488,so,Germanic,61,7.0754,30
A,916,30015488,sometimes,Germanic,65,11.6768,30
A,916,30015488,start,Germanic,25,10.9511,30
A,916,30015488,stay,Germanic,27,9.3593,30
A,916,30015488,strange,Latinate,55,13.9631,30
A,916,30015488,subsequent,Latinate,53,21.2886,30
A,916,30015488,sufficient,Latinate,44,14.0535,30
A,916,30015488,therefore,Latinate,61,9.6306,30
A,916,30015488,try,Germanic,7,8.6468,30
A,916,30015488,understand,Germanic,0,9.5737,30
A,916,30015488,want,Germanic,4,7.1839,30
A,916,30015488,whole,Germanic,45,7.9687,30
A,916,30015488,will,Germanic,67,8.2133,30
A,1221,40009728,acquire,Latinate,1,22.4997,18
A,1221,40009728,additional,Latinate,48,13.4047,30
A,1221,40009728,allow,Latinate,14,10.6774,30
A,1221,40009728,ancient,Latinate,49,11.6444,30
A,1221,40009728,answer,Germanic,17,11.8652,30
A,1221,40009728,ask,Germanic,15,8.8330,30
A,1221,40009728,assist,Latinate,8,14.1675,30
A,1221,40009728,assistance,Latinate,37,14.4015,30
A,1221,40009728,attempt,Latinate,7,12.3629,30
A,1221,40009728,baby,Germanic,31,10.5584,30
A,1221,40009728,before,Germanic,64,9.6514,30
A,1221,40009728,beverage,Latinate,32,39.4243,11
A,1221,40009728,build,Germanic,9,10.3875,30
A,1221,40009728,but,Germanic,60,5.3559,30
A,1221,40009728,buy,Germanic,11,10.5833,30
A,1221,40009728,choose,Germanic,21,13.0038,30
A,1221,40009728,commence,Latinate,25,21.9729,14
A,1221,40009728,comprehend,Latinate,0,28.0467,19
A,1221,40009728,conceal,Latinate,19,21.6384,30
A,1221,40009728,conclude,Latinate,24,19.7002,15
A,1221,40009728,construct,Latinate,9,21.0216,18
A,1221,40009728,currently,Latinate,66,12.5886,30
A,1221,40009728,demonstrate,Latinate,10,16.1334,30
A,1221,40009728,depart,Latinate,12,12.9067,30
A,1221,40009728,desire,Latinate,4,12.3429,30
A,1221,40009728,difficult,Latinate,43,8.6129,30
A,1221,40009728,discover,Latinate,20,14.0580,30
A,1221,40009728,do,Germanic,30,6.1565,30
A,1221,40009728,drink,Germanic,32,13.4262,30
A,1221,40009728,earlier,Germanic,50,13.1975,30
A,1221,40009728,end,Germanic,24,9.4893,30
A,1221,40009728,enormous,Latinate,38,9.4448,30
A,1221,40009728,enough,Germanic,44,9.2993,30
A,1221,40009728,entire,Latinate,45,12.4990,30
A,1221,40009728,error,Latinate,34,14.3294,30
A,1221,40009728,fast,Germanic,42,11.7053,30
A,1221,40009728,final,Latinate,59,11.2997,30
A,1221,40009728,find,Germanic,20,8.6682,30
A,1221,40009728,first,Germanic,52,10.6532,30
A,1221,40009728,fortunate,Latinate,54,14.6428,30
A,1221,40009728,frequently,Latinate,63,15.2461,30
A,1221,40009728,get,Germanic,1,5.6988,30
A,1221,40009728,gigantic,Latinate,39,21.2723,30
A,1221,40009728,give,Germanic,5,8.1185,30
A,1221,40009728,hard,Germanic,43,11.4122,30
A,1221,40009728,have,Germanic,23,5.2363,30
A,1221,40009728,help,Germanic,8,9.0492,30
A,1221,40009728,hide,Germanic,19,12.5433,30
A,1221,40009728,home,Germanic,33,9.4777,30
A,1221,40009728,however,Latinate,60,12.1981,30
A,1221,40009728,huge,Germanic,38,11.4622,30
A,1221,40009728,ill,Latinate,57,12.6261,30
A,1221,40009728,illness,Latinate,35,14.2971,30
A,1221,40009728,immense,Latinate,40,14.2024,30
A,1221,40009728,infant,Latinate,31,15.9660,30
A,1221,40009728,initial,Latinate,52,12.5894,30
A,1221,40009728,inquire,Latinate,16,16.6576,30
A,1221,40009728,keep,Germanic,28,9.2570,30
A,1221,40009728,last,Germanic,59,10.4637,30
A,1221,40009728,leave,Germanic,12,10.0540,30
A,1221,40009728,let,Germanic,13,10.3504,30
A,1221,40009728,lucky,Germanic,54,12.0534,30
A,1221,40009728,maintain,Latinate,29,13.0109,30
A,1221,40009728,many,Germanic,46,9.1633,30
A,1221,40009728,massive,Latinate,41,14.3136,30
A,1221,40009728,maybe,Germanic,62,13.3989,30
A,1221,40009728,mend,Germanic,22,20.3437,30
A,1221,40009728,mistake,Germanic,34,10.4679,30
A,1221,40009728,more,Germanic,48,9.7886,30
A,1221,40009728,multiple,Latinate,47,14.3134,30
A,1221,40009728,need,Germanic,3,8.6614,30
A,1221,40009728,next,Germanic,53,9.8124,30
A,1221,40009728,now,Germanic,66,9.7353,30
A,1221,40009728,numerous,Latinate,46,14.5206,30
A,1221,40009728,observe,Latinate,26,16.7517,30
A,1221,40009728,obtain,Latinate,2,11.0453,30
A,1221,40009728,occasionally,Latinate,65,14.6849,30
A,1221,40009728,odd,Germanic,55,14.3540,30
A,1221,40009728,often,Germanic,63,11.2324,30
A,1221,40009728,old,Germanic,49,9.2811,30
A,1221,40009728,peculiar,Latinate,56,15.1315,30
A,1221,40009728,perform,Latinate,30,12.4816,30
A,1221,40009728,perhaps,Latinate,62,11.2883,30
A,1221,40009728,permit,Latinate,13,13.6514,30
A,1221,40009728,possess,Latinate,23,12.8661,30
A,1221,40009728,previous,Latinate,50,11.2376,30
A,1221,40009728,previously,Latinate,64,13.6596,30
A,1221,40009728,prior,Latinate,51,13.3652,30
A,1221,40009728,provide,Latinate,5,9.3920,30
A,1221,40009728,purchase,Latinate,11,14.4743,30
A,1221,40009728,rapid,Latinate,42,13.0003,30
A,1221,40009728,receive,Latinate,6,11.4352,30
A,1221,40009728,remain,Latinate,27,13.4060,30
A,1221,40009728,remainder,Latinate,36,22.8520,30
A,1221,40009728,repair,Latinate,22,14.8789,30
A,1221,40009728,reply,Latinate,17,14.3336,30
A,1221,40009728,request,Latinate,15,13.8000,30
A,1221,40009728,require,Latinate,3,12.2110,30
A,1221,40009728,residence,Latinate,33,15.8928,30
A,1221,40009728,respond,Latinate,18,13.3563,30
A,1221,40009728,rest,Germanic,36,8.2896,30
A,1221,40009728,retain,Latinate,28,13.7190,30
A,1221,40009728,safe,Germanic,58,11.9736,30
A,1221,40009728,secure,Latinate,58,13.0094,30
A,1221,40009728,see,Germanic,26,6.4963,30
A,1221,40009728,select,Latinate,21,15.2417,30
A,1221,40009728,shall,Latinate,67,7.9552,30
A,1221,40009728,show,Germanic,10,10.9245,30
A,1221,40009728,sick,Germanic,57,12.7587,30
A,1221,40009728,sickness,Germanic,35,17.2640,30
A,1221,40009728,so,Germanic,61,6.9111,30
A,1221,40009728,sometimes,Germanic,65,11.5537,30
A,1221,40009728,start,Germanic,25,10.1464,30
A,1221,40009728,stay,Germanic,27,9.6110,30
A,1221,40009728,strange,Latinate,55,12.9295,30
A,1221,40009728,subsequent,Latinate,53,21.0653,30
A,1221,40009728,sufficient,Latinate,44,14.8354,30
A,1221,40009728,therefore,Latinate,61,11.0113,30
A,1221,40009728,try,Germanic,7,8.6410,30
A,1221,40009728,understand,Germanic,0,9.9211,30
A,1221,40009728,want,Germanic,4,7.1631,30
A,1221,40009728,whole,Germanic,45,8.5328,30
A,1221,40009728,will,Germanic,67,8.5050,30
A,1526,50003968,acquire,Latinate,1,18.8544,18
A,1526,50003968,additional,Latinate,48,13.1048,30
A,1526,50003968,allow,Latinate,14,10.3638,30
A,1526,50003968,ancient,Latinate,49,11.9127,30
A,1526,50003968,answer,Germanic,17,11.0006,30
A,1526,50003968,ask,Germanic,15,8.6609,30
A,1526,50003968,assist,Latinate,8,13.6704,30
A,1526,50003968,assistance,Latinate,37,12.8485,30
A,1526,50003968,attempt,Latinate,7,11.7563,30
A,1526,50003968,baby,Germanic,31,11.5002,30
A,1526,50003968,before,Germanic,64,8.8438,30
A,1526,50003968,beverage,Latinate,32,34.5467,11
A,1526,50003968,build,Germanic,9,10.4132,30
A,1526,50003968,but,Germanic,60,5.8804,30
A,1526,50003968,buy,Germanic,11,10.3082,30
A,1526,50003968,choose,Germanic,21,12.1433,30
A,1526,50003968,commence,Latinate,25,22.3241,14
A,1526,50003968,comprehend,Latinate,0,23.8201,19
A,1526,50003968,conceal,Latinate,19,20.6648,30
A,1526,50003968,conclude,Latinate,24,20.8283,15
A,1526,50003968,construct,Latinate,9,19.4429,18
A,1526,50003968,currently,Latinate,66,13.7661,30
A,1526,50003968,demonstrate,Latinate,10,14.5743,30
A,1526,50003968,depart,Latinate,12,13.8848,30
A,1526,50003968,desire,Latinate,4,12.7512,30
A,1526,50003968,difficult,Latinate,43,9.0638,30
A,1526,50003968,discover,Latinate,20,13.5386,30
A,1526,50003968,do,Germanic,30,6.0606,30
A,1526,50003968,drink,Germanic,32,12.1137,30
A,1526,50003968,earlier,Germanic,50,12.1948,30
A,1526,50003968,end,Germanic,24,6.8191,30
A,1526,50003968,enormous,Latinate,38,9.8215,30
A,1526,50003968,enough,Germanic,44,8.2331,30
A,1526,50003968,entire,Latinate,45,11.9616,30
A,1526,50003968,error,Latinate,34,12.1356,30
A,1526,50003968,fast,Germanic,42,10.7734,30
A,1526,50003968,final,Latinate,59,10.6030,30
A,1526,50003968,find,Germanic,20,7.9259,30
A,1526,50003968,first,Germanic,52,10.2546,30
A,1526,50003968,fortunate,Latinate,54,13.4924,30
A,1526,50003968,frequently,Latinate,63,14.6823,30
A,1526,50003968,get,Germanic,1,5.4871,30
A,1526,50003968,gigantic,Latinate,39,16.5287,30
A,1526,50003968,give,Germanic,5,8.4562,30
A,1526,50003968,hard,Germanic,43,10.0127,30
A,1526,50003968,have,Germanic,23,4.3785,30
A,1526,50003968,help,Germanic,8,9.5563,30
A,1526,50003968,hide,Germanic,19,11.5279,30
A,1526,50003968,home,Germanic,33,8.5340,30
A,1526,50003968,however,Latinate,60,12.4755,30
A,1526,50003968,huge,Germanic,38,11.3207,30
A,1526,50003968,ill,Latinate,57,12.8691,30
A,1526,50003968,illness,Latinate,35,13.6990,30
A,1526,50003968,immense,Latinate,40,12.6836,30
A,1526,50003968,infant,Latinate,31,17.2714,30
A,1526,50003968,initial,Latinate,52,14.5335,30
A,1526,50003968,inquire,Latinate,16,15.1831,30
A,1526,50003968,keep,Germanic,28,8.4297,30
A,1526,50003968,last,Germanic,59,9.8455,30
A,1526,50003968,leave,Germanic,12,10.6133,30
A,1526,50003968,let,Germanic,13,9.4044,30
A,1526,50003968,lucky,Germanic,54,12.1077,30
A,1526,50003968,maintain,Latinate,29,14.2083,30
A,1526,50003968,many,Germanic,46,9.2060,30
A,1526,50003968,massive,Latinate,41,14.5295,30
A,1526,50003968,maybe,Germanic,62,12.6346,30
A,1526,50003968,mend,Germanic,22,20.2457,30
A,1526,50003968,mistake,Germanic,34,10.2519,30
A,1526,50003968,more,Germanic,48,8.8224,30
A,1526,50003968,multiple,Latinate,47,15.3213,30
A,1526,50003968,need,Germanic,3,8.1376,30
A,1526,50003968,next,Germanic,53,9.2376,30
A,1526,50003968,now,Germanic,66,9.9267,30
A,1526,50003968,numerous,Latinate,46,15.3871,30
A,1526,50003968,observe,Latinate,26,17.2016,30
A,1526,50003968,obtain,Latinate,2,11.4499,30
A,1526,50003968,occasionally,Latinate,65,14.3421,30
A,1526,50003968,odd,Germanic,55,12.9045,30
A,1526,50003968,often,Germanic,63,10.6978,30
A,1526,50003968,old,Germanic,49,9.1421,30
A,1526,50003968,peculiar,Latinate,56,15.0613,30
A,1526,50003968,perform,Latinate,30,11.7899,30
A,1526,50003968,perhaps,Latinate,62,11.3302,30
A,1526,50003968,permit,Latinate,13,13.4767,30
A,1526,50003968,possess,Latinate,23,12.6347,30
A,1526,50003968,previous,Latinate,50,11.1848,30
A,1526,50003968,previously,Latinate,64,14.7305,30
A,1526,50003968,prior,Latinate,51,13.2051,30
A,1526,50003968,provide,Latinate,5,10.0268,30
A,1526,50003968,purchase,Latinate,11,14.7366,30
A,1526,50003968,rapid,Latinate,42,12.0534,30
A,1526,50003968,receive,Latinate,6,11.2709,30
A,1526,50003968,remain,Latinate,27,12.9601,30
A,1526,50003968,remainder,Latinate,36,18.0378,30
A,1526,50003968,repair,Latinate,22,14.6013,30
A,1526,50003968,reply,Latinate,17,14.8893,30
A,1526,50003968,request,Latinate,15,13.7465,30
A,1526,50003968,require,Latinate,3,13.2561,30
A,1526,50003968,residence,Latinate,33,15.8840,30
A,1526,50003968,respond,Latinate,18,14.5228,30
A,1526,50003968,rest,Germanic,36,6.7398,30
A,1526,50003968,retain,Latinate,28,14.6647,30
A,1526,50003968,safe,Germanic,58,12.0080,30
A,1526,50003968,secure,Latinate,58,11.5370,30
A,1526,50003968,see,Germanic,26,6.0987,30
A,1526,50003968,select,Latinate,21,15.3980,30
A,1526,50003968,shall,Latinate,67,7.5769,30
A,1526,50003968,show,Germanic,10,10.8128,30
A,1526,50003968,sick,Germanic,57,13.7041,30
A,1526,50003968,sickness,Germanic,35,16.5011,30
A,1526,50003968,so,Germanic,61,7.1829,30
A,1526,50003968,sometimes,Germanic,65,11.5040,30
A,1526,50003968,start,Germanic,25,9.4477,30
A,1526,50003968,stay,Germanic,27,9.3144,30
A,1526,50003968,strange,Latinate,55,13.0243,30
A,1526,50003968,subsequent,Latinate,53,17.7656,30
A,1526,50003968,sufficient,Latinate,44,14.6078,30
A,1526,50003968,therefore,Latinate,61,11.5061,30
A,1526,50003968,try,Germanic,7,8.5334,30
A,1526,50003968,understand,Germanic,0,8.3816,30
A,1526,50003968,want,Germanic,4,7.2552,30
A,1526,50003968,whole,Germanic,45,8.8365,30
A,1526,50003968,will,Germanic,67,8.5584,30
A,1831,59998208,acquire,Latinate,1,19.5047,18
A,1831,59998208,additional,Latinate,48,12.3915,30
A,1831,59998208,allow,Latinate,14,10.1732,30
A,1831,59998208,ancient,Latinate,49,11.0372,30
A,1831,59998208,answer,Germanic,17,10.6243,30
A,1831,59998208,ask,Germanic,15,8.0721,30
A,1831,59998208,assist,Latinate,8,13.0523,30
A,1831,59998208,assistance,Latinate,37,13.4287,30
A,1831,59998208,attempt,Latinate,7,10.9005,30
A,1831,59998208,baby,Germanic,31,10.6058,30
A,1831,59998208,before,Germanic,64,9.5513,30
A,1831,59998208,beverage,Latinate,32,34.0377,11
A,1831,59998208,build,Germanic,9,9.7611,30
A,1831,59998208,but,Germanic,60,5.0741,30
A,1831,59998208,buy,Germanic,11,8.6455,30
A,1831,59998208,choose,Germanic,21,12.5869,30
A,1831,59998208,commence,Latinate,25,18.1058,14
A,1831,59998208,comprehend,Latinate,0,24.0426,19
A,1831,59998208,conceal,Latinate,19,18.5505,30
A,1831,59998208,conclude,Latinate,24,17.0562,15
A,1831,59998208,construct,Latinate,9,16.8440,18
A,1831,59998208,currently,Latinate,66,12.8144,30
A,1831,59998208,demonstrate,Latinate,10,13.3911,30
A,1831,59998208,depart,Latinate,12,11.7816,30
A,1831,59998208,desire,Latinate,4,10.3179,30
A,1831,59998208,difficult,Latinate,43,7.9898,30
A,1831,59998208,discover,Latinate,20,12.9794,30
A,1831,59998208,do,Germanic,30,6.2737,30
A,1831,59998208,drink,Germanic,32,11.2564,30
A,1831,59998208,earlier,Germanic,50,12.6173,30
A,1831,59998208,end,Germanic,24,8.4250,30
A,1831,59998208,enormous,Latinate,38,10.3914,30
A,1831,59998208,enough,Germanic,44,8.3067,30
A,1831,59998208,entire,Latinate,45,11.7427,30
A,1831,59998208,error,Latinate,34,11.0013,30
A,1831,59998208,fast,Germanic,42,9.8685,30
A,1831,59998208,final,Latinate,59,9.8367,30
A,1831,59998208,find,Germanic,20,7.5431,30
A,1831,59998208,first,Germanic,52,9.9718,30
A,1831,59998208,fortunate,Latinate,54,11.6297,30
A,1831,59998208,frequently,Latinate,63,14.5809,30
A,1831,59998208,get,Germanic,1,5.6506,30
A,1831,59998208,gigantic,Latinate,39,16.7507,30
A,1831,59998208,give,Germanic,5,8.1221,30
A,1831,59998208,hard,Germanic,43,10.5908,30
A,1831,59998208,have,Germanic,23,4.5760,30
A,1831,59998208,help,Germanic,8,9.1304,30
A,1831,59998208,hide,Germanic,19,11.0191,30
A,1831,59998208,home,Germanic,33,8.8179,30
A,1831,59998208,however,Latinate,60,12.6980,30
A,1831,59998208,huge,Germanic,38,10.9698,30
A,1831,59998208,ill,Latinate,57,11.5635,30
A,1831,59998208,illness,Latinate,35,12.3150,30
A,1831,59998208,immense,Latinate,40,11.7156,30
A,1831,59998208,infant,Latinate,31,16.9176,30
A,1831,59998208,initial,Latinate,52,12.5812,30
A,1831,59998208,inquire,Latinate,16,14.4593,30
A,1831,59998208,keep,Germanic,28,7.9590,30
A,1831,59998208,last,Germanic,59,9.5810,30
A,1831,59998208,leave,Germanic,12,10.4446,30
A,1831,59998208,let,Germanic,13,9.8925,30
A,1831,59998208,lucky,Germanic,54,10.7974,30
A,1831,59998208,maintain,Latinate,29,12.9301,30
A,1831,59998208,many,Germanic,46,8.1121,30
A,1831,59998208,massive,Latinate,41,13.1328,30
A,1831,59998208,maybe,Germanic,62,12.5460,30
A,1831,59998208,mend,Germanic,22,20.7798,30
A,1831,59998208,mistake,Germanic,34,8.4552,30
A,1831,59998208,more,Germanic,48,8.9676,30
A,1831,59998208,multiple,Latinate,47,14.0920,30
A,1831,59998208,need,Germanic,3,7.3172,30
A,1831,59998208,next,Germanic,53,10.4449,30
A,1831,59998208,now,Germanic,66,10.0992,30
A,1831,59998208,numerous,Latinate,46,14.7638,30
A,1831,59998208,observe,Latinate,26,14.8961,30
A,1831,59998208,obtain,Latinate,2,10.1062,30
A,1831,59998208,occasionally,Latinate,65,14.2455,30
A,1831,59998208,odd,Germanic,55,11.6899,30
A,1831,59998208,often,Germanic,63,10.8766,30
A,1831,59998208,old,Germanic,49,9.0687,30
A,1831,59998208,peculiar,Latinate,56,13.6197,30
A,1831,59998208,perform,Latinate,30,11.6481,30
A,1831,59998208,perhaps,Latinate,62,11.8274,30
A,1831,59998208,permit,Latinate,13,13.4519,30
A,1831,59998208,possess,Latinate,23,12.1670,30
A,1831,59998208,previous,Latinate,50,11.2810,30
A,1831,59998208,previously,Latinate,64,13.2500,30
A,1831,59998208,prior,Latinate,51,13.7763,30
A,1831,59998208,provide,Latinate,5,9.4104,30
A,1831,59998208,purchase,Latinate,11,13.8318,30
A,1831,59998208,rapid,Latinate,42,11.2479,30
A,1831,59998208,receive,Latinate,6,11.2304,30
A,1831,59998208,remain,Latinate,27,13.2934,30
A,1831,59998208,remainder,Latinate,36,17.4479,30
A,1831,59998208,repair,Latinate,22,13.9099,30
A,1831,59998208,reply,Latinate,17,14.3558,30
A,1831,59998208,request,Latinate,15,12.8624,30
A,1831,59998208,require,Latinate,3,13.2935,30
A,1831,59998208,residence,Latinate,33,13.9179,30
A,1831,59998208,respond,Latinate,18,12.7001,30
A,1831,59998208,rest,Germanic,36,7.6628,30
A,1831,59998208,retain,Latinate,28,14.2229,30
A,1831,59998208,safe,Germanic,58,11.5645,30
A,1831,59998208,secure,Latinate,58,12.4374,30
A,1831,59998208,see,Germanic,26,6.0437,30
A,1831,59998208,select,Latinate,21,14.0453,30
A,1831,59998208,shall,Latinate,67,8.6804,30
A,1831,59998208,show,Germanic,10,10.4333,30
A,1831,59998208,sick,Germanic,57,12.7216,30
A,1831,59998208,sickness,Germanic,35,16.1824,30
A,1831,59998208,so,Germanic,61,6.9583,30
A,1831,59998208,sometimes,Germanic,65,12.0467,30
A,1831,59998208,start,Germanic,25,8.9784,30
A,1831,59998208,stay,Germanic,27,8.5829,30
A,1831,59998208,strange,Latinate,55,12.0991,30
A,1831,59998208,subsequent,Latinate,53,18.7003,30
A,1831,59998208,sufficient,Latinate,44,13.5345,30
A,1831,59998208,therefore,Latinate,61,10.7290,30
A,1831,59998208,try,Germanic,7,8.4552,30
A,1831,59998208,understand,Germanic,0,8.4328,30
A,1831,59998208,want,Germanic,4,7.0358,30
A,1831,59998208,whole,Germanic,45,7.8148,30
A,1831,59998208,will,Germanic,67,8.0427,30
A,2136,69992448,acquire,Latinate,1,19.3450,18
A,2136,69992448,additional,Latinate,48,11.8188,30
A,2136,69992448,allow,Latinate,14,10.7496,30
A,2136,69992448,ancient,Latinate,49,10.5889,30
A,2136,69992448,answer,Germanic,17,11.0453,30
A,2136,69992448,ask,Germanic,15,8.2938,30
A,2136,69992448,assist,Latinate,8,13.5622,30
A,2136,69992448,assistance,Latinate,37,12.1416,30
A,2136,69992448,attempt,Latinate,7,10.5069,30
A,2136,69992448,baby,Germanic,31,10.5288,30
A,2136,69992448,before,Germanic,64,9.3460,30
A,2136,69992448,beverage,Latinate,32,29.4167,11
A,2136,69992448,build,Germanic,9,9.9775,30
A,2136,69992448,but,Germanic,60,5.6239,30
A,2136,69992448,buy,Germanic,11,9.5829,30
A,2136,69992448,choose,Germanic,21,12.5635,30
A,2136,69992448,commence,Latinate,25,19.0560,14
A,2136,69992448,comprehend,Latinate,0,25.0356,19
A,2136,69992448,conceal,Latinate,19,17.0552,30
A,2136,69992448,conclude,Latinate,24,15.4486,15
A,2136,69992448,construct,Latinate,9,15.8083,18
A,2136,69992448,currently,Latinate,66,12.5039,30
A,2136,69992448,demonstrate,Latinate,10,14.0014,30
A,2136,69992448,depart,Latinate,12,11.9386,30
A,2136,69992448,desire,Latinate,4,11.1966,30
A,2136,69992448,difficult,Latinate,43,7.3100,30
A,2136,69992448,discover,Latinate,20,11.3994,30
A,2136,69992448,do,Germanic,30,6.2722,30
A,2136,69992448,drink,Germanic,32,12.3859,30
A,2136,69992448,earlier,Germanic,50,12.4940,30
A,2136,69992448,end,Germanic,24,6.8282,30
A,2136,69992448,enormous,Latinate,38,10.4045,30
A,2136,69992448,enough,Germanic,44,8.1169,30
A,2136,69992448,entire,Latinate,45,11.6779,30
A,2136,69992448,error,Latinate,34,9.0641,30
A,2136,69992448,fast,Germanic,42,10.1073,30
A,2136,69992448,final,Latinate,59,10.4713,30
A,2136,69992448,find,Germanic,20,7.2277,30
A,2136,69992448,first,Germanic,52,9.4300,30
A,2136,69992448,fortunate,Latinate,54,13.1983,30
A,2136,69992448,frequently,Latinate,63,13.8837,30
A,2136,69992448,get,Germanic,1,5.5128,30
A,2136,69992448,gigantic,Latinate,39,14.9376,30
A,2136,69992448,give,Germanic,5,8.4128,30
A,2136,69992448,hard,Germanic,43,10.3196,30
A,2136,69992448,have,Germanic,23,4.6953,30
A,2136,69992448,help,Germanic,8,9.3840,30
A,2136,69992448,hide,Germanic,19,10.7529,30
A,2136,69992448,home,Germanic,33,8.7944,30
A,2136,69992448,however,Latinate,60,12.6293,30
A,2136,69992448,huge,Germanic,38,11.6636,30
A,2136,69992448,ill,Latinate,57,10.9595,30
A,2136,69992448,illness,Latinate,35,11.7929,30
A,2136,69992448,immense,Latinate,40,12.5269,30
A,2136,69992448,infant,Latinate,31,16.0760,30
A,2136,69992448,initial,Latinate,52,12.8803,30
A,2136,69992448,inquire,Latinate,16,13.9616,30
A,2136,69992448,keep,Germanic,28,8.8467,30
A,2136,69992448,last,Germanic,59,9.6361,30
A,2136,69992448,leave,Germanic,12,10.0040,30
A,2136,69992448,let,Germanic,13,9.8387,30
A,2136,69992448,lucky,Germanic,54,12.1777,30
A,2136,69992448,maintain,Latinate,29,11.9196,30
A,2136,69992448,many,Germanic,46,7.7182,30
A,2136,69992448,massive,Latinate,41,13.5213,30
A,2136,69992448,maybe,Germanic,62,13.0852,30
A,2136,69992448,mend,Germanic,22,20.2358,30
A,2136,69992448,mistake,Germanic,34,9.4760,30
A,2136,69992448,more,Germanic,48,8.7465,30
A,2136,69992448,multiple,Latinate,47,14.0211,30
A,2136,69992448,need,Germanic,3,7.2090,30
A,2136,69992448,next,Germanic,53,9.4794,30
A,2136,69992448,now,Germanic,66,9.5926,30
A,2136,69992448,numerous,Latinate,46,14.4737,30
A,2136,69992448,observe,Latinate,26,13.3062,30
A,2136,69992448,obtain,Latinate,2,10.4163,30
A,2136,69992448,occasionally,Latinate,65,14.3386,30
A,2136,69992448,odd,Germanic,55,11.7133,30
A,2136,69992448,often,Germanic,63,9.8787,30
A,2136,69992448,old,Germanic,49,8.3899,30
A,2136,69992448,peculiar,Latinate,56,13.5152,30
A,2136,69992448,perform,Latinate,30,12.7635,30
A,2136,69992448,perhaps,Latinate,62,11.6423,30
A,2136,69992448,permit,Latinate,13,13.0951,30
A,2136,69992448,possess,Latinate,23,12.9591,30
A,2136,69992448,previous,Latinate,50,10.7407,30
A,2136,69992448,previously,Latinate,64,11.3672,30
A,2136,69992448,prior,Latinate,51,12.7660,30
A,2136,69992448,provide,Latinate,5,8.7645,30
A,2136,69992448,purchase,Latinate,11,13.1194,30
A,2136,69992448,rapid,Latinate,42,11.5845,30
A,2136,69992448,receive,Latinate,6,10.3182,30
A,2136,69992448,remain,Latinate,27,11.9838,30
A,2136,69992448,remainder,Latinate,36,14.6180,30
A,2136,69992448,repair,Latinate,22,14.7404,30
A,2136,69992448,reply,Latinate,17,12.8664,30
A,2136,69992448,request,Latinate,15,12.5354,30
A,2136,69992448,require,Latinate,3,11.7013,30
A,2136,69992448,residence,Latinate,33,13.6974,30
A,2136,69992448,respond,Latinate,18,13.7469,30
A,2136,69992448,rest,Germanic,36,7.5743,30
A,2136,69992448,retain,Latinate,28,14.7475,30
A,2136,69992448,safe,Germanic,58,12.2620,30
A,2136,69992448,secure,Latinate,58,12.7833,30
A,2136,69992448,see,Germanic,26,6.0181,30
A,2136,69992448,select,Latinate,21,14.7948,30
A,2136,69992448,shall,Latinate,67,6.6110,30
A,2136,69992448,show,Germanic,10,10.4406,30
A,2136,69992448,sick,Germanic,57,13.6315,30
A,2136,69992448,sickness,Germanic,35,15.3130,30
A,2136,69992448,so,Germanic,61,6.2856,30
A,2136,69992448,sometimes,Germanic,65,12.4786,30
A,2136,69992448,start,Germanic,25,9.6538,30
A,2136,69992448,stay,Germanic,27,8.7073,30
A,2136,69992448,strange,Latinate,55,12.7258,30
A,2136,69992448,subsequent,Latinate,53,16.2029,30
A,2136,69992448,sufficient,Latinate,44,12.1428,30
A,2136,69992448,therefore,Latinate,61,10.1137,30
A,2136,69992448,try,Germanic,7,8.4613,30
A,2136,69992448,understand,Germanic,0,8.8929,30
A,2136,69992448,want,Germanic,4,6.8578,30
A,2136,69992448,whole,Germanic,45,8.9388,30
A,2136,69992448,will,Germanic,67,7.7010,30
A,2441,79986688,acquire,Latinate,1,19.3580,18
A,2441,79986688,additional,Latinate,48,13.2294,30
A,2441,79986688,allow,Latinate,14,9.9215,30
A,2441,79986688,ancient,Latinate,49,10.7234,30
A,2441,79986688,answer,Germanic,17,10.5608,30
A,2441,79986688,ask,Germanic,15,8.1621,30
A,2441,79986688,assist,Latinate,8,12.2115,30
A,2441,79986688,assistance,Latinate,37,12.0923,30
A,2441,79986688,attempt,Latinate,7,10.7618,30
A,2441,79986688,baby,Germanic,31,10.1039,30
A,2441,79986688,before,Germanic,64,9.0529,30
A,2441,79986688,beverage,Latinate,32,29.0935,11
A,2441,79986688,build,Germanic,9,9.3424,30
A,2441,79986688,but,Germanic,60,4.7210,30
A,2441,79986688,buy,Germanic,11,9.2930,30
A,2441,79986688,choose,Germanic,21,13.0910,30
A,2441,79986688,commence,Latinate,25,18.4833,14
A,2441,79986688,comprehend,Latinate,0,20.1619,19
A,2441,79986688,conceal,Latinate,19,17.7424,30
A,2441,79986688,conclude,Latinate,24,19.3070,15
A,2441,79986688,construct,Latinate,9,16.4187,18
A,2441,79986688,currently,Latinate,66,12.7216,30
A,2441,79986688,demonstrate,Latinate,10,12.5032,30
A,2441,79986688,depart,Latinate,12,11.8920,30
A,2441,79986688,desire,Latinate,4,10.0708,30
A,2441,79986688,difficult,Latinate,43,6.9180,30
A,2441,79986688,discover,Latinate,20,12.0870,30
A,2441,79986688,do,Germanic,30,5.5836,30
A,2441,79986688,drink,Germanic,32,11.9832,30
A,2441,79986688,earlier,Germanic,50,12.1359,30
A,2441,79986688,end,Germanic,24,7.4226,30
A,2441,79986688,enormous,Latinate,38,10.3061,30
A,2441,79986688,enough,Germanic,44,8.0457,30
A,2441,79986688,entire,Latinate,45,11.7491,30
A,2441,79986688,error,Latinate,34,12.2098,30
A,2441,79986688,fast,Germanic,42,10.0330,30
A,2441,79986688,final,Latinate,59,11.0542,30
A,2441,79986688,find,Germanic,20,7.3476,30
A,2441,79986688,first,Germanic,52,9.6734,30
A,2441,79986688,fortunate,Latinate,54,12.2117,30
A,2441,79986688,frequently,Latinate,63,13.3759,30
A,2441,79986688,get,Germanic,1,5.1941,30
A,2441,79986688,gigantic,Latinate,39,14.4214,30
A,2441,79986688,give,Germanic,5,7.2061,30
A,2441,79986688,hard,Germanic,43,9.0114,30
A,2441,79986688,have,Germanic,23,5.2764,30
A,2441,79986688,help,Germanic,8,7.9563,30
A,2441,79986688,hide,Germanic,19,10.7425,30
A,2441,79986688,home,Germanic,33,8.1469,30
A,2441,79986688,however,Latinate,60,12.1362,30
A,2441,79986688,huge,Germanic,38,10.2848,30
A,2441,79986688,ill,Latinate,57,9.7717,30
A,2441,79986688,illness,Latinate,35,12.0616,30
A,2441,79986688,immense,Latinate,40,13.4014,30
A,2441,79986688,infant,Latinate,31,16.3165,30
A,2441,79986688,initial,Latinate,52,13.1096,30
A,2441,79986688,inquire,Latinate,16,14.8074,30
A,2441,79986688,keep,Germanic,28,7.8109,30
A,2441,79986688,last,Germanic,59,9.1161,30
A,2441,79986688,leave,Germanic,12,10.2276,30
A,2441,79986688,let,Germanic,13,9.5867,30
A,2441,79986688,lucky,Germanic,54,12.2657,30
A,2441,79986688,maintain,Latinate,29,13.3608,30
A,2441,79986688,many,Germanic,46,7.9733,30
A,2441,79986688,massive,Latinate,41,13.3255,30
A,2441,79986688,maybe,Germanic,62,12.3097,30
A,2441,79986688,mend,Germanic,22,18.7780,30
A,2441,79986688,mistake,Germanic,34,7.9002,30
A,2441,79986688,more,Germanic,48,8.7879,30
A,2441,79986688,multiple,Latinate,47,15.3576,30
A,2441,79986688,need,Germanic,3,7.2596,30
A,2441,79986688,next,Germanic,53,9.5900,30
A,2441,79986688,now,Germanic,66,9.3780,30
A,2441,79986688,numerous,Latinate,46,14.3456,30
A,2441,79986688,observe,Latinate,26,13.2818,30
A,2441,79986688,obtain,Latinate,2,11.1235,30
A,2441,79986688,occasionally,Latinate,65,13.6993,30
A,2441,79986688,odd,Germanic,55,11.3907,30
A,2441,79986688,often,Germanic,63,10.6140,30
A,2441,79986688,old,Germanic,49,8.7929,30
A,2441,79986688,peculiar,Latinate,56,14.3698,30
A,2441,79986688,perform,Latinate,30,12.2882,30
A,2441,79986688,perhaps,Latinate,62,11.5922,30
A,2441,79986688,permit,Latinate,13,12.0157,30
A,2441,79986688,possess,Latinate,23,11.9466,30
A,2441,79986688,previous,Latinate,50,11.1443,30
A,2441,79986688,previously,Latinate,64,12.1604,30
A,2441,79986688,prior,Latinate,51,13.8705,30
A,2441,79986688,provide,Latinate,5,9.7769,30
A,2441,79986688,purchase,Latinate,11,14.8757,30
A,2441,79986688,rapid,Latinate,42,11.5765,30
A,2441,79986688,receive,Latinate,6,9.9191,30
A,2441,79986688,remain,Latinate,27,11.9974,30
A,2441,79986688,remainder,Latinate,36,13.5693,30
A,2441,79986688,repair,Latinate,22,13.9457,30
A,2441,79986688,reply,Latinate,17,12.7284,30
A,2441,79986688,request,Latinate,15,12.2344,30
A,2441,79986688,require,Latinate,3,12.6825,30
A,2441,79986688,residence,Latinate,33,14.3292,30
A,2441,79986688,respond,Latinate,18,13.3665,30
A,2441,79986688,rest,Germanic,36,6.9617,30
A,2441,79986688,retain,Latinate,28,14.7329,30
A,2441,79986688,safe,Germanic,58,10.2970,30
A,2441,79986688,secure,Latinate,58,12.0984,30
A,2441,79986688,see,Germanic,26,4.9653,30
A,2441,79986688,select,Latinate,21,13.6088,30
A,2441,79986688,shall,Latinate,67,7.8909,30
A,2441,79986688,show,Germanic,10,9.5080,30
A,2441,79986688,sick,Germanic,57,12.3714,30
A,2441,79986688,sickness,Germanic,35,14.9198,30
A,2441,79986688,so,Germanic,61,6.7371,30
A,2441,79986688,sometimes,Germanic,65,11.4325,30
A,2441,79986688,start,Germanic,25,9.6937,30
A,2441,79986688,stay,Germanic,27,8.3335,30
A,2441,79986688,strange,Latinate,55,11.7162,30
A,2441,79986688,subsequent,Latinate,53,16.2936,30
A,2441,79986688,sufficient,Latinate,44,14.2189,30
A,2441,79986688,therefore,Latinate,61,9.9888,30
A,2441,79986688,try,Germanic,7,7.3507,30
A,2441,79986688,understand,Germanic,0,8.8051,30
A,2441,79986688,want,Germanic,4,7.0983,30
A,2441,79986688,whole,Germanic,45,8.6797,30
A,2441,79986688,will,Germanic,67,8.1605,30
A,2747,90013696,acquire,Latinate,1,17.1106,18
A,2747,90013696,additional,Latinate,48,11.2572,30
A,2747,90013696,allow,Latinate,14,9.5389,30
A,2747,90013696,ancient,Latinate,49,11.5185,30
A,2747,90013696,answer,Germanic,17,9.8294,30
A,2747,90013696,ask,Germanic,15,7.2585,30
A,2747,90013696,assist,Latinate,8,12.6485,30
A,2747,90013696,assistance,Latinate,37,11.1826,30
A,2747,90013696,attempt,Latinate,7,10.4604,30
A,2747,90013696,baby,Germanic,31,10.1804,30
A,2747,90013696,before,Germanic,64,8.9753,30
A,2747,90013696,beverage,Latinate,32,24.9206,11
A,2747,90013696,build,Germanic,9,10.2596,30
A,2747,90013696,but,Germanic,60,4.8802,30
A,2747,90013696,buy,Germanic,11,9.1851,30
A,2747,90013696,choose,Germanic,21,11.8366,30
A,2747,90013696,commence,Latinate,25,17.4207,14
A,2747,90013696,comprehend,Latinate,0,18.2545,19
A,2747,90013696,conceal,Latinate,19,16.1418,30
A,2747,90013696,conclude,Latinate,24,15.2885,15
A,2747,90013696,construct,Latinate,9,13.6574,18
A,2747,90013696,currently,Latinate,66,12.2712,30
A,2747,90013696,demonstrate,Latinate,10,13.3780,30
A,2747,90013696,depart,Latinate,12,11.1904,30
A,2747,90013696,desire,Latinate,4,10.9270,30
A,2747,90013696,difficult,Latinate,43,7.4562,30
A,2747,90013696,discover,Latinate,20,11.7372,30
A,2747,90013696,do,Germanic,30,6.2359,30
A,2747,90013696,drink,Germanic,32,11.2125,30
A,2747,90013696,earlier,Germanic,50,11.6209,30
A,2747,90013696,end,Germanic,24,7.4462,30
A,2747,90013696,enormous,Latinate,38,9.4865,30
A,2747,90013696,enough,Germanic,44,7.8129,30
A,2747,90013696,entire,Latinate,45,11.2796,30
A,2747,90013696,error,Latinate,34,8.7243,30
A,2747,90013696,fast,Germanic,42,10.4729,30
A,2747,90013696,final,Latinate,59,10.2224,30
A,2747,90013696,find,Germanic,20,7.6565,30
A,2747,90013696,first,Germanic,52,9.6879,30
A,2747,90013696,fortunate,Latinate,54,12.2670,30
A,2747,90013696,frequently,Latinate,63,12.6047,30
A,2747,90013696,get,Germanic,1,5.8177,30
A,2747,90013696,gigantic,Latinate,39,14.8757,30
A,2747,90013696,give,Germanic,5,7.7533,30
A,2747,90013696,hard,Germanic,43,9.6057,30
A,2747,90013696,have,Germanic,23,4.7281,30
A,2747,90013696,help,Germanic,8,8.7043,30
A,2747,90013696,hide,Germanic,19,11.4474,30
A,2747,90013696,home,Germanic,33,8.2043,30
A,2747,90013696,however,Latinate,60,12.6594,30
A,2747,90013696,huge,Germanic,38,10.8108,30
A,2747,90013696,ill,Latinate,57,10.1314,30
A,2747,90013696,illness,Latinate,35,11.6613,30
A,2747,90013696,immense,Latinate,40,12.6739,30
A,2747,90013696,infant,Latinate,31,16.0166,30
A,2747,90013696,initial,Latinate,52,13.2436,30
A,2747,90013696,inquire,Latinate,16,13.6355,30
A,2747,90013696,keep,Germanic,28,8.4644,30
A,2747,90013696,last,Germanic,59,9.0110,30
A,2747,90013696,leave,Germanic,12,10.3500,30
A,2747,90013696,let,Germanic,13,9.6058,30
A,2747,90013696,lucky,Germanic,54,11.7059,30
A,2747,90013696,maintain,Latinate,29,12.5785,30
A,2747,90013696,many,Germanic,46,8.1203,30
A,2747,90013696,massive,Latinate,41,13.3805,30
A,2747,90013696,maybe,Germanic,62,12.3659,30
A,2747,90013696,mend,Germanic,22,18.1203,30
A,2747,90013696,mistake,Germanic,34,7.2013,30
A,2747,90013696,more,Germanic,48,8.9979,30
A,2747,90013696,multiple,Latinate,47,13.8052,30
A,2747,90013696,need,Germanic,3,7.2973,30
A,2747,90013696,next,Germanic,53,9.6921,30
A,2747,90013696,now,Germanic,66,9.6463,30
A,2747,90013696,numerous,Latinate,46,14.1255,30
A,2747,90013696,observe,Latinate,26,12.5628,30
A,2747,90013696,obtain,Latinate,2,9.5318,30
A,2747,90013696,occasionally,Latinate,65,14.3954,30
A,2747,90013696,odd,Germanic,55,9.8805,30
A,2747,90013696,often,Germanic,63,9.0447,30
A,2747,90013696,old,Germanic,49,8.2189,30
A,2747,90013696,peculiar,Latinate,56,14.2976,30
A,2747,90013696,perform,Latinate,30,11.6247,30
A,2747,90013696,perhaps,Latinate,62,11.8506,30
A,2747,90013696,permit,Latinate,13,11.8717,30
A,2747,90013696,possess,Latinate,23,10.8418,30
A,2747,90013696,previous,Latinate,50,10.8898,30
A,2747,90013696,previously,Latinate,64,11.3073,30
A,2747,90013696,prior,Latinate,51,12.3487,30
A,2747,90013696,provide,Latinate,5,8.4526,30
A,2747,90013696,purchase,Latinate,11,12.8367,30
A,2747,90013696,rapid,Latinate,42,10.8474,30
A,2747,90013696,receive,Latinate,6,10.6842,30
A,2747,90013696,remain,Latinate,27,11.1323,30
A,2747,90013696,remainder,Latinate,36,13.2908,30
A,2747,90013696,repair,Latinate,22,13.2732,30
A,2747,90013696,reply,Latinate,17,12.0581,30
A,2747,90013696,request,Latinate,15,10.9387,30
A,2747,90013696,require,Latinate,3,12.1346,30
A,2747,90013696,residence,Latinate,33,12.8185,30
A,2747,90013696,respond,Latinate,18,13.1418,30
A,2747,90013696,rest,Germanic,36,7.3211,30
A,2747,90013696,retain,Latinate,28,14.0587,30
A,2747,90013696,safe,Germanic,58,10.4990,30
A,2747,90013696,secure,Latinate,58,12.0360,30
A,2747,90013696,see,Germanic,26,6.2550,30
A,2747,90013696,select,Latinate,21,13.6908,30
A,2747,90013696,shall,Latinate,67,7.2728,30
A,2747,90013696,show,Germanic,10,10.0724,30
A,2747,90013696,sick,Germanic,57,12.5047,30
A,2747,90013696,sickness,Germanic,35,14.7819,30
A,2747,90013696,so,Germanic,61,7.0692,30
A,2747,90013696,sometimes,Germanic,65,11.3488,30
A,2747,90013696,start,Germanic,25,10.0222,30
A,2747,90013696,stay,Germanic,27,8.5345,30
A,2747,90013696,strange,Latinate,55,11.8730,30
A,2747,90013696,subsequent,Latinate,53,15.6103,30
A,2747,90013696,sufficient,Latinate,44,12.3560,30
A,2747,90013696,therefore,Latinate,61,10.3016,30
A,2747,90013696,try,Germanic,7,8.6332,30
A,2747,90013696,understand,Germanic,0,8.4578,30
A,2747,90013696,want,Germanic,4,6.7297,30
A,2747,90013696,whole,Germanic,45,8.3554,30
A,2747,90013696,will,Germanic,67,8.0474,30
A,3052,100007936,acquire,Latinate,1,17.2140,18
A,3052,100007936,additional,Latinate,48,11.5672,30
A,3052,100007936,allow,Latinate,14,9.9128,30
A,3052,100007936,ancient,Latinate,49,10.7949,30
A,3052,100007936,answer,Germanic,17,8.7697,30
A,3052,100007936,ask,Germanic,15,7.5778,30
A,3052,100007936,assist,Latinate,8,12.1661,30
A,3052,100007936,assistance,Latinate,37,10.9205,30
A,3052,100007936,attempt,Latinate,7,10.3145,30
A,3052,100007936,baby,Germanic,31,9.9165,30
A,3052,100007936,before,Germanic,64,8.9804,30
A,3052,100007936,beverage,Latinate,32,23.8577,11
A,3052,100007936,build,Germanic,9,9.5426,30
A,3052,100007936,but,Germanic,60,4.8657,30
A,3052,100007936,buy,Germanic,11,9.5302,30
A,3052,100007936,choose,Germanic,21,12.0745,30
A,3052,100007936,commence,Latinate,25,16.3697,14
A,3052,100007936,comprehend,Latinate,0,16.6865,19
A,3052,100007936,conceal,Latinate,19,13.9844,30
A,3052,100007936,conclude,Latinate,24,14.7635,15
A,3052,100007936,construct,Latinate,9,14.5115,18
A,3052,100007936,currently,Latinate,66,11.0659,30
A,3052,100007936,demonstrate,Latinate,10,12.5215,30
A,3052,100007936,depart,Latinate,12,11.0181,30
A,3052,100007936,desire,Latinate,4,10.7908,30
A,3052,100007936,difficult,Latinate,43,6.6094,30
A,3052,100007936,discover,Latinate,20,11.9208,30
A,3052,100007936,do,Germanic,30,6.1018,30
A,3052,100007936,drink,Germanic,32,11.0916,30
A,3052,100007936,earlier,Germanic,50,11.9080,30
A,3052,100007936,end,Germanic,24,6.7269,30
A,3052,100007936,enormous,Latinate,38,9.0929,30
A,3052,100007936,enough,Germanic,44,7.0831,30
A,3052,100007936,entire,Latinate,45,11.3234,30
A,3052,100007936,error,Latinate,34,10.0647,30
A,3052,100007936,fast,Germanic,42,9.9240,30
A,3052,100007936,final,Latinate,59,11.0418,30
A,3052,100007936,find,Germanic,20,7.0720,30
A,3052,100007936,first,Germanic,52,9.5080,30
A,3052,100007936,fortunate,Latinate,54,11.6085,30
A,3052,100007936,frequently,Latinate,63,11.5667,30
A,3052,100007936,get,Germanic,1,5.6441,30
A,3052,100007936,gigantic,Latinate,39,15.2409,30
A,3052,100007936,give,Germanic,5,8.1021,30
A,3052,100007936,hard,Germanic,43,9.7845,30
A,3052,100007936,have,Germanic,23,4.5765,30
A,3052,100007936,help,Germanic,8,8.2745,30
A,3052,100007936,hide,Germanic,19,11.2048,30
A,3052,100007936,home,Germanic,33,8.2334,30
A,3052,100007936,however,Latinate,60,11.6974,30
A,3052,100007936,huge,Germanic,38,10.8263,30
A,3052,100007936,ill,Latinate,57,9.5350,30
A,3052,100007936,illness,Latinate,35,10.4642,30
A,3052,100007936,immense,Latinate,40,10.8875,30
A,3052,100007936,infant,Latinate,31,16.5454,30
A,3052,100007936,initial,Latinate,52,12.3853,30
A,3052,100007936,inquire,Latinate,16,12.9135,30
A,3052,100007936,keep,Germanic,28,8.1347,30
A,3052,100007936,last,Germanic,59,9.5540,30
A,3052,100007936,leave,Germanic,12,10.3379,30
A,3052,100007936,let,Germanic,13,9.2776,30
A,3052,100007936,lucky,Germanic,54,11.3474,30
A,3052,100007936,maintain,Latinate,29,12.4619,30
A,3052,100007936,many,Germanic,46,8.0912,30
A,3052,100007936,massive,Latinate,41,12.3056,30
A,3052,100007936,maybe,Germanic,62,12.3053,30
A,3052,100007936,mend,Germanic,22,16.9322,30
A,3052,100007936,mistake,Germanic,34,6.9652,30
A,3052,100007936,more,Germanic,48,8.5889,30
A,3052,100007936,multiple,Latinate,47,13.6316,30
A,3052,100007936,need,Germanic,3,7.0686,30
A,3052,100007936,next,Germanic,53,9.1456,30
A,3052,100007936,now,Germanic,66,9.1217,30
A,3052,100007936,numerous,Latinate,46,13.1834,30
A,3052,100007936,observe,Latinate,26,11.3851,30
A,3052,100007936,obtain,Latinate,2,8.9016,30
A,3052,100007936,occasionally,Latinate,65,12.3036,30
A,3052,100007936,odd,Germanic,55,11.0846,30
A,3052,100007936,often,Germanic,63,10.1330,30
A,3052,100007936,old,Germanic,49,9.3965,30
A,3052,100007936,peculiar,Latinate,56,13.6035,30
A,3052,100007936,perform,Latinate,30,11.6073,30
A,3052,100007936,perhaps,Latinate,62,11.1108,30
A,3052,100007936,permit,Latinate,13,10.9012,30
A,3052,100007936,possess,Latinate,23,11.2547,30
A,3052,100007936,previous,Latinate,50,10.8838,30
A,3052,100007936,previously,Latinate,64,10.6324,30
A,3052,100007936,prior,Latinate,51,12.3981,30
A,3052,100007936,provide,Latinate,5,8.5137,30
A,3052,100007936,purchase,Latinate,11,13.4081,30
A,3052,100007936,rapid,Latinate,42,9.2809,30
A,3052,100007936,receive,Latinate,6,10.3495,30
A,3052,100007936,remain,Latinate,27,11.9649,30
A,3052,100007936,remainder,Latinate,36,13.8833,30
A,3052,100007936,repair,Latinate,22,13.2852,30
A,3052,100007936,reply,Latinate,17,11.8367,30
A,3052,100007936,request,Latinate,15,11.5585,30
A,3052,100007936,require,Latinate,3,12.1379,30
A,3052,100007936,residence,Latinate,33,13.3124,30
A,3052,100007936,respond,Latinate,18,11.9054,30
A,3052,100007936,rest,Germanic,36,7.1027,30
A,3052,100007936,retain,Latinate,28,14.2628,30
A,3052,100007936,safe,Germanic,58,10.4184,30
A,3052,100007936,secure,Latinate,58,11.4883,30
A,3052,100007936,see,Germanic,26,5.5695,30
A,3052,100007936,select,Latinate,21,13.7873,30
A,3052,100007936,shall,Latinate,67,6.9954,30
A,3052,100007936,show,Germanic,10,9.9256,30
A,3052,100007936,sick,Germanic,57,12.1951,30
A,3052,100007936,sickness,Germanic,35,13.7246,30
A,3052,100007936,so,Germanic,61,6.7403,30
A,3052,100007936,sometimes,Germanic,65,11.9556,30
A,3052,100007936,start,Germanic,25,9.8815,30
A,3052,100007936,stay,Germanic,27,8.4843,30
A,3052,100007936,strange,Latinate,55,10.9521,30
A,3052,100007936,subsequent,Latinate,53,14.7224,30
A,3052,100007936,sufficient,Latinate,44,12.5232,30
A,3052,100007936,therefore,Latinate,61,10.9910,30
A,3052,100007936,try,Germanic,7,7.6681,30
A,3052,100007936,understand,Germanic,0,8.1033,30
A,3052,100007936,want,Germanic,4,7.0445,30
A,3052,100007936,whole,Germanic,45,8.8299,30
A,3052,100007936,will,Germanic,67,7.6919,30
A,4578,150011904,acquire,Latinate,1,14.8536,18
A,4578,150011904,additional,Latinate,48,11.8408,30
A,4578,150011904,allow,Latinate,14,9.4307,30
A,4578,150011904,ancient,Latinate,49,10.3322,30
A,4578,150011904,answer,Germanic,17,8.9692,30
A,4578,150011904,ask,Germanic,15,6.7347,30
A,4578,150011904,assist,Latinate,8,11.6509,30
A,4578,150011904,assistance,Latinate,37,9.9764,30
A,4578,150011904,attempt,Latinate,7,10.1153,30
A,4578,150011904,baby,Germanic,31,10.5801,30
A,4578,150011904,before,Germanic,64,8.9970,30
A,4578,150011904,beverage,Latinate,32,20.9896,11
A,4578,150011904,build,Germanic,9,10.1686,30
A,4578,150011904,but,Germanic,60,5.1494,30
A,4578,150011904,buy,Germanic,11,10.0088,30
A,4578,150011904,choose,Germanic,21,12.3056,30
A,4578,150011904,commence,Latinate,25,13.8298,14
A,4578,150011904,comprehend,Latinate,0,14.2716,19
A,4578,150011904,conceal,Latinate,19,12.7413,30
A,4578,150011904,conclude,Latinate,24,14.7785,15
A,4578,150011904,construct,Latinate,9,13.5152,18
A,4578,150011904,currently,Latinate,66,12.4151,30
A,4578,150011904,demonstrate,Latinate,10,12.3659,30
A,4578,150011904,depart,Latinate,12,10.7733,30
A,4578,150011904,desire,Latinate,4,9.8806,30
A,4578,150011904,difficult,Latinate,43,6.1564,30
A,4578,150011904,discover,Latinate,20,10.7304,30
A,4578,150011904,do,Germanic,30,5.6058,30
A,4578,150011904,drink,Germanic,32,10.5871,30
A,4578,150011904,earlier,Germanic,50,11.3807,30
A,4578,150011904,end,Germanic,24,6.7575,30
A,4578,150011904,enormous,Latinate,38,9.0055,30
A,4578,150011904,enough,Germanic,44,6.4280,30
A,4578,150011904,entire,Latinate,45,11.5578,30
A,4578,150011904,error,Latinate,34,9.1159,30
A,4578,150011904,fast,Germanic,42,9.9094,30
A,4578,150011904,final,Latinate,59,10.4899,30
A,4578,150011904,find,Germanic,20,7.0316,30
A,4578,150011904,first,Germanic,52,9.1086,30
A,4578,150011904,fortunate,Latinate,54,10.3643,30
A,4578,150011904,frequently,Latinate,63,11.6689,30
A,4578,150011904,get,Germanic,1,5.6131,30
A,4578,150011904,gigantic,Latinate,39,13.8785,30
A,4578,150011904,give,Germanic,5,7.5629,30
A,4578,150011904,hard,Germanic,43,9.1512,30
A,4578,150011904,have,Germanic,23,4.6141,30
A,4578,150011904,help,Germanic,8,7.7826,30
A,4578,150011904,hide,Germanic,19,10.5440,30
A,4578,150011904,home,Germanic,33,7.8192,30
A,4578,150011904,however,Latinate,60,11.9339,30
A,4578,150011904,huge,Germanic,38,11.0824,30
A,4578,150011904,ill,Latinate,57,8.1366,30
A,4578,150011904,illness,Latinate,35,10.1792,30
A,4578,150011904,immense,Latinate,40,11.2888,30
A,4578,150011904,infant,Latinate,31,13.3985,30
A,4578,150011904,initial,Latinate,52,13.2270,30
A,4578,150011904,inquire,Latinate,16,10.6014,30
A,4578,150011904,keep,Germanic,28,8.3682,30
A,4578,150011904,last,Germanic,59,8.9698,30
A,4578,150011904,leave,Germanic,12,10.2208,30
A,4578,150011904,let,Germanic,13,8.9037,30
A,4578,150011904,lucky,Germanic,54,11.6345,30
A,4578,150011904,maintain,Latinate,29,11.2157,30
A,4578,150011904,many,Germanic,46,7.8030,30
A,4578,150011904,massive,Latinate,41,13.1694,30
A,4578,150011904,maybe,Germanic,62,11.6478,30
A,4578,150011904,mend,Germanic,22,17.3262,30
A,4578,150011904,mistake,Germanic,34,5.5220,30
A,4578,150011904,more,Germanic,48,8.5264,30
A,4578,150011904,multiple,Latinate,47,12.8006,30
A,4578,150011904,need,Germanic,3,6.3710,30
A,4578,150011904,next,Germanic,53,9.6129,30
A,4578,150011904,now,Germanic,66,9.2388,30
A,4578,150011904,numerous,Latinate,46,12.7656,30
A,4578,150011904,observe,Latinate,26,12.0502,30
A,4578,150011904,obtain,Latinate,2,8.4596,30
A,4578,150011904,occasionally,Latinate,65,13.5483,30
A,4578,150011904,odd,Germanic,55,10.4744,30
A,4578,150011904,often,Germanic,63,9.2637,30
A,4578,150011904,old,Germanic,49,8.4146,30
A,4578,150011904,peculiar,Latinate,56,12.3289,30
A,4578,150011904,perform,Latinate,30,10.7855,30
A,4578,150011904,perhaps,Latinate,62,10.9981,30
A,4578,150011904,permit,Latinate,13,10.1082,30
A,4578,150011904,possess,Latinate,23,10.0535,30
A,4578,150011904,previous,Latinate,50,10.8021,30
A,4578,150011904,previously,Latinate,64,9.9997,30
A,4578,150011904,prior,Latinate,51,11.2600,30
A,4578,150011904,provide,Latinate,5,8.4837,30
A,4578,150011904,purchase,Latinate,11,12.6801,30
A,4578,150011904,rapid,Latinate,42,10.3635,30
A,4578,150011904,receive,Latinate,6,9.7309,30
A,4578,150011904,remain,Latinate,27,10.9752,30
A,4578,150011904,remainder,Latinate,36,12.5926,30
A,4578,150011904,repair,Latinate,22,12.6054,30
A,4578,150011904,reply,Latinate,17,10.0750,30
A,4578,150011904,request,Latinate,15,9.9776,30
A,4578,150011904,require,Latinate,3,10.4647,30
A,4578,150011904,residence,Latinate,33,13.2058,30
A,4578,150011904,respond,Latinate,18,12.0336,30
A,4578,150011904,rest,Germanic,36,6.2929,30
A,4578,150011904,retain,Latinate,28,12.8594,30
A,4578,150011904,safe,Germanic,58,9.7374,30
A,4578,150011904,secure,Latinate,58,10.7528,30
A,4578,150011904,see,Germanic,26,5.4293,30
A,4578,150011904,select,Latinate,21,11.8342,30
A,4578,150011904,shall,Latinate,67,7.0627,30
A,4578,150011904,show,Germanic,10,9.7500,30
A,4578,150011904,sick,Germanic,57,11.9524,30
A,4578,150011904,sickness,Germanic,35,11.8646,30
A,4578,150011904,so,Germanic,61,6.8041,30
A,4578,150011904,sometimes,Germanic,65,11.7818,30
A,4578,150011904,start,Germanic,25,9.8806,30
A,4578,150011904,stay,Germanic,27,8.2173,30
A,4578,150011904,strange,Latinate,55,11.2041,30
A,4578,150011904,subsequent,Latinate,53,13.9067,30
A,4578,150011904,sufficient,Latinate,44,11.1393,30
A,4578,150011904,therefore,Latinate,61,9.2247,30
A,4578,150011904,try,Germanic,7,7.2195,30
A,4578,150011904,understand,Germanic,0,7.5049,30
A,4578,150011904,want,Germanic,4,6.1793,30
A,4578,150011904,whole,Germanic,45,8.5891,30
A,4578,150011904,will,Germanic,67,7.5169,30
A,6104,200015872,acquire,Latinate,1,13.8140,18
A,6104,200015872,additional,Latinate,48,11.2523,30
A,6104,200015872,allow,Latinate,14,9.0245,30
A,6104,200015872,ancient,Latinate,49,10.0793,30
A,6104,200015872,answer,Germanic,17,8.2772,30
A,6104,200015872,ask,Germanic,15,7.2745,30
A,6104,200015872,assist,Latinate,8,10.6554,30
A,6104,200015872,assistance,Latinate,37,9.9522,30
A,6104,200015872,attempt,Latinate,7,9.3554,30
A,6104,200015872,baby,Germanic,31,9.6279,30
A,6104,200015872,before,Germanic,64,9.1737,30
A,6104,200015872,beverage,Latinate,32,22.0301,11
A,6104,200015872,build,Germanic,9,9.0030,30
A,6104,200015872,but,Germanic,60,4.4224,30
A,6104,200015872,buy,Germanic,11,9.4152,30
A,6104,200015872,choose,Germanic,21,12.7147,30
A,6104,200015872,commence,Latinate,25,13.2673,14
A,6104,200015872,comprehend,Latinate,0,13.7050,19
A,6104,200015872,conceal,Latinate,19,12.7855,30
A,6104,200015872,conclude,Latinate,24,13.7028,15
A,6104,200015872,construct,Latinate,9,12.8927,18
A,6104,200015872,currently,Latinate,66,11.5187,30
A,6104,200015872,demonstrate,Latinate,10,11.7868,30
A,6104,200015872,depart,Latinate,12,10.6389,30
A,6104,200015872,desire,Latinate,4,9.1324,30
A,6104,200015872,difficult,Latinate,43,5.2006,30
A,6104,200015872,discover,Latinate,20,10.8274,30
A,6104,200015872,do,Germanic,30,5.6472,30
A,6104,200015872,drink,Germanic,32,10.7522,30
A,6104,200015872,earlier,Germanic,50,11.2036,30
A,6104,200015872,end,Germanic,24,6.6549,30
A,6104,200015872,enormous,Latinate,38,7.8203,30
A,6104,200015872,enough,Germanic,44,7.1937,30
A,6104,200015872,entire,Latinate,45,10.7833,30
A,6104,200015872,error,Latinate,34,9.1036,30
A,6104,200015872,fast,Germanic,42,9.7865,30
A,6104,200015872,final,Latinate,59,9.9615,30
A,6104,200015872,find,Germanic,20,7.6644,30
A,6104,200015872,first,Germanic,52,9.1099,30
A,6104,200015872,fortunate,Latinate,54,9.9423,30
A,6104,200015872,frequently,Latinate,63,11.6341,30
A,6104,200015872,get,Germanic,1,4.9949,30
A,6104,200015872,gigantic,Latinate,39,13.0537,30
A,6104,200015872,give,Germanic,5,7.6442,30
A,6104,200015872,hard,Germanic,43,9.2076,30
A,6104,200015872,have,Germanic,23,4.4052,30
A,6104,200015872,help,Germanic,8,6.8710,30
A,6104,200015872,hide,Germanic,19,10.3824,30
A,6104,200015872,home,Germanic,33,8.2202,30
A,6104,200015872,however,Latinate,60,11.3336,30
A,6104,200015872,huge,Germanic,38,10.4180,30
A,6104,200015872,ill,Latinate,57,8.4421,30
A,6104,200015872,illness,Latinate,35,9.8377,30
A,6104,200015872,immense,Latinate,40,10.9489,30
A,6104,200015872,infant,Latinate,31,13.5206,30
A,6104,200015872,initial,Latinate,52,12.4544,30
A,6104,200015872,inquire,Latinate,16,10.3161,30
A,6104,200015872,keep,Germanic,28,8.0439,30
A,6104,200015872,last,Germanic,59,8.8403,30
A,6104,200015872,leave,Germanic,12,9.9497,30
A,6104,200015872,let,Germanic,13,9.5199,30
A,6104,200015872,lucky,Germanic,54,10.5488,30
A,6104,200015872,maintain,Latinate,29,10.6994,30
A,6104,200015872,many,Germanic,46,7.1663,30
A,6104,200015872,massive,Latinate,41,12.4719,30
A,6104,200015872,maybe,Germanic,62,11.9729,30
A,6104,200015872,mend,Germanic,22,16.7269,30
A,6104,200015872,mistake,Germanic,34,4.6695,30
A,6104,200015872,more,Germanic,48,8.7663,30
A,6104,200015872,multiple,Latinate,47,12.5976,30
A,6104,200015872,need,Germanic,3,7.0106,30
A,6104,200015872,next,Germanic,53,9.3497,30
A,6104,200015872,now,Germanic,66,9.1404,30
A,6104,200015872,numerous,Latinate,46,11.5779,30
A,6104,200015872,observe,Latinate,26,11.3695,30
A,6104,200015872,obtain,Latinate,2,7.5126,30
A,6104,200015872,occasionally,Latinate,65,12.1499,30
A,6104,200015872,odd,Germanic,55,10.1711,30
A,6104,200015872,often,Germanic,63,9.0601,30
A,6104,200015872,old,Germanic,49,8.2704,30
A,6104,200015872,peculiar,Latinate,56,12.0737,30
A,6104,200015872,perform,Latinate,30,9.8613,30
A,6104,200015872,perhaps,Latinate,62,11.2803,30
A,6104,200015872,permit,Latinate,13,10.0443,30
A,6104,200015872,possess,Latinate,23,9.6424,30
A,6104,200015872,previous,Latinate,50,10.1144,30
A,6104,200015872,previously,Latinate,64,9.0160,30
A,6104,200015872,prior,Latinate,51,10.3419,30
A,6104,200015872,provide,Latinate,5,8.4076,30
A,6104,200015872,purchase,Latinate,11,12.3710,30
A,6104,200015872,rapid,Latinate,42,10.0720,30
A,6104,200015872,receive,Latinate,6,9.7092,30
A,6104,200015872,remain,Latinate,27,12.4664,30
A,6104,200015872,remainder,Latinate,36,13.5456,30
A,6104,200015872,repair,Latinate,22,11.7511,30
A,6104,200015872,reply,Latinate,17,10.1081,30
A,6104,200015872,request,Latinate,15,10.7039,30
A,6104,200015872,require,Latinate,3,10.4743,30
A,6104,200015872,residence,Latinate,33,13.0960,30
A,6104,200015872,respond,Latinate,18,11.6836,30
A,6104,200015872,rest,Germanic,36,5.0191,30
A,6104,200015872,retain,Latinate,28,13.1142,30
A,6104,200015872,safe,Germanic,58,9.6210,30
A,6104,200015872,secure,Latinate,58,11.0773,30
A,6104,200015872,see,Germanic,26,5.5680,30
A,6104,200015872,select,Latinate,21,12.1338,30
A,6104,200015872,shall,Latinate,67,7.4163,30
A,6104,200015872,show,Germanic,10,9.3380,30
A,6104,200015872,sick,Germanic,57,12.7772,30
A,6104,200015872,sickness,Germanic,35,11.6889,30
A,6104,200015872,so,Germanic,61,6.9201,30
A,6104,200015872,sometimes,Germanic,65,11.6086,30
A,6104,200015872,start,Germanic,25,8.5936,30
A,6104,200015872,stay,Germanic,27,8.5187,30
A,6104,200015872,strange,Latinate,55,10.9515,30
A,6104,200015872,subsequent,Latinate,53,12.9022,30
A,6104,200015872,sufficient,Latinate,44,11.5878,30
A,6104,200015872,therefore,Latinate,61,9.5304,30
A,6104,200015872,try,Germanic,7,7.0809,30
A,6104,200015872,understand,Germanic,0,7.9691,30
A,6104,200015872,want,Germanic,4,6.3460,30
A,6104,200015872,whole,Germanic,45,7.1693,30
A,6104,200015872,will,Germanic,67,7.4780,30
A,7629,249987072,acquire,Latinate,1,12.1064,18
A,7629,249987072,additional,Latinate,48,10.2981,30
A,7629,249987072,allow,Latinate,14,9.0881,30
A,7629,249987072,ancient,Latinate,49,9.2212,30
A,7629,249987072,answer,Germanic,17,8.7534,30
A,7629,249987072,ask,Germanic,15,7.3951,30
A,7629,249987072,assist,Latinate,8,10.7981,30
A,7629,249987072,assistance,Latinate,37,9.8015,30
A,7629,249987072,attempt,Latinate,7,9.9365,30
A,7629,249987072,baby,Germanic,31,9.7147,30
A,7629,249987072,before,Germanic,64,9.3058,30
A,7629,249987072,beverage,Latinate,32,21.1371,11
A,7629,249987072,build,Germanic,9,9.0044,30
A,7629,249987072,but,Germanic,60,4.3775,30
A,7629,249987072,buy,Germanic,11,9.7851,30
A,7629,249987072,choose,Germanic,21,13.0466,30
A,7629,249987072,commence,Latinate,25,13.8157,14
A,7629,249987072,comprehend,Latinate,0,12.4062,19
A,7629,249987072,conceal,Latinate,19,12.4940,30
A,7629,249987072,conclude,Latinate,24,14.2037,15
A,7629,249987072,construct,Latinate,9,13.2525,18
A,7629,249987072,currently,Latinate,66,11.9462,30
A,7629,249987072,demonstrate,Latinate,10,11.7536,30
A,7629,249987072,depart,Latinate,12,9.4276,30
A,7629,249987072,desire,Latinate,4,9.0634,30
A,7629,249987072,difficult,Latinate,43,5.7284,30
A,7629,249987072,discover,Latinate,20,10.4585,30
A,7629,249987072,do,Germanic,30,5.8173,30
A,7629,249987072,drink,Germanic,32,10.6465,30
A,7629,249987072,earlier,Germanic,50,10.5949,30
A,7629,249987072,end,Germanic,24,6.8186,30
A,7629,249987072,enormous,Latinate,38,7.2091,30
A,7629,249987072,enough,Germanic,44,7.0316,30
A,7629,249987072,entire,Latinate,45,10.0574,30
A,7629,249987072,error,Latinate,34,8.9430,30
A,7629,249987072,fast,Germanic,42,9.8034,30
A,7629,249987072,final,Latinate,59,9.7319,30
A,7629,249987072,find,Germanic,20,7.1033,30
A,7629,249987072,first,Germanic,52,9.4003,30
A,7629,249987072,fortunate,Latinate,54,9.5496,30
A,7629,249987072,frequently,Latinate,63,11.1479,30
A,7629,249987072,get,Germanic,1,5.5120,30
A,7629,249987072,gigantic,Latinate,39,13.1298,30
A,7629,249987072,give,Germanic,5,8.0582,30
A,7629,249987072,hard,Germanic,43,9.5624,30
A,7629,249987072,have,Germanic,23,4.3876,30
A,7629,249987072,help,Germanic,8,7.5853,30
A,7629,249987072,hide,Germanic,19,9.8800,30
A,7629,249987072,home,Germanic,33,8.4366,30
A,7629,249987072,however,Latinate,60,11.6249,30
A,7629,249987072,huge,Germanic,38,10.2151,30
A,7629,249987072,ill,Latinate,57,8.2575,30
A,7629,249987072,illness,Latinate,35,9.8927,30
A,7629,249987072,immense,Latinate,40,10.8518,30
A,7629,249987072,infant,Latinate,31,13.9512,30
A,7629,249987072,initial,Latinate,52,12.0648,30
A,7629,249987072,inquire,Latinate,16,10.2767,30
A,7629,249987072,keep,Germanic,28,8.2449,30
A,7629,249987072,last,Germanic,59,8.9471,30
A,7629,249987072,leave,Germanic,12,10.0372,30
A,7629,249987072,let,Germanic,13,9.2013,30
A,7629,249987072,lucky,Germanic,54,10.2908,30
A,7629,249987072,maintain,Latinate,29,11.1042,30
A,7629,249987072,many,Germanic,46,7.1435,30
A,7629,249987072,massive,Latinate,41,12.8777,30
A,7629,249987072,maybe,Germanic,62,11.7905,30
A,7629,249987072,mend,Germanic,22,18.2054,30
A,7629,249987072,mistake,Germanic,34,5.0370,30
A,7629,249987072,more,Germanic,48,8.4811,30
A,7629,249987072,multiple,Latinate,47,12.0663,30
A,7629,249987072,need,Germanic,3,6.4450,30
A,7629,249987072,next,Germanic,53,9.0996,30
A,7629,249987072,now,Germanic,66,9.5722,30
A,7629,249987072,numerous,Latinate,46,11.5286,30
A,7629,249987072,observe,Latinate,26,11.5208,30
A,7629,249987072,obtain,Latinate,2,7.2548,30
A,7629,249987072,occasionally,Latinate,65,12.8452,30
A,7629,249987072,odd,Germanic,55,9.9891,30
A,7629,249987072,often,Germanic,63,8.9008,30
A,7629,249987072,old,Germanic,49,8.0742,30
A,7629,249987072,peculiar,Latinate,56,12.0435,30
A,7629,249987072,perform,Latinate,30,9.6399,30
A,7629,249987072,perhaps,Latinate,62,11.4093,30
A,7629,249987072,permit,Latinate,13,10.2727,30
A,7629,249987072,possess,Latinate,23,9.4730,30
A,7629,249987072,previous,Latinate,50,9.9486,30
A,7629,249987072,previously,Latinate,64,8.3497,30
A,7629,249987072,prior,Latinate,51,10.3172,30
A,7629,249987072,provide,Latinate,5,8.4831,30
A,7629,249987072,purchase,Latinate,11,12.4781,30
A,7629,249987072,rapid,Latinate,42,9.0928,30
A,7629,249987072,receive,Latinate,6,10.0050,30
A,7629,249987072,remain,Latinate,27,11.8575,30
A,7629,249987072,remainder,Latinate,36,12.1461,30
A,7629,249987072,repair,Latinate,22,11.6177,30
A,7629,249987072,reply,Latinate,17,9.8927,30
A,7629,249987072,request,Latinate,15,10.1695,30
A,7629,249987072,require,Latinate,3,10.3861,30
A,7629,249987072,residence,Latinate,33,12.2011,30
A,7629,249987072,respond,Latinate,18,12.3666,30
A,7629,249987072,rest,Germanic,36,5.3258,30
A,7629,249987072,retain,Latinate,28,13.2657,30
A,7629,249987072,safe,Germanic,58,9.7450,30
A,7629,249987072,secure,Latinate,58,10.7546,30
A,7629,249987072,see,Germanic,26,5.7895,30
A,7629,249987072,select,Latinate,21,11.5365,30
A,7629,249987072,shall,Latinate,67,7.2193,30
A,7629,249987072,show,Germanic,10,9.7666,30
A,7629,249987072,sick,Germanic,57,12.9084,30
A,7629,249987072,sickness,Germanic,35,10.5423,30
A,7629,249987072,so,Germanic,61,6.9023,30
A,7629,249987072,sometimes,Germanic,65,11.5678,30
A,7629,249987072,start,Germanic,25,8.9536,30
A,7629,249987072,stay,Germanic,27,8.0828,30
A,7629,249987072,strange,Latinate,55,11.2078,30
A,7629,249987072,subsequent,Latinate,53,11.4351,30
A,7629,249987072,sufficient,Latinate,44,11.5793,30
A,7629,249987072,therefore,Latinate,61,10.0453,30
A,7629,249987072,try,Germanic,7,6.9563,30
A,7629,249987072,understand,Germanic,0,8.1677,30
A,7629,249987072,want,Germanic,4,6.6782,30
A,7629,249987072,whole,Germanic,45,7.5508,30
A,7629,249987072,will,Germanic,67,7.4838,30
